year,life_expectancy,adult_mortality,infant_deaths,alcohol,percentage_expenditure,hepatitis_b,measles,bmi,under_five_deaths,polio,total_expenditure,diphtheria,hiv_aids,gdp,population,thinness_10_19_years,thinness_5_9_years,income_composition,schooling,country,status_developed
2000,54.8,321.0,4.48863636973214,0.01,2.4358004356800476,62.0,8.78462153484075,12.2,4.812184355372417,24.0,8.2,24.0,0.1,4.749789875598035,12.590508173943816,2.3,2.5,0.338,5.5,Afghanistan,0
2001,55.3,316.0,4.48863636973214,0.01,2.448824118055131,63.0,9.07829359105585,12.6,4.812184355372417,35.0,7.8,33.0,0.1,4.774887475018364,14.902881229093968,2.1,2.4,0.34,5.9,Afghanistan,0
2002,56.2,3.0,4.48863636973214,0.01,2.8840938099771143,64.0,7.818832443803404,13.0,4.812184355372417,36.0,7.76,36.0,0.1,5.240931603336766,16.905640049244962,19.9,2.2,0.341,6.2,Afghanistan,0
2003,56.7,295.0,4.477336814478207,0.01,2.4923003100268697,65.0,6.683360945766275,13.4,4.812184355372417,41.0,8.82,41.0,0.1,5.296959162606505,14.676225998668821,19.7,19.9,0.373,6.5,Afghanistan,0
2004,57.0,293.0,4.477336814478207,0.02,2.790923755376677,67.0,6.1463292576688975,13.8,4.795790545596741,5.0,8.79,5.0,0.1,5.394269852756704,16.998509640371857,19.5,19.7,0.381,6.8,Afghanistan,0
2005,57.3,291.0,4.454347296253507,0.02,0.8707274033063157,66.0,7.167809184316444,14.2,4.77912349311153,58.0,8.7,58.0,0.1,3.26934571655277,12.459935490503751,19.3,19.5,0.396,7.9,Afghanistan,0
2006,57.3,295.0,4.442651256490317,0.03,2.89985539625697,64.0,7.596392304064196,14.7,4.762173934797756,58.0,7.43,58.0,0.1,5.611534757389504,14.76691589213728,19.2,19.3,0.405,8.1,Afghanistan,0
2007,57.5,295.0,4.418840607796598,0.02,2.4773914798389645,63.0,7.040536390215956,15.2,4.736198448394496,63.0,6.73,63.0,0.1,5.9157593662491115,17.09705289034542,19.0,19.1,0.415,8.4,Afghanistan,0
2008,58.1,287.0,4.394449154672439,0.03,3.2911564990436903,64.0,7.3777589082278725,15.7,4.709530201312334,64.0,8.33,64.0,0.1,5.925220883173701,14.819604086905889,18.8,18.9,0.433,8.7,Afghanistan,0
2009,58.6,281.0,4.356708826689592,0.01,4.056334873695729,63.0,7.959275960116396,16.2,4.672828834461906,63.0,9.42,63.0,0.1,6.1023198589596435,12.557897848462941,18.6,18.7,0.434,8.9,Afghanistan,0
2010,58.8,279.0,4.31748811353631,0.01,4.39048287170673,66.0,7.595889917718538,16.7,4.634728988229636,66.0,9.2,66.0,0.1,6.317758265057453,14.87440024755543,18.4,18.4,0.448,9.2,Afghanistan,0
2011,59.2,275.0,4.276666119016055,0.01,2.091507047709576,68.0,8.01102337918644,17.2,4.584967478670572,68.0,7.87,68.0,0.1,4.16724228207777,14.906963949433905,18.2,18.2,0.454,9.5,Afghanistan,0
2012,59.5,272.0,4.248495242049359,0.01,4.371776977189467,67.0,7.933079771880415,17.6,4.543294782270004,67.0,8.52,67.0,0.1,6.508708032273233,15.123021147784241,17.9,18.0,0.463,9.8,Afghanistan,0
2013,59.9,268.0,4.204692619390966,0.01,4.307023452400663,64.0,6.066108090103747,18.1,4.499809670330265,62.0,8.13,64.0,0.1,6.450067459449026,17.272826392524035,17.7,17.7,0.47,9.9,Afghanistan,0
2014,59.9,271.0,4.174387269895637,0.01,4.311115607917084,62.0,6.20050917404269,18.6,4.465908118654584,58.0,8.18,62.0,0.1,6.419500529079097,12.699496737062693,17.5,17.5,0.476,10.0,Afghanistan,0
2015,65.0,263.0,4.143134726391533,0.01,4.280542258460885,65.0,7.051855622955894,19.1,4.430816798843313,6.0,8.16,65.0,0.1,6.372054843111785,17.33409074705403,17.2,17.3,0.479,10.1,Afghanistan,0
2000,72.6,11.0,0.6931471805599453,3.66,4.529492958027057,96.0,6.4967749901858625,45.0,0.6931471805599453,97.0,6.26,97.0,0.1,7.070544805715177,10.569469065023304,2.1,2.2,0.656,10.7,Albania,0
2001,73.6,14.0,0.6931471805599453,4.25,4.576828022375532,96.0,2.9444389791664403,46.0,0.6931471805599453,97.0,6.0,97.0,0.1,7.19140929218502,10.49609590771746,2.1,2.1,0.662,10.6,Albania,0
2002,73.3,15.0,0.6931471805599453,3.73,4.6588712784519215,96.0,2.833213344056216,46.9,0.6931471805599453,98.0,6.3,98.0,0.1,7.282515635372728,8.163940954755008,2.0,2.1,0.67,10.7,Albania,0
2003,72.8,18.0,0.6931471805599453,4.29,2.7548885455196648,97.0,2.1972245773362196,47.9,0.6931471805599453,97.0,6.27,97.0,0.1,5.250604795816188,12.73557379105924,1.9,2.0,0.674,10.7,Albania,0
2004,73.0,17.0,0.6931471805599453,4.54,5.406466590142783,99.0,2.0794415416798357,48.9,0.6931471805599453,98.0,6.38,97.0,0.1,7.790525725110208,12.6975319468052,1.8,1.9,0.681,10.9,Albania,0
2005,73.5,15.0,0.6931471805599453,5.16,3.3319588167807677,98.0,1.9459101490553132,49.9,0.6931471805599453,97.0,6.12,98.0,0.1,5.635299940781998,12.649116093193125,1.8,1.8,0.685,10.8,Albania,0
2006,74.2,99.0,0.6931471805599453,5.31,1.4591158739967494,98.0,4.23410650459726,5.8,0.6931471805599453,97.0,5.86,97.0,0.1,3.5871041704908206,14.911635756385875,1.7,1.8,0.696,11.4,Albania,0
2007,75.9,9.0,0.6931471805599453,5.58,3.50395107089853,98.0,3.1354942159291497,51.7,0.6931471805599453,99.0,6.1,98.0,0.1,5.897529758519371,10.299508201816293,1.6,1.7,0.703,11.6,Albania,0
2008,75.3,1.0,0.6931471805599453,5.61,3.6275908050833463,99.0,0.0,52.6,0.6931471805599453,99.0,5.87,99.0,0.1,6.083450222776355,14.896405144368723,1.6,1.6,0.713,12.0,Albania,0
2009,76.1,91.0,0.6931471805599453,5.79,5.855232229409847,98.0,0.0,53.5,0.6931471805599453,98.0,5.79,98.0,0.1,8.322427294820676,14.889666206198394,1.5,1.6,0.721,12.2,Albania,0
2010,76.2,91.0,0.6931471805599453,5.28,3.757069671326781,99.0,2.3978952727983707,54.3,0.6931471805599453,99.0,5.34,99.0,0.1,6.2052824130773905,12.582184463611044,1.4,1.5,0.725,12.5,Albania,0
2011,76.6,88.0,0.0,5.37,6.082360681148413,99.0,3.367295829986474,55.1,0.6931471805599453,99.0,5.71,99.0,0.1,8.397999364061072,12.595394821481149,1.4,1.5,0.738,13.3,Albania,0
2012,76.9,86.0,0.0,5.14,6.024520519106913,99.0,2.302585092994046,55.8,0.6931471805599453,99.0,5.59,99.0,0.1,8.35434818052441,7.9868449011613825,1.3,1.4,0.752,14.2,Albania,0
2013,77.2,84.0,0.0,4.76,6.068140775698127,99.0,0.0,56.5,0.6931471805599453,99.0,5.66,99.0,0.1,8.392926891245157,12.57623176793085,1.3,1.4,0.759,14.2,Albania,0
2014,77.5,8.0,0.0,4.51,6.063201472765545,98.0,0.0,57.2,0.6931471805599453,98.0,5.88,98.0,0.1,8.428747430626215,12.573887806186432,1.2,1.3,0.761,14.2,Albania,0
2015,77.8,74.0,0.0,4.6,5.902565649963353,99.0,0.0,58.0,0.0,99.0,6.0,99.0,0.1,8.282793484105197,10.27069681518976,1.2,1.3,0.762,14.2,Albania,0
2000,71.3,145.0,3.091042453358316,0.25,5.046362370576019,81.0,0.0,44.4,3.258096538021482,86.0,3.49,86.0,0.1,7.472033307478495,14.952820025329517,6.5,6.4,0.636,10.7,Algeria,0
2001,71.4,145.0,3.044522437723423,0.23,5.003852821038969,81.0,7.8961806086154915,45.3,3.2188758248682006,89.0,3.84,89.0,0.1,7.4581042502953085,17.268419356588552,6.4,6.3,0.644,10.9,Algeria,0
2002,71.6,145.0,3.044522437723423,0.36,5.007376552159703,81.0,8.676416696964216,46.1,3.1780538303479458,86.0,3.73,86.0,0.1,7.481745390959664,14.978519795249039,6.3,6.2,0.653,11.1,Algeria,0
2003,71.7,146.0,3.044522437723423,0.34,3.258808692071887,81.0,9.640498092674719,47.0,3.1780538303479458,87.0,3.6,87.0,0.1,5.688112201411935,14.992168176258437,6.3,6.1,0.663,11.5,Algeria,0
2004,72.3,14.0,2.995732273553991,0.45,5.3999425600682835,81.0,8.098642843759418,47.9,3.1780538303479458,86.0,3.54,86.0,0.1,7.863259916294093,15.004328200775426,6.2,6.1,0.673,11.7,Algeria,0
2005,72.9,136.0,2.995732273553991,0.5,1.266644108986823,83.0,7.741967899820685,48.9,3.1354942159291497,88.0,3.24,88.0,0.1,3.4695529212073555,17.320720687453086,6.1,6.0,0.68,12.0,Algeria,0
2006,73.4,132.0,3.044522437723423,0.36,5.603004761160019,8.0,6.851184927493743,49.8,3.1780538303479458,95.0,3.36,95.0,0.1,8.150646221844118,17.335317774131166,6.1,6.0,0.686,12.3,Algeria,0
2007,73.8,129.0,3.044522437723423,0.44,5.772449723667242,9.0,0.0,5.8,3.1780538303479458,95.0,3.82,95.0,0.1,8.277966838134029,10.445143015094558,6.0,5.9,0.69,12.3,Algeria,0
2008,74.1,126.0,3.044522437723423,0.46,3.7861688861783276,91.0,5.384495062789089,51.8,3.1780538303479458,92.0,4.2,93.0,0.1,6.207089637494888,15.064470876972422,6.0,5.9,0.697,12.6,Algeria,0
2009,74.4,123.0,3.044522437723423,0.5,5.866648329351803,94.0,4.68213122712422,52.8,3.1780538303479458,94.0,5.36,95.0,0.1,8.26096617525377,15.08149347093518,6.0,5.9,0.705,13.1,Algeria,0
2010,74.7,119.0,3.091042453358316,0.45,6.067771638586006,95.0,4.6443908991413725,53.9,3.2188758248682006,95.0,5.12,95.0,0.1,8.403888913011384,17.402291891240836,5.9,5.8,0.714,13.6,Algeria,0
2011,74.9,116.0,3.091042453358316,0.56,6.23441472669076,95.0,4.727387818712341,55.0,3.2188758248682006,95.0,5.29,95.0,0.1,8.600293183905098,17.421539756511166,5.9,5.8,0.724,14.0,Algeria,0
2012,75.1,113.0,3.091042453358316,0.66,6.32243252627382,95.0,2.9444389791664403,56.1,3.2188758248682006,95.0,6.14,95.0,0.1,8.624400619281232,17.441605897735318,5.9,5.8,0.732,14.4,Algeria,0
2013,75.3,112.0,3.091042453358316,0.53,6.301612504587525,95.0,3.258096538021482,57.2,3.2188758248682006,95.0,7.12,95.0,0.1,8.607557846977695,17.46196681444118,5.9,5.8,0.737,14.4,Algeria,0
2014,75.4,11.0,3.091042453358316,0.01,4.01163878101945,95.0,0.0,58.4,3.2188758248682006,95.0,7.21,95.0,0.1,6.307828277513971,17.481973478503658,6.0,5.8,0.741,14.4,Algeria,0
2015,75.6,19.0,3.091042453358316,0.01,0.0,95.0,4.1588830833596715,59.5,3.2188758248682006,95.0,7.21,95.0,0.1,8.3269433897825,17.501173068258527,6.0,5.8,0.743,14.4,Algeria,0
2000,45.3,48.0,4.584967478670572,1.85,2.8262179058750525,73.0,7.705262474866325,15.4,5.081404364984463,3.0,2.79,28.0,2.0,6.321302219852404,14.313205348437064,1.9,1.9,0.382,4.6,Angola,0
2001,45.7,44.0,4.584967478670572,2.58,3.4455311696510735,73.0,9.110188490025742,15.8,5.075173815233827,41.0,5.38,38.0,2.1,6.267520692735661,16.64773912316728,1.7,1.7,0.391,5.1,Angola,0
2002,46.5,391.0,4.574710978503383,2.82,3.2203923543558357,73.0,9.388151773292252,16.3,5.062595033026967,37.0,3.63,41.0,2.3,6.568333097950245,16.68185427406064,1.5,1.5,0.401,5.5,Angola,0
2003,46.8,388.0,4.564348191467836,3.49,3.6091187602749266,73.0,7.087573705557973,16.8,5.049856007249537,4.0,4.41,4.0,2.4,6.659894195892075,14.41619699521707,1.4,1.3,0.406,5.9,Angola,0
2004,47.1,386.0,4.553876891600541,3.53,2.2891733057069223,73.0,3.4011973816621555,17.2,5.030437921392435,4.0,4.71,4.0,2.5,4.961924206800165,16.752856917549373,1.2,1.1,0.415,6.4,Angola,0
2005,47.4,382.0,4.532599493153256,5.04,4.59705183285554,73.0,5.556828061699537,17.7,5.003946305945459,39.0,4.1,38.0,2.6,7.275859015063806,16.78861591266275,1.0,9.9,0.426,6.8,Angola,0
2006,47.7,381.0,4.51085950651685,5.84,3.2614328218169044,73.0,6.641182169740591,18.2,4.969813299576001,36.0,4.54,34.0,2.5,5.57373130094313,14.631936754684391,9.8,9.7,0.439,7.2,Angola,0
2007,48.2,375.0,4.477336814478207,6.35,5.224785699221859,73.0,6.922643891475888,18.8,4.9344739331306915,75.0,3.38,73.0,2.6,7.965489024308915,14.9133518828495,9.6,9.6,0.454,7.7,Angola,0
2008,48.7,371.0,4.442651256490317,7.07,5.525095089453854,69.0,5.583496308781699,19.3,4.897839799950911,65.0,3.84,69.0,2.6,8.260900964340689,14.592972691761938,9.5,9.4,0.468,8.1,Angola,0
2009,49.1,369.0,4.406719247264253,7.01,5.365615821655336,61.0,7.940227765145702,19.8,4.852030263919617,63.0,4.37,6.0,2.5,8.116370744459195,16.931225579366174,9.3,9.2,0.48,8.5,Angola,0
2010,49.6,365.0,4.3694478524670215,7.8,5.260894487961259,77.0,7.0825485693553,2.4,4.804021044733257,81.0,3.39,77.0,2.5,8.169204645533457,16.9669265641907,9.1,9.0,0.488,9.0,Angola,0
2011,51.0,361.0,4.330733340286331,8.06,5.4843461767283666,72.0,7.27931883541462,21.0,4.7535901911063645,73.0,3.38,71.0,2.5,8.366400275651035,17.00263008706968,8.9,8.8,0.495,9.4,Angola,0
2012,56.0,358.0,4.290459441148391,8.24,5.549552719535908,75.0,8.402679804627477,21.5,4.709530201312334,75.0,3.3,75.0,2.6,8.433648523096771,12.466958895194791,8.8,8.6,0.508,10.3,Angola,0
2013,51.1,355.0,4.248495242049359,8.1,3.609797631038728,77.0,9.050640993218508,22.1,4.663439094112067,67.0,4.26,77.0,2.3,6.185420008498344,14.77095853943948,8.6,8.5,0.523,11.4,Angola,0
2014,51.7,348.0,4.219507705176107,8.33,3.21749935797215,64.0,9.367344120785848,22.7,4.624972813284271,68.0,3.31,64.0,2.0,6.17443639241852,14.805968431670163,8.5,8.3,0.527,11.4,Angola,0
2015,52.4,335.0,4.204692619390966,8.33,0.0,64.0,4.77912349311153,23.3,4.59511985013459,7.0,3.31,64.0,1.9,8.215221168362245,14.840094461055156,8.3,8.2,0.531,11.4,Angola,0
2000,73.6,156.0,0.0,7.27,7.0288603195538855,96.0,0.0,38.2,0.0,96.0,4.13,95.0,0.1,9.19787922700169,14.149783234468618,3.7,3.6,0.0,0.0,Antigua and Barbuda,0
2001,73.8,154.0,0.0,7.51,5.10453658976805,96.0,0.0,38.9,0.0,99.0,4.48,97.0,0.1,9.144110198080574,14.149783234468618,3.6,3.5,0.0,0.0,Antigua and Barbuda,0
2002,74.0,153.0,0.0,7.21,6.833470844875305,99.0,0.0,39.5,0.0,93.0,4.41,98.0,0.1,9.147157353276612,14.149783234468618,3.6,3.5,0.0,0.0,Antigua and Barbuda,0
2003,74.2,151.0,0.0,7.16,7.055369148053145,99.0,0.0,4.1,0.0,99.0,4.53,99.0,0.1,9.184081152798269,14.149783234468618,3.5,3.5,0.0,0.0,Antigua and Barbuda,0
2004,74.4,149.0,0.0,7.28,3.172327133241203,97.0,0.0,4.8,0.0,97.0,4.21,97.0,0.1,7.210698357634711,14.149783234468618,3.5,3.4,0.0,0.0,Antigua and Barbuda,0
2005,74.6,147.0,0.0,8.15,7.283865851704862,99.0,0.0,41.4,0.0,98.0,4.41,99.0,0.1,9.33899203619325,14.149783234468618,3.5,3.4,0.0,0.0,Antigua and Barbuda,0
2006,74.8,145.0,0.0,8.93,5.381346506237099,99.0,0.0,42.0,0.0,99.0,4.34,99.0,0.1,9.451354785537198,14.149783234468618,3.4,3.4,0.773,14.7,Antigua and Barbuda,0
2007,75.0,144.0,0.0,8.64,5.556698828638881,97.0,0.0,42.6,0.0,98.0,4.27,99.0,0.1,9.564743353361457,14.149783234468618,3.4,3.3,0.781,14.5,Antigua and Barbuda,0
2008,75.2,142.0,0.0,8.27,5.202776642420411,98.0,0.0,43.2,0.0,99.0,4.69,99.0,0.1,7.295951623248969,14.149783234468618,3.4,3.3,0.786,14.4,Antigua and Barbuda,0
2009,75.4,14.0,0.0,7.82,5.013024008844174,98.0,0.0,43.8,0.0,98.0,4.86,99.0,0.1,7.180425424187216,14.149783234468618,3.4,3.3,0.788,14.2,Antigua and Barbuda,0
2010,75.6,138.0,0.0,7.84,7.593352498679419,98.0,0.0,44.4,0.0,99.0,5.63,98.0,0.1,9.403261895099131,14.149783234468618,3.3,3.3,0.783,14.1,Antigua and Barbuda,0
2011,75.7,136.0,0.0,7.84,7.502117674080872,99.0,0.0,45.1,0.0,99.0,5.65,99.0,0.1,9.386840844921688,14.149783234468618,3.3,3.3,0.782,14.1,Antigua and Barbuda,0
2012,75.9,134.0,0.0,8.18,7.676580197040668,98.0,0.0,45.7,0.0,97.0,5.39,98.0,0.2,9.438785204236783,14.149783234468618,3.3,3.3,0.778,13.8,Antigua and Barbuda,0
2013,76.1,133.0,0.0,8.58,7.597110465009863,99.0,0.0,46.4,0.0,98.0,5.33,99.0,0.2,9.411308999779358,14.149783234468618,3.3,3.3,0.781,13.9,Antigua and Barbuda,0
2014,76.2,131.0,0.0,8.56,7.793174253954877,99.0,0.0,47.0,0.0,96.0,5.54,99.0,0.2,9.46415253044146,14.149783234468618,3.3,3.3,0.782,13.9,Antigua and Barbuda,0
2015,76.4,13.0,0.0,8.56,0.0,99.0,0.0,47.7,0.0,86.0,5.54,99.0,0.2,9.515465975066057,14.149783234468618,3.3,3.3,0.784,13.9,Antigua and Barbuda,0
2000,74.1,137.0,2.5649493574615367,7.68,7.207878598664527,66.0,1.9459101490553132,54.0,2.70805020110221,88.0,9.21,83.0,0.1,8.945107606370296,15.139251892214338,1.2,1.1,0.764,15.0,Argentina,0
2001,74.0,138.0,2.5649493574615367,7.76,4.820385327157105,66.0,0.0,54.6,2.6390573296152584,85.0,9.38,83.0,0.1,6.577436613844461,15.136508777691498,1.2,1.1,0.771,15.6,Argentina,0
2002,74.1,138.0,2.5649493574615367,7.81,6.1552548613660285,66.0,0.0,55.1,2.6390573296152584,94.0,8.31,93.0,0.1,7.855619546430775,15.147596326710355,1.2,1.0,0.776,16.3,Argentina,0
2003,74.1,137.0,2.4849066497880004,7.62,4.070473118347059,73.0,0.0,55.7,2.6390573296152584,95.0,8.22,96.0,0.1,5.812450315081009,15.160821453194776,1.2,1.0,0.77,16.4,Argentina,0
2004,74.7,13.0,2.4849066497880004,7.63,6.579759943278847,81.0,0.0,56.3,2.5649493574615367,91.0,6.84,98.0,0.1,8.355279807479912,17.472091407754323,1.1,1.0,0.775,16.3,Argentina,0
2005,74.9,127.0,2.4849066497880004,7.53,4.576426354754442,88.0,0.0,56.9,2.5649493574615367,95.0,6.85,98.0,0.1,6.359372860582331,17.482795750262987,1.1,1.0,0.78,16.3,Argentina,0
2006,75.2,127.0,2.4849066497880004,7.75,6.869198911406456,84.0,0.0,57.5,2.5649493574615367,92.0,6.68,91.0,0.1,8.679271439728321,15.19071616547364,1.1,0.9,0.782,16.1,Argentina,0
2007,74.8,129.0,2.3978952727983707,8.16,7.009100873519826,85.0,0.0,58.0,2.5649493574615367,92.0,6.49,91.0,0.1,8.881088475449316,15.201110928328278,1.1,0.9,0.788,16.3,Argentina,0
2008,75.4,126.0,2.3978952727983707,8.41,7.254697817330266,9.0,0.0,58.6,2.4849066497880004,94.0,6.66,93.0,0.1,9.099895762521296,15.293104795633656,1.0,0.9,0.792,16.3,Argentina,0
2009,75.6,126.0,2.3978952727983707,8.33,7.243543440963352,94.0,1.3862943611198906,59.2,2.4849066497880004,97.0,7.63,94.0,0.1,9.007289805310181,13.08143304368226,1.0,0.9,0.794,16.5,Argentina,0
2010,75.5,121.0,2.3978952727983707,8.15,5.239686454408513,94.0,2.8903717578961645,59.8,2.4849066497880004,95.0,6.55,94.0,0.1,7.152476352123157,17.534528500638103,1.0,0.9,0.802,16.8,Argentina,0
2011,75.7,12.0,2.302585092994046,8.11,7.316767064853229,91.0,1.3862943611198906,6.4,2.3978952727983707,93.0,5.89,91.0,0.1,9.451558281518993,17.544977099009838,1.0,0.9,0.816,17.1,Argentina,0
2012,75.9,12.0,2.302585092994046,8.35,7.033998429400421,91.0,1.0986122886681098,61.0,2.3978952727983707,99.0,5.2,91.0,0.1,9.47045373583578,15.273367153595794,1.0,0.9,0.822,17.2,Argentina,0
2013,76.0,119.0,2.1972245773362196,8.28,6.9105477085191716,94.0,0.0,61.6,2.3978952727983707,99.0,4.99,94.0,0.1,9.470982879686202,17.565953628195594,1.0,0.9,0.823,17.3,Argentina,0
2014,76.2,118.0,2.1972245773362196,7.93,6.743318919802188,94.0,0.6931471805599453,62.2,2.302585092994046,92.0,4.79,94.0,0.1,9.412975573350558,17.576280720776225,1.0,0.9,0.825,17.3,Argentina,0
2015,76.3,116.0,2.1972245773362196,7.93,0.0,94.0,0.0,62.8,2.302585092994046,93.0,4.79,94.0,0.1,9.508080957548032,17.58637927014651,1.0,0.9,0.826,17.3,Argentina,0
2000,72.0,142.0,0.6931471805599453,2.9,3.519166134294296,55.0,2.772588722239781,47.1,0.6931471805599453,96.0,6.25,93.0,0.1,6.435738020064267,12.82014685640201,2.1,2.2,0.639,11.2,Armenia,0
2001,72.6,141.0,0.6931471805599453,2.86,3.9925652213112977,69.0,4.248495242049359,47.4,0.6931471805599453,97.0,5.94,94.0,0.1,6.544537720168012,10.481672714626391,2.1,2.1,0.644,11.1,Armenia,0
2002,72.6,134.0,0.6931471805599453,2.86,4.063509064533305,91.0,3.713572066704308,47.8,0.6931471805599453,96.0,5.4,94.0,0.1,6.664742764396565,12.718590836096496,2.1,2.1,0.645,10.8,Armenia,0
2003,72.7,134.0,0.6931471805599453,3.03,2.12124223487826,93.0,1.6094379124341003,48.1,0.6931471805599453,96.0,5.56,94.0,0.1,4.5450608463285,10.366812680153265,2.0,2.1,0.657,10.8,Armenia,0
2004,73.0,132.0,0.6931471805599453,3.81,4.592499019159473,91.0,7.486613313139955,48.4,0.6931471805599453,93.0,5.5,91.0,0.1,7.084194502057882,8.19229373114764,2.0,2.1,0.668,10.9,Armenia,0
2005,73.0,137.0,0.6931471805599453,4.25,3.0548606367689115,91.0,7.732807530422021,48.8,0.6931471805599453,92.0,5.25,9.0,0.1,7.405348781288232,14.907856587910857,2.0,2.1,0.679,10.9,Armenia,0
2006,72.9,141.0,0.6931471805599453,4.01,5.503440630190707,78.0,4.927253685157205,49.2,0.6931471805599453,87.0,4.58,87.0,0.1,7.677538910967633,10.295056555452181,2.0,2.1,0.692,11.2,Armenia,0
2007,73.5,132.0,0.6931471805599453,3.99,3.8192978740252537,85.0,0.6931471805599453,49.7,0.6931471805599453,9.0,4.31,88.0,0.1,8.051942186538431,12.589145576349859,2.0,2.1,0.707,11.7,Armenia,0
2008,73.2,14.0,0.6931471805599453,3.96,1.3581258012933668,89.0,0.0,5.1,0.6931471805599453,91.0,3.8,89.0,0.1,3.744076904855239,10.303035186880255,2.0,2.1,0.721,12.3,Armenia,0
2009,73.3,137.0,0.6931471805599453,3.96,5.309185820846361,93.0,0.0,5.7,0.6931471805599453,94.0,4.55,93.0,0.1,8.004643592792524,14.876277320808745,2.0,2.1,0.725,11.9,Armenia,0
2010,73.5,132.0,0.6931471805599453,4.23,5.417526945984604,94.0,1.0986122886681098,51.2,0.6931471805599453,96.0,4.56,94.0,0.1,8.076944587489136,14.872367082952037,2.0,2.1,0.72,12.3,Armenia,0
2011,73.9,128.0,0.6931471805599453,4.09,5.568330696795552,95.0,0.0,51.9,0.6931471805599453,96.0,3.71,95.0,0.1,8.168480221812706,14.87176564650904,2.0,2.1,0.729,12.7,Armenia,0
2012,74.4,121.0,0.6931471805599453,3.89,5.617326211198904,95.0,0.0,52.6,0.6931471805599453,96.0,4.48,95.0,0.1,8.212255927396892,14.873968337627431,2.0,2.1,0.732,12.7,Armenia,0
2013,74.4,123.0,0.6931471805599453,3.79,5.636320863049348,95.0,2.3978952727983707,53.3,0.6931471805599453,96.0,4.55,95.0,0.1,8.254422559772788,12.57542686662598,2.1,2.1,0.736,12.7,Armenia,0
2014,74.6,12.0,0.6931471805599453,3.91,5.692413809919565,93.0,2.6390573296152584,54.1,0.6931471805599453,95.0,4.48,93.0,0.1,8.292977153944294,10.29630636560997,2.1,2.1,0.739,12.7,Armenia,0
2015,74.8,118.0,0.6931471805599453,3.91,0.0,94.0,3.5263605246161616,54.9,0.6931471805599453,96.0,4.48,94.0,0.1,5.915271106491181,12.583467443043245,2.1,2.2,0.741,12.7,Armenia,0
2000,79.5,78.0,0.6931471805599453,10.17,5.852740725698742,94.0,4.6913478822291435,58.2,1.0986122886681098,9.0,8.8,9.0,0.1,7.682906780455265,9.860266850081565,0.7,0.7,0.897,20.4,Australia,1
2001,79.9,75.0,0.6931471805599453,9.53,8.027901096072396,94.0,4.955827057601261,59.0,1.0986122886681098,91.0,8.18,92.0,0.1,9.879135518042451,9.873749734272172,0.7,0.7,0.899,20.5,Australia,1
2002,79.9,73.0,0.6931471805599453,9.84,3.858351768079221,95.0,3.4965075614664802,59.6,1.0986122886681098,92.0,8.39,92.0,0.1,5.644802272956251,12.188494043255881,0.7,0.7,0.902,20.1,Australia,1
2003,83.0,71.0,0.6931471805599453,9.97,8.25076391726074,95.0,4.5217885770490405,6.3,0.6931471805599453,92.0,8.32,93.0,0.1,10.063324275707428,12.200833947481971,0.7,0.7,0.905,20.6,Australia,1
2004,86.0,69.0,0.6931471805599453,9.84,6.379390694592229,95.0,4.2626798770413155,6.9,0.6931471805599453,92.0,8.57,92.0,0.1,8.152883396031644,9.965287953441575,0.7,0.6,0.908,20.7,Australia,1
2005,81.0,67.0,0.6931471805599453,10.3,6.3632576697743275,95.0,2.3978952727983707,61.5,1.0986122886681098,92.0,8.45,92.0,0.1,8.136727428363427,10.083681848313908,0.7,0.6,0.91,20.3,Australia,1
2006,81.2,66.0,0.6931471805599453,10.31,8.730377233782361,95.0,0.0,62.0,1.0986122886681098,92.0,8.49,92.0,0.1,10.494582179261252,10.202851129761747,0.7,0.6,0.915,20.3,Australia,1
2007,81.3,66.0,0.6931471805599453,10.56,6.772621012956407,94.0,2.4849066497880004,62.5,1.0986122886681098,92.0,8.53,92.0,0.1,8.515788783697221,10.249804032346637,0.7,0.6,0.918,19.0,Australia,1
2008,81.3,66.0,0.6931471805599453,10.76,9.053486817655761,94.0,4.189654742026425,62.9,0.6931471805599453,92.0,8.78,92.0,0.1,10.813069539017334,12.266664325627566,0.7,0.6,0.921,19.1,Australia,1
2009,81.7,66.0,0.6931471805599453,10.62,8.878117625528336,94.0,4.653960350157523,63.4,0.6931471805599453,92.0,9.5,92.0,0.1,10.662984089774609,12.287274680923556,0.7,0.6,0.925,19.1,Australia,1
2010,81.9,64.0,0.6931471805599453,10.52,9.091194889072415,92.0,4.2626798770413155,63.9,0.6931471805599453,92.0,9.2,92.0,0.1,10.85660860438734,12.315715976826143,0.7,0.6,0.927,19.5,Australia,1
2011,82.0,63.0,0.6931471805599453,10.3,9.30449217839777,92.0,5.25227342804663,64.4,0.6931471805599453,92.0,9.2,92.0,0.1,11.038851627654447,12.316831066249593,0.6,0.6,0.927,19.8,Australia,1
2012,82.3,61.0,0.6931471805599453,10.03,9.368710586745841,91.0,5.298317366548036,65.0,0.6931471805599453,92.0,9.36,92.0,0.1,11.12252582223859,16.939119422094194,0.6,0.6,0.93,20.1,Australia,1
2013,82.5,61.0,0.6931471805599453,9.87,9.370403863201267,91.0,5.0689042022202315,65.5,0.6931471805599453,91.0,9.36,91.0,0.1,11.124219218364104,16.956094148852184,0.6,0.6,0.933,20.3,Australia,1
2014,82.7,6.0,0.6931471805599453,9.71,9.284553478960188,91.0,5.831882477283517,66.1,0.6931471805599453,92.0,9.42,92.0,0.1,11.038362517008984,14.668518513256863,0.6,0.6,0.936,20.4,Australia,1
2015,82.8,59.0,0.6931471805599453,9.71,0.0,93.0,4.31748811353631,66.6,0.6931471805599453,93.0,9.42,93.0,0.1,10.942975748447434,16.984748097109613,0.6,0.6,0.937,20.4,Australia,1
2000,78.1,96.0,0.0,13.2,8.177081883359206,33.0,0.0,5.1,0.0,71.0,1.6,81.0,0.1,10.107173728907705,13.606722225683285,1.7,1.9,0.833,15.4,Austria,1
2001,78.6,92.0,0.0,12.4,8.184192448422317,44.0,0.0,5.6,0.0,83.0,1.12,84.0,0.1,10.10605018338659,13.643884400925359,1.7,1.9,0.837,15.5,Austria,1
2002,78.7,9.0,0.0,12.5,8.289051602695906,81.0,0.0,51.2,0.0,82.0,1.27,83.0,0.1,10.179313708539238,13.689899714807487,1.7,1.9,0.847,16.1,Austria,1
2003,78.8,88.0,0.0,12.2,6.225411280345961,83.0,4.51085950651685,51.7,0.0,84.0,1.48,84.0,0.1,8.075251477645555,15.910016066220562,1.7,1.9,0.837,14.7,Austria,1
2004,79.3,86.0,0.0,12.1,8.578829528288123,83.0,2.772588722239781,52.2,0.0,83.0,1.56,83.0,0.1,10.510380147849137,15.916220196732349,1.7,1.9,0.841,14.7,Austria,1
2005,79.4,85.0,0.0,12.4,8.698445514950658,86.0,2.302585092994046,52.7,0.0,86.0,1.53,86.0,0.1,10.55172693428379,15.923032868384515,1.7,1.9,0.848,14.9,Austria,1
2006,79.8,81.0,0.0,12.4,4.2616792861946795,83.0,3.1780538303479458,53.2,0.0,83.0,1.35,83.0,0.1,6.098059922512579,15.927980845535615,1.7,1.9,0.854,15.0,Austria,1
2007,81.0,8.0,0.0,12.5,8.916622037898605,85.0,3.044522437723423,53.7,0.0,85.0,1.4,85.0,0.1,10.749090817192405,15.931222310497084,1.7,1.9,0.86,15.2,Austria,1
2008,84.0,76.0,0.0,12.0,9.027706565037224,83.0,6.1070228877422545,54.2,0.0,83.0,1.6,83.0,0.1,10.847147830814054,15.934352724496927,1.7,1.9,0.864,15.1,Austria,1
2009,82.0,77.0,0.0,11.3,8.993993376412169,83.0,3.912023005428146,54.7,0.0,83.0,11.19,83.0,0.1,10.771746763808034,15.93697225608161,1.7,1.9,0.87,15.3,Austria,1
2010,84.0,75.0,0.0,12.1,8.912504089454613,86.0,3.970291913552122,55.2,0.0,86.0,11.17,86.0,0.1,10.750613162374773,13.636796486363941,1.7,1.9,0.872,15.4,Austria,1
2011,88.0,73.0,0.0,12.04,9.020789557796853,89.0,4.23410650459726,55.7,0.0,89.0,1.94,89.0,0.1,10.842082513227824,15.942747006804789,1.7,2.0,0.88,15.7,Austria,1
2012,88.0,7.0,0.0,12.26,8.972003529298954,92.0,3.6109179126442243,56.1,0.0,92.0,11.17,92.0,0.1,10.785902375095489,15.947306380985891,1.8,2.0,0.884,15.7,Austria,1
2013,81.1,68.0,0.0,11.82,4.517267631217479,95.0,0.0,56.6,0.0,95.0,11.14,95.0,0.1,6.320256148737966,15.953147420154924,1.8,2.0,0.887,15.7,Austria,1
2014,81.4,66.0,0.0,12.32,9.030159744516626,98.0,4.770684624465665,57.1,0.0,98.0,11.21,98.0,0.1,10.84590674314345,15.960456092064256,1.8,2.0,0.892,15.9,Austria,1
2015,81.5,65.0,0.0,12.32,0.0,93.0,5.736572297479192,57.6,0.0,93.0,11.21,93.0,0.1,10.6843467333419,15.971122318903772,1.9,2.1,0.892,15.9,Austria,1
2000,66.6,16.0,2.302585092994046,0.65,3.586144002181703,5.0,5.351858133476067,42.1,2.4849066497880004,75.0,4.67,76.0,0.1,6.48764494009549,9.046290859969677,3.2,3.1,0.636,10.1,Azerbaijan,0
2001,67.5,151.0,2.1972245773362196,0.51,1.6300617861406037,5.0,6.354370040797351,42.6,2.3978952727983707,77.0,4.48,77.0,0.1,4.313263782266228,11.303598523188434,3.1,3.1,0.642,10.4,Azerbaijan,0
2002,67.8,146.0,2.0794415416798357,0.55,3.697158509708863,5.0,8.378850241794492,43.1,2.302585092994046,8.0,4.47,76.0,0.1,6.639534049934879,13.61363424715102,3.1,3.1,0.651,10.6,Azerbaijan,0
2003,67.8,154.0,2.0794415416798357,0.55,3.770802972645638,51.0,7.590346945602565,43.6,2.1972245773362196,79.0,6.56,77.0,0.1,6.785185300236318,11.318636584560123,3.0,3.0,0.659,10.8,Azerbaijan,0
2004,68.4,154.0,1.9459101490553132,0.62,2.2614302264113655,5.0,6.71901315438526,44.2,2.1972245773362196,78.0,7.92,77.0,0.1,4.985087032209077,9.031931152002144,3.0,3.0,0.668,11.0,Azerbaijan,0
2005,68.4,162.0,1.9459101490553132,0.73,4.410235385836536,49.0,7.122059881629142,44.7,2.0794415416798357,79.0,7.86,75.0,0.1,7.36481543927772,13.640187653370255,2.9,3.0,0.675,11.2,Azerbaijan,0
2006,69.2,154.0,1.9459101490553132,0.85,4.669399844432491,52.0,5.407171771460119,45.3,2.0794415416798357,8.0,6.17,78.0,0.1,7.8139382026442155,13.651173506094985,2.9,2.9,0.682,10.7,Azerbaijan,0
2007,73.0,14.0,1.9459101490553132,1.02,5.176210242607467,62.0,0.0,45.9,2.0794415416798357,81.0,5.1,79.0,0.1,8.256461439614514,11.359937442328421,2.8,2.9,0.708,11.6,Azerbaijan,0
2008,73.0,141.0,1.9459101490553132,1.18,5.333981828151132,68.0,1.791759469228055,46.6,1.9459101490553132,85.0,4.37,81.0,0.1,8.62616206511284,11.380935740507276,2.8,2.9,0.719,11.6,Azerbaijan,0
2009,78.0,132.0,1.9459101490553132,2.1,3.156420828112131,74.0,0.0,47.3,1.9459101490553132,84.0,5.85,81.0,0.1,6.207170086870373,16.006856109869055,2.8,2.9,0.728,11.6,Azerbaijan,0
2010,71.1,13.0,1.791759469228055,1.98,5.51168771855236,8.0,0.0,48.0,1.9459101490553132,85.0,5.33,81.0,0.1,8.673146446770469,13.768767946128113,2.8,2.9,0.737,11.7,Azerbaijan,0
2011,71.6,125.0,1.791759469228055,1.98,5.576489483629631,84.0,0.0,48.8,1.9459101490553132,91.0,5.1,87.0,0.1,8.88054258364633,13.729280330343473,2.8,2.9,0.741,11.7,Azerbaijan,0
2012,71.9,123.0,1.791759469228055,0.01,5.658123771540717,88.0,0.0,49.7,1.9459101490553132,92.0,5.37,89.0,0.1,8.922303000146385,16.045071629579173,2.8,2.8,0.742,11.8,Azerbaijan,0
2013,72.2,121.0,1.791759469228055,2.14,5.6227585674860645,93.0,5.10594547390058,5.6,1.9459101490553132,96.0,5.54,93.0,0.1,8.97167154395244,13.75542291694784,2.8,2.8,0.745,11.9,Azerbaijan,0
2014,72.5,119.0,1.791759469228055,0.01,5.7274418098594735,94.0,0.0,51.5,1.9459101490553132,97.0,6.4,94.0,0.1,8.97364285121583,13.76797860191892,2.8,2.9,0.752,12.2,Azerbaijan,0
2015,72.7,118.0,1.791759469228055,0.01,0.0,96.0,0.0,52.5,1.9459101490553132,98.0,6.4,96.0,0.1,4.030939975715361,16.082400284461865,2.8,2.9,0.758,12.7,Azerbaijan,0
2000,72.6,192.0,0.0,12.15,0.0,21.0,0.0,54.4,0.0,91.0,5.21,99.0,0.1,7.1137238128557545,14.149783234468618,2.7,2.6,0.0,12.0,Bahamas,0
2001,72.9,189.0,0.0,11.64,0.0,21.0,0.0,55.2,0.0,98.0,5.15,99.0,0.2,7.1137238128557545,14.149783234468618,2.7,2.6,0.779,12.1,Bahamas,0
2002,73.1,19.0,0.0,10.85,0.0,89.0,0.0,56.0,0.0,93.0,5.26,94.0,0.1,7.1137238128557545,14.149783234468618,2.6,2.6,0.781,12.1,Bahamas,0
2003,73.2,189.0,0.0,10.68,0.0,88.0,0.0,56.7,0.0,93.0,5.62,92.0,0.1,7.1137238128557545,14.149783234468618,2.6,2.5,0.783,12.2,Bahamas,0
2004,73.8,174.0,0.0,10.1,0.0,93.0,0.0,57.4,0.0,92.0,6.2,93.0,0.1,7.1137238128557545,14.149783234468618,2.6,2.5,0.784,12.3,Bahamas,0
2005,74.1,172.0,0.0,10.49,0.0,93.0,0.0,58.1,0.0,93.0,5.95,93.0,0.1,7.1137238128557545,14.149783234468618,2.6,2.5,0.786,12.4,Bahamas,0
2006,74.2,171.0,0.0,11.07,0.0,96.0,0.0,58.7,0.0,94.0,6.93,95.0,0.1,7.1137238128557545,14.149783234468618,2.5,2.5,0.788,12.4,Bahamas,0
2007,74.4,167.0,0.0,10.75,0.0,93.0,0.0,59.4,0.0,95.0,7.8,95.0,0.1,7.1137238128557545,14.149783234468618,2.5,2.5,0.79,12.5,Bahamas,0
2008,74.5,167.0,0.0,10.15,0.0,9.0,0.0,6.1,0.0,93.0,7.3,93.0,0.1,7.1137238128557545,14.149783234468618,2.5,2.5,0.791,12.6,Bahamas,0
2009,74.6,168.0,0.0,9.29,0.0,95.0,0.0,6.7,0.0,97.0,7.43,96.0,0.1,7.1137238128557545,14.149783234468618,2.5,2.5,0.791,12.6,Bahamas,0
2010,75.0,161.0,0.0,9.19,0.0,98.0,0.0,61.3,0.0,97.0,7.44,99.0,0.2,7.1137238128557545,14.149783234468618,2.5,2.5,0.788,12.6,Bahamas,0
2011,75.0,162.0,0.0,9.34,0.0,95.0,0.0,62.0,0.0,97.0,7.63,98.0,0.1,7.1137238128557545,14.149783234468618,2.5,2.5,0.788,12.6,Bahamas,0
2012,74.9,167.0,0.0,9.5,0.0,96.0,0.0,62.6,0.0,99.0,7.43,98.0,0.2,7.1137238128557545,14.149783234468618,2.5,2.5,0.789,12.6,Bahamas,0
2013,74.8,172.0,0.0,9.42,0.0,97.0,0.0,63.2,0.0,97.0,7.5,97.0,0.1,7.1137238128557545,14.149783234468618,2.5,2.5,0.79,12.6,Bahamas,0
2014,75.4,16.0,0.0,9.45,0.0,96.0,0.0,63.8,0.0,96.0,7.74,96.0,0.1,7.1137238128557545,14.149783234468618,2.5,2.5,0.789,12.6,Bahamas,0
2015,76.1,147.0,0.0,9.45,0.0,95.0,0.0,64.5,0.0,95.0,7.74,95.0,0.1,7.1137238128557545,14.149783234468618,2.5,2.5,0.79,12.6,Bahamas,0
2000,74.5,92.0,0.0,2.15,5.128282404663391,97.0,1.9459101490553132,54.5,0.0,97.0,3.51,97.0,0.1,9.52056738754834,14.149783234468618,6.2,6.0,0.786,13.2,Bahrain,0
2001,74.7,9.0,0.0,1.95,7.048749559976915,99.0,1.791759469228055,54.8,0.0,99.0,3.8,99.0,0.1,9.462592993349617,14.149783234468618,6.2,6.0,0.794,13.3,Bahrain,0
2002,74.9,87.0,0.0,1.99,4.676842577951485,98.0,2.1972245773362196,55.0,0.0,98.0,3.89,98.0,0.1,7.180324655247792,14.149783234468618,6.2,5.9,0.796,13.5,Bahrain,0
2003,75.0,85.0,0.0,2.16,7.102958646992107,98.0,2.5649493574615367,55.2,0.0,97.0,3.74,97.0,0.1,9.562615130582959,14.149783234468618,6.1,5.9,0.798,13.7,Bahrain,0
2004,75.2,83.0,0.0,2.16,7.230728306316781,98.0,2.4849066497880004,55.6,0.0,98.0,3.37,98.0,0.1,9.670765549594348,14.149783234468618,6.1,5.9,0.803,13.9,Bahrain,0
2005,75.3,81.0,0.0,2.05,7.348889251171228,98.0,1.6094379124341003,56.1,0.0,98.0,3.16,98.0,0.1,9.795912282786736,14.149783234468618,6.1,5.9,0.806,14.0,Bahrain,0
2006,75.5,79.0,0.0,2.1,5.145966581687565,98.0,1.3862943611198906,56.8,0.0,98.0,3.8,98.0,0.1,7.56992532929874,14.149783234468618,6.1,5.9,0.81,14.2,Bahrain,0
2007,75.6,77.0,0.0,2.0,5.63250227708945,97.0,2.0794415416798357,57.6,0.0,97.0,3.8,97.0,0.1,7.999045929754367,14.149783234468618,6.1,5.9,0.813,14.4,Bahrain,0
2008,75.8,76.0,0.0,2.0,5.449096187471604,97.0,1.0986122886681098,58.5,0.0,97.0,3.17,97.0,0.1,7.770039713285685,14.149783234468618,6.0,5.9,0.815,14.4,Bahrain,0
2009,76.0,74.0,0.0,1.95,5.810945658331268,98.0,1.3862943611198906,59.3,0.0,97.0,3.79,98.0,0.1,9.870844124263598,14.149783234468618,6.0,5.9,0.814,14.4,Bahrain,0
2010,76.1,73.0,0.0,1.93,5.590126954824613,99.0,0.0,6.1,0.0,99.0,3.64,99.0,0.1,7.909540501288332,14.149783234468618,6.0,5.9,0.81,14.4,Bahrain,0
2011,76.1,76.0,0.0,1.66,5.292165825054291,99.0,0.0,6.8,0.0,99.0,3.4,99.0,0.1,7.732861954883139,14.149783234468618,6.1,6.0,0.812,14.4,Bahrain,0
2012,76.5,71.0,0.0,1.7,7.701749906709241,99.0,0.0,61.5,0.0,99.0,4.37,99.0,0.1,10.071133895279848,14.149783234468618,6.1,6.0,0.812,14.5,Bahrain,0
2013,76.7,7.0,0.0,1.65,1.6031574278142395,99.0,0.0,62.2,0.0,99.0,4.69,99.0,0.1,5.530156164396794,14.149783234468618,6.1,6.0,0.815,14.5,Bahrain,0
2014,76.8,7.0,0.0,1.57,5.908777463778001,98.0,3.8501476017100584,62.9,0.0,98.0,4.98,98.0,0.1,10.12600607656147,14.149783234468618,6.1,6.0,0.82,14.5,Bahrain,0
2015,76.9,69.0,0.0,1.57,0.0,98.0,0.0,63.6,0.0,98.0,4.98,98.0,0.1,10.029674211518854,14.149783234468618,6.2,6.1,0.823,14.5,Bahrain,0
2000,65.3,173.0,5.44673737166631,0.01,1.5467814612246251,5.0,8.536799721055155,1.4,5.75890177387728,83.0,2.33,82.0,0.1,3.842323670168704,18.6951350439018,2.9,21.5,0.459,7.3,Bangladesh,0
2001,65.8,168.0,5.393627546352362,0.01,1.4804834083717335,5.0,8.392763113038061,1.8,5.700443573390687,85.0,2.47,85.0,0.1,3.775013920062775,14.109460694990952,2.7,21.3,0.468,7.5,Bangladesh,0
2002,66.3,164.0,5.337538079701318,0.01,0.3344908206266946,5.0,8.156223323194624,11.2,5.638354669333745,83.0,2.59,83.0,0.1,1.725187682406078,14.127886218615707,2.5,21.1,0.476,7.7,Bangladesh,0
2003,66.8,161.0,5.2832037287379885,0.01,3.5968899678737833,5.0,8.31090675716845,11.6,5.579729825986222,9.0,2.51,87.0,0.1,6.072442733700025,11.843609553966552,2.3,2.9,0.484,7.9,Bangladesh,0
2004,67.3,158.0,5.225746673713202,0.01,1.6321180955923675,11.0,9.184406989949679,12.0,5.5134287461649825,88.0,2.62,99.0,0.1,3.8661448479487044,16.464340692067623,2.1,2.7,0.491,8.1,Bangladesh,0
2005,67.8,155.0,5.1647859739235145,0.01,3.664961179658894,45.0,10.1633486867855,12.5,5.44673737166631,94.0,2.68,93.0,0.1,6.184469398332387,16.478780384933028,19.9,2.5,0.499,8.2,Bangladesh,0
2006,68.2,152.0,5.10594547390058,0.01,3.7688557341965936,86.0,8.731174900938061,13.0,5.375278407684165,95.0,2.8,94.0,0.1,6.205596939608866,14.189612269863554,19.7,2.3,0.506,8.4,Bangladesh,0
2007,68.6,151.0,5.043425116919247,0.01,3.8578913082682336,95.0,7.981049759665957,13.5,5.308267697401205,96.0,2.8,94.0,0.1,6.296467279616009,18.80688958108455,19.5,2.1,0.513,8.6,Bangladesh,0
2008,69.1,147.0,4.976733742420574,0.01,3.772499992327115,96.0,7.886457270977689,14.0,5.231108616854587,96.0,2.85,96.0,0.1,6.4245084096212075,16.51591930404027,19.3,19.9,0.52,8.6,Bangladesh,0
2009,69.5,144.0,4.912654885736052,0.01,3.993861093303219,97.0,6.577861357721047,14.6,5.159055299214529,97.0,2.91,97.0,0.1,6.525213464996813,14.25084445262634,19.1,19.7,0.523,8.4,Bangladesh,0
2010,69.9,142.0,4.844187086458591,0.01,4.153547850029587,94.0,6.670766320845874,15.2,5.087596335232384,94.0,3.6,94.0,0.1,6.631569216397429,16.537786623255453,18.9,19.4,0.535,8.9,Bangladesh,0
2011,73.0,14.0,4.77912349311153,0.01,4.148673088928085,96.0,8.635153989049803,15.8,5.017279836814924,96.0,3.16,96.0,0.1,6.729572355418824,18.851891029209607,18.7,19.2,0.545,9.4,Bangladesh,0
2012,77.0,137.0,4.718498871295094,0.01,4.098650705796807,94.0,7.594381242551817,16.4,4.941642422609304,94.0,3.8,94.0,0.1,6.7538379051035955,16.56103340678172,18.5,19.0,0.557,9.9,Bangladesh,0
2013,71.0,135.0,4.653960350157523,0.01,3.9858284185440693,96.0,5.472270673671475,17.0,4.875197323201151,96.0,2.88,96.0,0.1,6.859498898499841,18.875388567781314,18.3,18.8,0.565,10.0,Bangladesh,0
2014,71.4,132.0,4.59511985013459,0.01,2.437675561877319,97.0,5.66988092298052,17.7,4.804021044733257,97.0,2.82,97.0,0.1,5.223407542227545,16.584673418635862,18.1,18.6,0.57,10.0,Bangladesh,0
2015,71.8,129.0,4.532599493153256,0.01,0.0,97.0,5.484796933490655,18.3,4.736198448394496,97.0,2.82,97.0,0.1,4.8053162711390405,14.293536298856672,17.9,18.3,0.575,10.2,Bangladesh,0
2000,73.3,127.0,0.0,7.43,7.040199865997331,18.0,0.0,43.0,0.0,86.0,5.16,93.0,0.9,9.356093989232843,14.149783234468618,4.3,4.2,0.741,14.0,Barbados,0
2001,73.4,125.0,0.0,7.38,4.935670789992984,18.0,0.0,43.8,0.0,93.0,5.47,84.0,0.7,9.351394686704404,14.149783234468618,4.2,4.2,0.75,14.0,Barbados,0
2002,73.5,123.0,0.0,7.59,4.89858199460556,66.0,0.0,44.6,0.0,86.0,5.76,87.0,0.8,9.365324471555557,14.149783234468618,4.2,4.1,0.749,14.0,Barbados,0
2003,73.7,121.0,0.0,7.65,2.675113128994131,91.0,0.0,45.4,0.0,9.0,5.82,89.0,0.4,7.11439921723775,14.149783234468618,4.1,4.1,0.753,14.2,Barbados,0
2004,73.8,119.0,0.0,7.68,5.118043777036767,93.0,0.0,46.2,0.0,93.0,5.71,93.0,0.2,9.462643725553681,14.149783234468618,4.1,4.0,0.757,14.4,Barbados,0
2005,73.9,117.0,0.0,8.01,7.179643601435531,92.0,0.0,46.9,0.0,91.0,5.38,92.0,0.1,9.562746822043149,14.149783234468618,4.0,4.0,0.761,14.6,Barbados,0
2006,74.1,115.0,0.0,8.39,5.2067506420635326,84.0,0.0,47.7,0.0,85.0,5.27,84.0,0.1,9.6580702157529,14.149783234468618,4.0,3.9,0.766,14.8,Barbados,0
2007,74.2,113.0,0.0,8.47,7.403858950655761,93.0,0.0,48.4,0.0,93.0,5.64,93.0,0.1,9.708900211229968,14.149783234468618,3.9,3.9,0.771,15.0,Barbados,0
2008,74.4,111.0,0.0,8.95,3.278003651563158,85.0,0.0,49.2,0.0,85.0,6.1,85.0,0.1,7.413562009145617,14.149783234468618,3.9,3.9,0.775,15.3,Barbados,0
2009,74.6,19.0,0.0,8.46,5.793506818443381,93.0,0.0,49.9,0.0,93.0,6.21,93.0,0.1,9.712588748905539,14.149783234468618,3.8,3.8,0.779,15.5,Barbados,0
2010,74.7,16.0,0.0,8.41,5.04961935296707,86.0,0.0,5.7,0.0,9.0,6.17,86.0,0.1,7.375827243764772,14.149783234468618,3.8,3.8,0.781,15.8,Barbados,0
2011,74.9,14.0,0.0,8.51,5.164686328387634,91.0,0.0,51.4,0.0,91.0,6.67,91.0,0.1,9.65086095373591,14.149783234468618,3.8,3.8,0.78,15.5,Barbados,0
2012,75.1,12.0,0.0,8.61,5.5645372110129285,87.0,0.0,52.2,0.0,88.0,7.43,87.0,0.1,9.641205153217594,14.149783234468618,3.8,3.8,0.785,15.3,Barbados,0
2013,75.2,11.0,0.0,8.74,5.576090319689942,91.0,0.0,53.0,0.0,91.0,7.57,91.0,0.1,9.646902348087034,14.149783234468618,3.8,3.8,0.792,15.3,Barbados,0
2014,75.4,1.0,0.0,8.82,5.690040681899908,94.0,0.0,53.7,0.0,95.0,7.47,94.0,0.1,9.639565606662629,14.149783234468618,3.8,3.7,0.793,15.3,Barbados,0
2015,75.5,98.0,0.0,8.82,0.0,97.0,0.0,54.5,0.0,97.0,7.47,97.0,0.1,9.652384122707769,14.149783234468618,3.8,3.7,0.794,15.3,Barbados,0
2000,68.0,247.0,0.6931471805599453,12.98,3.228805500458545,7.0,3.091042453358316,54.4,0.6931471805599453,99.0,6.13,99.0,0.1,7.1524946253763595,13.81347047841638,2.7,2.8,0.675,13.1,Belarus,0
2001,67.7,254.0,0.6931471805599453,10.74,2.7121363075870293,93.0,3.828641396489095,54.9,0.6931471805599453,99.0,6.62,99.0,0.1,7.127190510971607,16.110925003203995,2.6,2.7,0.681,13.3,Belarus,0
2002,67.2,262.0,0.6931471805599453,12.23,4.986502171445528,99.0,2.70805020110221,55.3,0.6931471805599453,99.0,6.47,99.0,0.1,7.300056212984315,16.104559347182825,2.5,2.7,0.687,13.6,Belarus,0
2003,67.7,253.0,0.6931471805599453,11.17,3.2122855945252553,56.0,3.091042453358316,55.8,0.6931471805599453,53.0,6.59,5.0,0.1,7.506880553756322,16.09756125598547,2.5,2.6,0.695,13.9,Belarus,0
2004,68.2,247.0,0.6931471805599453,12.05,3.7689476770773394,99.0,1.0986122886681098,56.2,0.6931471805599453,99.0,6.59,99.0,0.1,7.774578110475549,13.788290428893529,2.4,2.5,0.703,14.1,Belarus,0
2005,68.1,252.0,0.6931471805599453,11.01,3.8426745988889546,99.0,0.6931471805599453,56.7,0.6931471805599453,98.0,6.89,99.0,0.1,8.04805883864021,16.083909507065975,2.3,2.5,0.713,14.4,Belarus,0
2006,68.9,243.0,0.6931471805599453,12.6,5.90106393861092,98.0,5.0106352940962555,57.2,0.6931471805599453,97.0,6.34,99.0,0.1,8.255624761348527,13.779805657093497,2.2,2.4,0.723,14.6,Belarus,0
2007,69.8,226.0,0.6931471805599453,14.22,6.1422040863190075,91.0,0.6931471805599453,57.7,0.6931471805599453,9.0,6.44,95.0,0.1,8.463050541890212,13.77151060240419,2.2,2.3,0.739,14.9,Belarus,0
2008,70.0,224.0,0.6931471805599453,14.67,6.220203642325992,98.0,0.0,58.2,0.6931471805599453,98.0,5.95,97.0,0.1,8.760481766774719,16.06974392066271,2.1,2.3,0.755,15.1,Belarus,0
2009,70.0,226.0,0.0,14.09,6.077179986295345,98.0,0.0,58.7,0.6931471805599453,98.0,6.9,96.0,0.1,8.552014365582838,13.77131412643006,2.1,2.2,0.771,15.4,Belarus,0
2010,73.0,222.0,0.0,14.44,2.2506700453579973,96.0,0.6931471805599453,59.3,0.6931471805599453,99.0,5.55,98.0,0.1,4.164939239022555,13.763779272935983,2.0,2.2,0.78,15.5,Belarus,0
2011,72.0,232.0,0.0,17.31,6.7427760396379535,98.0,3.9318256327243257,59.9,0.6931471805599453,98.0,4.92,98.0,0.1,8.782739699479071,16.06397446712098,2.0,2.1,0.787,15.5,Belarus,0
2012,71.9,194.0,0.0,16.35,4.529472255427822,97.0,2.3978952727983707,6.5,0.6931471805599453,98.0,5.1,98.0,0.1,6.54426274082838,16.063058092396382,2.0,2.1,0.793,15.6,Belarus,0
2013,71.7,23.0,0.0,14.66,7.01288492509164,98.0,2.833213344056216,61.1,0.6931471805599453,98.0,6.7,98.0,0.1,8.984671815893831,16.063216778165824,2.0,2.0,0.796,15.7,Belarus,0
2014,72.0,199.0,0.0,13.94,7.0458736104991235,97.0,4.174387269895637,61.7,0.0,97.0,5.69,97.0,0.1,9.026348936991392,16.064115803648605,1.9,2.0,0.796,15.7,Belarus,0
2015,72.3,196.0,0.0,13.94,0.0,99.0,1.0986122886681098,62.3,0.0,99.0,5.69,99.0,0.1,8.691166123557187,16.065708811499828,1.9,2.0,0.798,15.6,Belarus,0
2000,77.6,11.0,0.6931471805599453,11.21,5.663684013114487,6.0,0.0,58.1,0.6931471805599453,96.0,8.12,95.0,0.1,7.752961997312186,11.737076508593578,0.8,0.8,0.869,18.0,Belgium,1
2001,78.0,1.0,0.6931471805599453,11.01,7.987651983948035,6.0,4.430816798843313,58.5,0.6931471805599453,96.0,8.29,95.0,0.1,10.048564317923704,11.764912999997286,0.8,0.8,0.873,18.2,Belgium,1
2002,78.0,99.0,0.6931471805599453,11.29,5.77243055995567,6.0,0.0,59.0,0.6931471805599453,96.0,8.46,95.0,0.1,7.845154765189221,14.102782046137865,0.8,0.8,0.875,18.8,Belgium,1
2003,78.3,95.0,0.0,11.28,6.231083951076162,64.0,3.8066624897703196,59.4,0.6931471805599453,96.0,9.3,95.0,0.1,8.22816539521763,14.13478867645487,0.8,0.8,0.878,18.6,Belgium,1
2004,78.8,91.0,0.6931471805599453,12.05,8.548984137075886,64.0,4.127134385045092,59.8,0.6931471805599453,96.0,9.32,95.0,0.1,10.47984001061604,14.166968517071862,0.8,0.8,0.88,18.8,Belgium,1
2005,78.9,89.0,0.0,12.27,8.530941151248486,77.0,3.295836866004329,6.2,0.6931471805599453,97.0,9.24,97.0,0.1,10.517815605626206,14.206618425708841,0.8,0.8,0.861,15.7,Belgium,1
2006,79.4,85.0,0.0,10.98,8.626979732695903,94.0,2.772588722239781,6.6,0.6931471805599453,99.0,9.17,98.0,0.1,10.567549872001678,14.252447846992942,0.8,0.8,0.865,15.7,Belgium,1
2007,79.5,86.0,0.0,10.25,6.463584828102559,94.0,4.174387269895637,6.9,0.6931471805599453,99.0,9.25,98.0,0.1,8.39949719672168,9.696340374306518,0.8,0.8,0.871,15.8,Belgium,1
2008,79.5,87.0,0.0,10.47,8.880731737833264,98.0,4.59511985013459,61.3,0.6931471805599453,99.0,9.6,99.0,0.1,10.787783656915666,12.1005676749948,0.8,0.8,0.874,15.8,Belgium,1
2009,79.8,85.0,0.0,10.05,6.5116526902869705,97.0,3.5263605246161616,61.6,0.6931471805599453,98.0,1.39,98.0,0.1,8.409510314497174,14.401347545702691,0.9,0.9,0.876,15.8,Belgium,1
2010,80.0,81.0,0.0,10.22,6.502393582776778,97.0,3.713572066704308,61.9,0.6931471805599453,98.0,1.17,98.0,0.1,8.398237886170271,14.455039111065137,0.9,0.9,0.878,15.9,Belgium,1
2011,83.0,8.0,0.0,10.11,6.571624613578833,97.0,6.3578422665081,62.3,0.6931471805599453,98.0,1.42,98.0,0.1,8.470892497442877,13.9533097057526,0.9,0.9,0.884,16.1,Belgium,1
2012,83.0,78.0,0.0,10.08,6.500499414676767,98.0,4.700480365792417,62.6,0.6931471805599453,99.0,1.54,99.0,0.1,8.406389376739028,16.224997208600765,0.9,0.9,0.886,16.2,Belgium,1
2013,87.0,77.0,0.0,11.77,6.555867937591436,98.0,3.6888794541139363,63.0,0.6931471805599453,99.0,1.57,99.0,0.1,8.44513558628423,16.229889051175217,1.0,0.9,0.889,16.3,Belgium,1
2014,89.0,76.0,0.0,12.6,8.876872467047592,98.0,4.2626798770413155,63.4,0.6931471805599453,99.0,1.59,99.0,0.1,10.767229398729368,11.63477134718789,1.0,1.0,0.89,16.3,Belgium,1
2015,81.1,74.0,0.0,12.6,0.0,98.0,3.871201010907891,63.7,0.6931471805599453,99.0,1.59,99.0,0.1,8.379739832211147,16.23802722130459,1.0,1.0,0.895,16.6,Belgium,1
2000,68.3,196.0,0.0,4.79,5.393736556774146,76.0,0.0,4.8,0.0,91.0,3.98,91.0,0.3,8.121309151239604,12.418422150163096,3.8,3.7,0.668,11.7,Belize,0
2001,68.2,21.0,0.0,4.9,5.532039538033012,96.0,0.0,41.4,0.0,96.0,4.5,96.0,0.4,8.13747644639771,12.44895999888098,3.7,3.7,0.677,11.8,Belize,0
2002,68.5,199.0,0.0,4.99,5.5753046489393965,97.0,0.0,42.0,0.0,93.0,4.38,89.0,0.1,8.176830708590229,10.174544693464336,3.7,3.6,0.678,11.9,Belize,0
2003,68.4,21.0,0.0,5.67,5.748754548392426,96.0,0.0,42.6,0.0,95.0,4.53,96.0,1.5,8.210938437534661,10.200401876301486,3.6,3.6,0.684,12.2,Belize,0
2004,68.7,197.0,0.0,6.2,5.788983382679948,97.0,0.0,43.2,0.0,97.0,4.39,97.0,0.8,8.251282575471272,10.228826616165007,3.6,3.5,0.691,12.5,Belize,0
2005,69.0,191.0,0.0,6.25,5.904816456849009,96.0,0.0,43.8,0.0,96.0,4.45,96.0,0.8,8.277496442511152,12.554184026608363,3.6,3.5,0.695,12.8,Belize,0
2006,69.4,184.0,0.0,6.48,5.96186191286583,98.0,0.0,44.4,0.0,98.0,4.4,98.0,0.6,8.340068897423857,10.30051718182319,3.6,3.5,0.692,12.3,Belize,0
2007,69.6,181.0,0.0,7.24,4.257462210776846,96.0,0.0,45.0,0.0,97.0,4.76,96.0,0.6,8.37237004091777,10.303873114900993,3.5,3.5,0.7,12.8,Belize,0
2008,69.6,181.0,0.0,7.22,3.956084372535021,94.0,0.0,45.7,0.0,94.0,5.9,94.0,0.1,6.105301942285889,10.495874729944925,3.5,3.4,0.699,12.8,Belize,0
2009,69.5,184.0,0.0,6.85,6.311389213506954,97.0,0.0,46.3,0.0,98.0,5.81,97.0,0.3,8.356974816201227,12.656925310101514,3.5,3.4,0.7,12.7,Belize,0
2010,69.5,186.0,0.0,6.76,6.347306390464774,96.0,0.0,47.0,0.0,96.0,5.85,96.0,0.2,8.376815966893833,10.378758534888256,3.5,3.4,0.7,12.4,Belize,0
2011,69.4,188.0,0.0,6.64,6.4079168892234755,95.0,0.0,47.8,0.0,95.0,5.61,95.0,0.5,8.415657961127405,12.704399483889475,3.5,3.4,0.7,12.4,Belize,0
2012,69.4,189.0,0.0,6.66,6.369563114969639,98.0,0.0,48.5,0.0,98.0,5.45,98.0,0.1,8.449907108251349,10.424421910450407,3.5,3.4,0.702,12.5,Belize,0
2013,69.8,18.0,0.0,6.56,6.446040179334691,95.0,0.0,49.3,0.0,95.0,5.79,95.0,0.2,8.45308944359105,12.748925866214913,3.4,3.4,0.706,12.9,Belize,0
2014,70.0,177.0,0.0,6.58,6.508906367942563,95.0,0.0,5.1,0.0,95.0,5.79,95.0,0.2,8.487398436536058,12.770519601699089,3.4,3.4,0.705,12.8,Belize,0
2015,71.0,175.0,0.0,6.58,0.0,94.0,0.0,5.9,0.0,94.0,5.79,94.0,0.2,8.486939631856709,12.791882357548072,3.5,3.4,0.706,12.8,Belize,0
2000,55.4,279.0,3.258096538021482,1.34,3.647583914676483,15.0,8.353497098745448,18.4,3.713572066704308,78.0,4.34,78.0,2.0,5.927438945604642,15.74208526200534,9.7,9.6,0.389,6.4,Benin,0
2001,55.5,281.0,3.258096538021482,1.29,3.8358925182305867,15.0,8.675904882571059,18.8,3.713572066704308,77.0,4.69,76.0,2.1,5.939477696476419,13.562853228394925,9.5,9.4,0.395,6.6,Benin,0
2002,55.6,283.0,3.258096538021482,1.23,3.7254079004536638,15.0,7.370860166536716,19.2,3.713572066704308,76.0,4.27,75.0,2.1,6.039536778148897,15.80275388514895,9.3,9.2,0.407,7.3,Benin,0
2003,55.8,285.0,3.258096538021482,1.35,2.2957444789526513,73.0,5.384495062789089,19.7,3.713572066704308,75.0,4.63,73.0,2.1,6.254390739625868,13.531230691440893,9.1,9.0,0.416,7.7,Benin,0
2004,56.1,285.0,3.258096538021482,1.15,2.462684955005996,75.0,5.572154032177765,2.1,3.6888794541139363,74.0,4.56,72.0,2.1,6.37074568418674,8.956093075610639,8.9,8.8,0.423,8.1,Benin,0
2005,56.5,285.0,3.258096538021482,1.13,2.092727559744261,7.0,5.351858133476067,2.5,3.6888794541139363,73.0,4.73,7.0,2.1,4.1399547072320475,15.89272787789583,8.7,8.6,0.43,8.5,Benin,0
2006,56.8,284.0,3.258096538021482,1.19,4.342691749483222,74.0,5.176149732573829,21.0,3.6888794541139363,76.0,4.75,74.0,2.0,6.44069004841146,15.921703201846322,8.5,8.4,0.434,8.7,Benin,0
2007,57.1,283.0,3.258096538021482,1.12,2.1392208086374573,82.0,5.834810737062605,21.5,3.6888794541139363,82.0,4.55,82.0,2.0,4.350734851312603,15.9502439391843,8.3,8.2,0.438,8.9,Benin,0
2008,57.6,278.0,3.258096538021482,1.28,2.1535547963017483,75.0,6.834108738813838,22.0,3.6888794541139363,77.0,4.2,75.0,1.8,4.420662438820467,15.978479153005608,8.1,8.0,0.444,9.1,Benin,0
2009,58.4,259.0,3.258096538021482,1.16,4.276860440273346,79.0,7.2875606403097235,22.5,3.6888794541139363,8.0,4.46,79.0,1.6,6.677653110049567,13.70399446891168,7.9,7.8,0.448,9.3,Benin,0
2010,58.7,254.0,3.258096538021482,1.33,4.556582482607091,76.0,5.973809611869261,23.0,3.6888794541139363,77.0,4.95,76.0,1.4,6.631601135884715,16.03463360400161,7.8,7.6,0.451,9.5,Benin,0
2011,59.1,251.0,3.258096538021482,1.4,4.711900020800377,75.0,6.056784013228625,23.5,3.6888794541139363,77.0,5.37,75.0,1.4,6.717735509317236,11.458289748804013,7.6,7.5,0.454,9.8,Benin,0
2012,59.3,251.0,3.258096538021482,0.01,2.3799233472356236,8.0,5.666426688112432,24.1,3.6888794541139363,8.0,4.86,8.0,1.3,6.732157188944585,13.788054054343595,7.4,7.3,0.458,10.0,Benin,0
2013,59.5,251.0,3.258096538021482,0.01,4.481962941749854,77.0,6.45833828334479,24.6,3.6888794541139363,73.0,4.59,77.0,1.2,6.820308307425877,9.57858809226753,7.2,7.1,0.466,10.3,Benin,0
2014,59.7,252.0,3.258096538021482,0.01,4.5122000132405,78.0,6.668228248417403,25.2,3.6888794541139363,74.0,4.59,78.0,1.1,6.8508532058135225,14.067601462487241,7.1,6.9,0.475,10.7,Benin,0
2015,60.0,249.0,3.258096538021482,0.01,0.0,82.0,4.02535169073515,25.7,3.6888794541139363,78.0,4.59,82.0,1.0,6.665617358892808,14.270370726620241,6.9,6.8,0.481,10.7,Benin,0
2000,62.0,312.0,0.6931471805599453,0.17,4.547103778823412,98.0,6.037870919922137,13.9,0.6931471805599453,98.0,6.91,92.0,0.1,6.642308474907412,13.259368479707303,19.2,19.9,0.0,7.3,Bhutan,0
2001,61.7,29.0,0.6931471805599453,0.14,2.2590542048154796,89.0,6.6293632534374485,14.4,0.6931471805599453,88.0,5.91,88.0,0.1,4.487948125080947,8.682199026000504,18.9,19.6,0.0,7.6,Bhutan,0
2002,62.5,282.0,0.6931471805599453,0.29,5.030277904015175,83.0,3.332204510175204,14.9,0.6931471805599453,89.0,7.75,86.0,0.1,6.787437034961558,11.103452335464524,18.6,19.4,0.0,8.0,Bhutan,0
2003,63.3,273.0,0.6931471805599453,0.52,3.0035338077924814,95.0,0.0,15.5,0.6931471805599453,96.0,4.9,95.0,0.2,6.906496200775732,13.342999788467317,18.3,19.1,0.0,8.4,Bhutan,0
2004,64.2,263.0,0.6931471805599453,0.96,1.2772320656550649,89.0,1.3862943611198906,16.1,0.6931471805599453,9.0,4.41,89.0,0.3,5.290576886175689,11.071050489577583,18.0,18.8,0.0,8.8,Bhutan,0
2005,65.0,254.0,0.6931471805599453,0.73,4.987684218233415,95.0,2.4849066497880004,16.7,0.6931471805599453,95.0,5.28,95.0,0.3,7.129789351051804,13.394891202084432,17.8,18.6,0.0,9.2,Bhutan,0
2006,65.8,245.0,0.6931471805599453,0.29,5.136988298296289,95.0,1.0986122886681098,17.4,0.6931471805599453,96.0,5.27,95.0,0.3,7.197777331543781,13.418354335264603,17.5,18.3,0.0,9.6,Bhutan,0
2007,66.5,238.0,0.6931471805599453,0.16,5.651809075365521,95.0,2.4849066497880004,18.0,0.6931471805599453,93.0,5.88,95.0,0.3,7.46287098644094,13.440029889656476,17.3,18.1,0.0,10.1,Bhutan,0
2008,67.0,234.0,0.6931471805599453,0.21,5.715933612978115,96.0,2.0794415416798357,18.8,0.6931471805599453,96.0,6.58,96.0,0.4,7.493418229286836,6.679599185844383,17.1,17.8,0.0,10.5,Bhutan,0
2009,67.4,232.0,0.6931471805599453,0.17,3.3495205217929453,93.0,1.9459101490553132,19.5,0.6931471805599453,93.0,6.3,93.0,0.4,5.18310008215997,13.479280891920439,16.8,17.5,0.0,10.9,Bhutan,0
2010,67.9,228.0,0.6931471805599453,0.28,5.501418176933096,91.0,3.091042453358316,2.3,0.6931471805599453,92.0,5.17,91.0,0.5,7.687044092288818,13.497564447984326,16.6,17.3,0.0,11.4,Bhutan,0
2011,68.3,225.0,0.0,0.23,5.672815941596416,95.0,2.3978952727983707,21.1,0.6931471805599453,95.0,4.73,95.0,0.5,7.807696995052558,8.916237731721479,16.3,17.0,0.572,11.9,Bhutan,0
2012,68.7,223.0,0.0,0.01,5.245640833822023,97.0,0.6931471805599453,21.9,0.6931471805599453,97.0,3.7,97.0,0.6,7.793098436717319,13.531778009199074,16.1,16.7,0.581,12.3,Bhutan,0
2013,69.1,219.0,0.0,0.01,3.0344997296748986,97.0,0.0,22.7,0.6931471805599453,97.0,3.83,97.0,0.6,5.467565879767597,13.547581438372305,15.9,16.5,0.589,12.6,Bhutan,0
2014,69.4,216.0,0.0,0.01,5.348973096134336,99.0,0.0,23.6,0.6931471805599453,98.0,3.57,99.0,0.5,7.833519713288694,13.562486240083569,15.7,16.2,0.596,12.5,Bhutan,0
2015,69.8,211.0,0.0,0.01,0.0,99.0,2.4849066497880004,24.5,0.0,98.0,3.57,99.0,0.5,7.8688836797209305,13.576475147322462,15.4,16.0,0.604,12.5,Bhutan,0
2000,62.6,243.0,2.772588722239781,2.32,0.0,77.0,4.812184355372417,42.6,3.044522437723423,74.0,5.67,75.0,0.1,7.1137238128557545,14.149783234468618,1.5,1.4,0.6,13.3,Bolivia (Plurinational State of),0
2001,63.3,238.0,2.70805020110221,2.2,0.0,77.0,0.0,43.3,2.995732273553991,71.0,6.31,71.0,0.1,7.1137238128557545,14.149783234468618,1.5,1.4,0.607,13.7,Bolivia (Plurinational State of),0
2002,63.9,234.0,2.70805020110221,2.26,0.0,77.0,0.0,44.0,2.9444389791664403,76.0,6.53,77.0,0.1,7.1137238128557545,14.149783234468618,1.4,1.3,0.61,14.0,Bolivia (Plurinational State of),0
2003,64.5,23.0,2.6390573296152584,2.37,0.0,8.0,0.0,44.7,2.8903717578961645,82.0,5.3,88.0,0.2,7.1137238128557545,14.149783234468618,1.4,1.3,0.617,14.4,Bolivia (Plurinational State of),0
2004,65.1,226.0,2.5649493574615367,2.66,0.0,84.0,0.0,45.4,2.833213344056216,84.0,5.22,84.0,0.2,7.1137238128557545,14.149783234468618,1.4,1.2,0.62,14.6,Bolivia (Plurinational State of),0
2005,65.7,222.0,2.5649493574615367,2.86,0.0,85.0,0.0,46.0,2.833213344056216,84.0,5.67,85.0,0.2,7.1137238128557545,14.149783234468618,1.3,1.2,0.622,14.4,Bolivia (Plurinational State of),0
2006,66.2,219.0,2.4849066497880004,3.23,0.0,83.0,0.0,46.7,2.772588722239781,82.0,5.19,83.0,0.2,7.1137238128557545,14.149783234468618,1.3,1.2,0.625,14.3,Bolivia (Plurinational State of),0
2007,66.8,216.0,2.4849066497880004,3.47,0.0,84.0,0.0,47.3,2.70805020110221,85.0,4.96,84.0,0.2,7.1137238128557545,14.149783234468618,1.3,1.2,0.626,14.1,Bolivia (Plurinational State of),0
2008,67.4,211.0,2.3978952727983707,3.77,0.0,88.0,0.0,48.0,2.6390573296152584,87.0,5.0,88.0,0.2,7.1137238128557545,14.149783234468618,1.3,1.1,0.632,14.0,Bolivia (Plurinational State of),0
2009,68.0,27.0,2.3978952727983707,3.87,0.0,93.0,0.0,48.6,2.5649493574615367,92.0,5.76,93.0,0.2,7.1137238128557545,14.149783234468618,1.2,1.1,0.636,13.8,Bolivia (Plurinational State of),0
2010,68.7,22.0,2.302585092994046,3.95,0.0,91.0,0.0,49.3,2.5649493574615367,9.0,5.44,91.0,0.2,7.1137238128557545,14.149783234468618,1.2,1.1,0.643,13.8,Bolivia (Plurinational State of),0
2011,69.3,198.0,2.302585092994046,3.93,0.0,95.0,0.0,49.9,2.4849066497880004,95.0,5.49,95.0,0.2,7.1137238128557545,14.149783234468618,1.2,1.1,0.649,13.8,Bolivia (Plurinational State of),0
2012,69.8,194.0,2.1972245773362196,3.89,0.0,93.0,0.0,5.6,2.4849066497880004,93.0,5.56,93.0,0.1,7.1137238128557545,14.149783234468618,1.2,1.1,0.655,13.8,Bolivia (Plurinational State of),0
2013,71.0,192.0,2.1972245773362196,3.78,0.0,94.0,0.0,51.2,2.3978952727983707,95.0,5.96,94.0,0.1,7.1137238128557545,14.149783234468618,1.2,1.1,0.661,13.8,Bolivia (Plurinational State of),0
2014,74.0,189.0,2.1972245773362196,3.62,0.0,98.0,0.0,51.9,2.3978952727983707,99.0,6.33,98.0,0.1,7.1137238128557545,14.149783234468618,1.2,1.1,0.666,13.8,Bolivia (Plurinational State of),0
2015,77.0,186.0,2.1972245773362196,3.62,0.0,99.0,0.0,52.6,2.3978952727983707,99.0,6.33,99.0,0.1,7.1137238128557545,14.149783234468618,1.2,1.1,0.671,13.8,Bolivia (Plurinational State of),0
2000,74.6,116.0,0.0,3.64,5.115696950300044,36.0,3.784189633918261,47.6,0.0,87.0,7.9,85.0,0.1,7.288077059609899,12.839143335272437,3.3,3.2,0.0,0.0,Bosnia and Herzegovina,0
2001,74.9,113.0,0.0,3.85,4.971858073572245,36.0,0.0,48.2,0.0,92.0,7.16,91.0,0.1,7.330019960711555,15.142926350154802,3.2,3.2,0.0,11.6,Bosnia and Herzegovina,0
2002,75.4,11.0,0.0,3.84,5.024800690123802,36.0,3.367295829986474,48.8,0.0,86.0,7.1,8.0,0.1,7.474509894458302,12.841558933087482,3.1,3.1,0.0,11.9,Bosnia and Herzegovina,0
2003,75.2,12.0,0.0,4.14,3.7102783662281364,36.0,2.9444389791664403,49.4,0.0,87.0,7.94,87.0,0.1,7.7033382129496015,15.145035606005283,3.0,3.0,0.0,12.1,Bosnia and Herzegovina,0
2004,75.5,99.0,0.0,4.25,1.4996049344325155,36.0,3.367295829986474,49.9,0.0,87.0,9.4,84.0,0.1,5.585909413697662,15.145575250297568,3.0,3.0,0.0,12.3,Bosnia and Herzegovina,0
2005,75.0,12.0,0.0,4.56,3.8440341149264348,93.0,3.1780538303479458,5.5,0.0,95.0,8.5,93.0,0.1,7.996119185250796,12.843056799041268,2.9,2.9,0.0,12.5,Bosnia and Herzegovina,0
2006,75.7,1.0,0.0,4.82,3.6700569329318045,9.0,2.8903717578961645,51.0,0.0,91.0,8.28,87.0,0.1,5.844476440533502,15.14509408153759,2.9,2.8,0.697,12.7,Bosnia and Herzegovina,0
2007,75.4,16.0,0.0,5.16,2.223580398656546,94.0,5.117993812416755,51.5,0.0,95.0,8.37,95.0,0.1,6.038567994331743,8.236155661683124,2.8,2.8,0.703,12.9,Bosnia and Herzegovina,0
2008,76.0,98.0,0.0,5.13,4.205384175285683,88.0,2.1972245773362196,52.1,0.0,92.0,8.58,91.0,0.1,6.356657231876204,15.140886504114748,2.8,2.7,0.71,13.1,Bosnia and Herzegovina,0
2009,76.1,97.0,0.0,4.75,6.470832478471129,9.0,3.1354942159291497,52.6,0.0,9.0,9.64,9.0,0.1,8.455083147406313,15.136349177428434,2.7,2.7,0.716,13.3,Bosnia and Herzegovina,0
2010,76.4,94.0,0.0,4.54,6.447921135028927,89.0,3.828641396489095,53.1,0.0,9.0,9.58,89.0,0.1,8.436519430337045,12.827414968960502,2.6,2.6,0.717,13.3,Bosnia and Herzegovina,0
2011,76.9,92.0,0.0,4.64,2.1926732519724146,88.0,2.3978952727983707,53.7,0.0,89.0,9.71,88.0,0.1,4.028148383484571,15.12082965171197,2.6,2.5,0.711,13.4,Bosnia and Herzegovina,0
2012,76.8,92.0,0.0,4.61,6.543656627531814,92.0,3.1354942159291497,54.2,0.0,87.0,9.94,92.0,0.1,8.459071017426282,10.50460167764911,2.5,2.5,0.728,13.9,Bosnia and Herzegovina,0
2013,77.0,9.0,0.0,4.12,4.338735828347251,91.0,0.0,54.7,0.0,87.0,9.46,89.0,0.1,6.285747690720974,12.80765263256463,2.4,2.4,0.735,14.2,Bosnia and Herzegovina,0
2014,77.2,89.0,0.0,4.03,6.598326790075477,89.0,8.006700845440367,55.3,0.0,86.0,9.57,86.0,0.1,8.555442147951574,10.481869015752949,2.4,2.4,0.742,14.2,Bosnia and Herzegovina,0
2015,77.4,88.0,0.0,4.03,0.0,82.0,7.425357887027151,55.8,0.0,74.0,9.57,82.0,0.1,8.428575878328521,15.07849595607559,2.3,2.3,0.747,14.2,Bosnia and Herzegovina,0
2000,47.8,647.0,1.0986122886681098,5.37,5.528999028382585,86.0,7.890956716138919,29.9,1.6094379124341003,97.0,4.64,97.0,38.8,8.116921045509882,12.060092661138658,12.3,12.2,0.559,11.7,Botswana,0
2001,46.7,679.0,1.0986122886681098,5.48,5.72994631308079,87.0,0.6931471805599453,3.5,1.6094379124341003,97.0,5.73,97.0,37.2,8.048781232391129,14.37794294698069,11.8,11.8,0.56,11.8,Botswana,0
2002,46.0,699.0,1.0986122886681098,6.41,1.9919764981627435,88.0,2.0794415416798357,31.1,1.6094379124341003,97.0,6.47,97.0,34.6,5.876666252053378,14.39209807923771,11.4,11.3,0.558,11.9,Botswana,0
2003,46.4,693.0,1.0986122886681098,5.51,5.705005477150343,9.0,4.0943445622221,31.6,1.6094379124341003,96.0,4.65,96.0,31.9,8.334389822569495,12.124537157547655,1.9,1.8,0.567,11.8,Botswana,0
2004,48.1,652.0,1.0986122886681098,4.9,6.153971054853607,91.0,0.6931471805599453,32.2,1.6094379124341003,96.0,5.56,96.0,28.4,8.496497267589492,12.11688071103393,1.5,1.4,0.58,11.8,Botswana,0
2005,51.7,566.0,1.0986122886681098,6.37,6.447056329508692,92.0,1.791759469228055,32.7,1.3862943611198906,96.0,5.62,96.0,20.6,8.585273009503435,14.433854986605386,1.0,9.9,0.593,11.9,Botswana,0
2006,54.8,491.0,1.0986122886681098,6.45,4.347935570774652,93.0,1.9459101490553132,33.2,1.3862943611198906,96.0,4.93,96.0,14.4,8.589617078737671,14.44903458382215,9.6,9.4,0.61,11.9,Botswana,0
2007,56.9,436.0,1.0986122886681098,6.21,6.241422944310854,93.0,0.6931471805599453,33.7,1.3862943611198906,96.0,4.71,96.0,13.4,8.650933451976334,14.464922650898718,9.2,9.0,0.63,12.1,Botswana,0
2008,57.5,427.0,1.0986122886681098,6.56,6.16932321668576,94.0,0.0,34.2,1.3862943611198906,96.0,5.55,96.0,12.7,8.63486592161142,14.481467409234911,8.8,8.6,0.646,12.1,Botswana,0
2009,59.2,393.0,1.0986122886681098,5.01,6.05862205648117,94.0,5.220355825078324,34.7,1.3862943611198906,96.0,6.39,96.0,9.0,8.553858689902682,14.49854831001569,8.4,8.2,0.661,12.2,Botswana,0
2010,61.1,349.0,1.0986122886681098,5.99,6.306345846319958,95.0,6.74993119378857,35.2,1.3862943611198906,96.0,5.64,95.0,6.2,8.755762155357676,12.277774511043836,8.0,7.8,0.669,12.3,Botswana,0
2011,62.2,325.0,1.0986122886681098,5.76,6.507212464584779,95.0,2.1972245773362196,35.7,1.3862943611198906,96.0,5.25,95.0,5.5,8.941965992596137,12.434561883169135,7.7,7.4,0.678,12.4,Botswana,0
2012,63.4,3.0,1.0986122886681098,0.01,2.6271635619186333,95.0,2.0794415416798357,36.2,1.3862943611198906,96.0,6.27,95.0,4.4,6.593361542793994,12.575274795345731,7.3,7.0,0.687,12.5,Botswana,0
2013,64.2,286.0,1.0986122886681098,0.01,0.7503831379210951,95.0,0.6931471805599453,36.8,1.0986122886681098,96.0,5.84,95.0,2.8,4.364699673635564,12.268380555703859,7.0,6.7,0.693,12.6,Botswana,0
2014,65.1,268.0,1.0986122886681098,0.01,6.497984204492825,95.0,0.6931471805599453,37.3,1.0986122886681098,96.0,5.41,95.0,2.3,8.922493269374343,14.589580366646492,6.7,6.4,0.697,12.6,Botswana,0
2015,65.7,256.0,1.0986122886681098,0.01,0.0,95.0,0.0,37.9,1.0986122886681098,96.0,5.41,95.0,2.2,8.784721177817445,12.34234153778116,6.4,6.1,0.698,12.6,Botswana,0
2000,75.0,183.0,4.718498871295094,7.26,5.195607386781079,94.0,3.6109179126442243,43.7,4.852030263919617,99.0,7.3,98.0,0.1,8.226872804337825,18.981938543049292,3.4,3.4,0.677,14.1,Brazil,0
2001,71.0,179.0,4.6443908991413725,7.13,5.013831574545239,91.0,0.6931471805599453,44.5,4.77912349311153,99.0,7.19,98.0,0.1,8.0545072885813,14.390756695905289,3.4,3.4,0.685,14.3,Brazil,0
2002,71.4,176.0,4.564348191467836,7.0,4.95570364576098,92.0,0.6931471805599453,45.3,4.700480365792417,99.0,7.13,99.0,0.1,7.944722467552088,14.411663241052938,3.3,3.3,0.692,14.6,Brazil,0
2003,71.8,172.0,4.48863636973214,6.95,2.8248141914860643,97.0,1.0986122886681098,46.1,4.61512051684126,99.0,6.94,99.0,0.1,5.8877348731268855,19.022162917984108,3.3,3.3,0.699,14.8,Brazil,0
2004,72.0,17.0,4.406719247264253,6.85,5.234360268351384,96.0,0.0,46.9,4.543294782270004,99.0,7.7,99.0,0.1,8.19546518997032,19.034451647641095,3.2,3.2,0.695,14.0,Brazil,0
2005,72.7,163.0,4.330733340286331,6.97,3.2093789015103176,98.0,1.9459101490553132,47.8,4.454347296253507,99.0,8.27,99.0,0.1,6.1699929732356855,19.046177162707394,3.2,3.1,0.694,13.8,Brazil,0
2006,73.0,161.0,4.2626798770413155,7.1,3.4437377999661516,99.0,4.060443010546419,48.6,4.382026634673881,99.0,8.36,99.0,0.1,6.375273468639846,16.75532903693598,3.1,3.1,0.698,13.8,Brazil,0
2007,73.3,159.0,4.189654742026425,7.19,5.981242807424269,99.0,0.0,49.4,4.30406509320417,99.0,8.28,99.0,0.1,8.897621882646776,16.766592581068195,3.1,3.0,0.7,13.5,Brazil,0
2008,73.4,158.0,4.127134385045092,7.21,6.267917679576717,96.0,0.0,5.3,4.23410650459726,99.0,8.24,99.0,0.1,9.081212270619769,16.775508394236994,3.0,3.0,0.704,13.3,Brazil,0
2009,73.6,157.0,4.060443010546419,7.33,6.33775165668134,99.0,0.0,51.1,4.174387269895637,99.0,8.65,99.0,0.1,9.054199260887588,19.087976625529052,3.0,2.9,0.714,13.8,Brazil,0
2010,73.8,154.0,4.007333185232471,7.52,7.014087514866904,96.0,4.23410650459726,52.0,4.127134385045092,99.0,8.27,99.0,0.1,9.325912503161245,19.09767958915078,2.9,2.9,0.716,13.8,Brazil,0
2011,74.1,152.0,3.9512437185814275,7.58,6.990256285024244,98.0,3.784189633918261,52.8,4.060443010546419,98.0,8.9,99.0,0.1,9.485580834331566,19.10723971484024,2.9,2.8,0.724,14.0,Brazil,0
2012,74.5,148.0,3.912023005428146,7.55,6.7383830674195835,96.0,1.0986122886681098,53.6,4.007333185232471,96.0,8.26,95.0,0.1,9.416741902516137,12.456769105129982,2.8,2.8,0.73,14.2,Brazil,0
2013,74.7,146.0,3.8501476017100584,7.24,6.821402788515464,96.0,5.3981627015177525,54.5,3.970291913552122,96.0,8.48,97.0,0.1,9.410661018905767,14.625833033988382,2.8,2.7,0.734,14.2,Brazil,0
2014,74.8,144.0,3.8066624897703196,7.32,4.432775042375141,96.0,6.776506992372183,55.3,3.912023005428146,96.0,8.32,93.0,0.1,7.112830423330429,17.002405771176463,2.7,2.7,0.747,15.2,Brazil,0
2015,75.0,142.0,3.7612001156935624,7.32,0.0,96.0,5.3706380281276624,56.1,3.871201010907891,98.0,8.32,96.0,0.1,9.077752785255287,14.769566713802666,2.7,2.6,0.754,15.2,Brazil,0
2000,74.4,16.0,0.0,0.37,2.549199912727238,99.0,3.7612001156935624,26.1,0.0,99.0,3.5,99.0,0.1,5.244115952941039,14.149783234468618,6.8,6.3,0.818,13.4,Brunei Darussalam,0
2001,74.7,19.0,0.0,0.47,6.9844037157070415,99.0,2.4849066497880004,27.0,0.0,99.0,3.6,97.0,0.1,9.70924292924095,14.149783234468618,6.8,6.2,0.819,13.4,Brunei Darussalam,0
2002,74.8,95.0,0.0,0.13,6.848752009288697,99.0,0.0,28.0,0.0,99.0,3.4,94.0,0.1,9.731940925134358,14.149783234468618,6.7,6.1,0.82,13.3,Brunei Darussalam,0
2003,76.0,89.0,0.0,0.12,7.249578843103974,99.0,3.2188758248682006,29.1,0.0,99.0,3.9,92.0,0.1,9.828578994075617,14.149783234468618,6.6,6.1,0.823,13.4,Brunei Darussalam,0
2004,76.4,89.0,0.0,0.11,7.316747519439234,99.0,2.833213344056216,3.1,0.0,92.0,3.1,92.0,0.1,9.99413472741172,14.149783234468618,6.5,6.0,0.828,13.7,Brunei Darussalam,0
2005,76.2,92.0,0.0,0.16,5.1969199950274465,99.0,2.302585092994046,31.2,0.0,93.0,2.62,94.0,0.1,7.868305335781755,14.149783234468618,6.4,5.9,0.834,14.1,Brunei Darussalam,0
2006,76.3,93.0,0.0,0.67,3.2571472102447347,99.0,0.0,32.2,0.0,94.0,2.24,97.0,0.1,5.991381843688148,14.149783234468618,6.3,5.8,0.837,14.3,Brunei Darussalam,0
2007,76.0,1.0,0.0,0.85,7.625379157117167,97.0,0.0,33.2,0.0,95.0,2.32,99.0,0.1,10.394315565399872,14.149783234468618,6.2,5.7,0.84,14.3,Brunei Darussalam,0
2008,77.2,84.0,0.0,0.67,7.839896144388771,96.0,1.3862943611198906,34.2,0.0,97.0,2.23,98.0,0.1,10.544085018163742,14.149783234468618,6.1,5.6,0.84,14.2,Brunei Darussalam,0
2009,76.8,88.0,0.0,0.25,7.536196912189743,96.0,1.0986122886681098,35.2,0.0,99.0,2.85,99.0,0.1,10.238761764669642,14.149783234468618,6.0,5.5,0.841,14.1,Brunei Darussalam,0
2010,76.9,79.0,0.0,0.88,7.704976049165715,96.0,0.0,36.2,0.0,99.0,2.73,95.0,0.1,10.470762837202697,14.149783234468618,5.9,5.4,0.845,14.2,Brunei Darussalam,0
2011,77.4,79.0,0.0,0.97,5.692967594424563,93.0,1.6094379124341003,37.2,0.0,99.0,2.25,97.0,0.1,8.459198121795076,14.149783234468618,5.9,5.4,0.846,14.1,Brunei Darussalam,0
2012,78.3,79.0,0.0,0.01,8.068914861672816,99.0,0.6931471805599453,38.2,0.0,99.0,2.3,99.0,0.1,10.771685335030122,14.149783234468618,5.8,5.3,0.852,14.4,Brunei Darussalam,0
2013,77.1,84.0,0.0,0.01,7.953777448187027,98.0,0.0,39.2,0.0,99.0,2.61,99.0,0.1,10.70545056506692,14.149783234468618,5.8,5.2,0.86,14.9,Brunei Darussalam,0
2014,77.6,8.0,0.0,0.01,5.598952478988497,99.0,0.6931471805599453,4.2,0.0,99.0,2.65,99.0,0.1,8.333478312399539,14.149783234468618,5.7,5.2,0.863,15.0,Brunei Darussalam,0
2015,77.7,78.0,0.0,0.01,0.0,99.0,1.6094379124341003,41.2,0.0,99.0,2.65,99.0,0.1,8.2862430226026,14.149783234468618,5.7,5.1,0.864,14.9,Brunei Darussalam,0
2000,71.1,163.0,0.6931471805599453,9.69,2.7872142089859837,94.0,3.8501476017100584,57.0,0.6931471805599453,94.0,6.7,93.0,0.1,5.137478554274313,13.613606101732206,2.5,2.5,0.709,12.9,Bulgaria,1
2001,71.6,16.0,0.6931471805599453,10.72,3.260502447268603,93.0,2.1972245773362196,57.5,0.6931471805599453,94.0,7.23,94.0,0.1,7.476457584904951,11.39799710085907,2.4,2.5,0.713,12.9,Bulgaria,1
2002,71.8,157.0,0.6931471805599453,10.2,3.5342055932013183,88.0,0.0,58.1,0.6931471805599453,94.0,7.41,93.0,0.1,5.664815851619292,15.87438733699655,2.4,2.4,0.723,12.9,Bulgaria,1
2003,72.0,155.0,0.6931471805599453,11.19,3.508141473700783,96.0,0.0,58.6,0.6931471805599453,96.0,7.43,96.0,0.1,5.6075220568520505,15.866466201634923,2.3,2.4,0.729,12.9,Bulgaria,1
2004,72.2,157.0,0.6931471805599453,10.96,5.953625865788604,94.0,0.0,59.1,0.6931471805599453,94.0,7.9,95.0,0.1,8.12639352903005,13.556334306379219,2.3,2.3,0.738,13.3,Bulgaria,1
2005,72.1,16.0,0.6931471805599453,10.48,6.125428115050047,96.0,1.3862943611198906,59.7,0.6931471805599453,97.0,7.8,96.0,0.1,8.267369360785317,15.851388459621122,2.2,2.3,0.745,13.5,Bulgaria,1
2006,72.2,161.0,0.6931471805599453,10.39,6.233685872487496,96.0,0.6931471805599453,6.3,0.6931471805599453,96.0,6.67,95.0,0.1,8.414969147440143,11.240105732089072,2.2,2.2,0.75,13.5,Bulgaria,1
2007,72.6,157.0,0.6931471805599453,10.89,6.384367915564483,95.0,0.6931471805599453,6.9,0.6931471805599453,95.0,6.41,95.0,0.1,8.688436894236668,15.83644057959224,2.1,2.2,0.755,13.5,Bulgaria,1
2008,72.9,155.0,0.6931471805599453,10.98,4.69118835299127,96.0,0.6931471805599453,61.5,0.6931471805599453,96.0,6.61,95.0,0.1,8.895235368467842,15.829421353080326,2.1,2.1,0.761,13.8,Bulgaria,1
2009,73.2,152.0,0.6931471805599453,10.93,6.496042343887211,96.0,7.718685495198466,62.1,0.6931471805599453,94.0,6.78,94.0,0.1,8.84750186266206,15.822978540317527,2.0,2.1,0.768,13.8,Bulgaria,1
2010,73.4,147.0,0.6931471805599453,10.8,6.643067452052972,95.0,9.999024979245192,62.7,0.6931471805599453,94.0,7.24,94.0,0.1,8.831166104318887,15.816395786738335,2.0,2.0,0.77,13.9,Bulgaria,1
2011,73.7,144.0,0.6931471805599453,10.67,6.775536760047389,96.0,5.062595033026967,63.3,0.6931471805599453,95.0,6.88,95.0,0.1,8.96377912810931,15.80998349840301,2.0,2.0,0.775,14.2,Bulgaria,1
2012,73.9,139.0,0.6931471805599453,10.99,6.74811534472696,95.0,0.6931471805599453,63.9,0.6931471805599453,95.0,7.11,95.0,0.1,8.906428016840252,13.508834571119863,1.9,1.9,0.778,14.3,Bulgaria,1
2013,74.1,14.0,0.6931471805599453,12.06,5.015024839264344,95.0,2.70805020110221,64.5,0.6931471805599453,95.0,7.93,95.0,0.1,8.945836346552186,15.79859482182395,1.9,1.9,0.781,14.4,Bulgaria,1
2014,74.3,138.0,0.6931471805599453,12.03,5.037861515201254,95.0,0.0,65.1,0.6931471805599453,88.0,8.44,88.0,0.1,8.968820911971111,15.792910929968002,1.9,1.9,0.787,14.8,Bulgaria,1
2015,74.5,137.0,0.0,12.03,0.0,92.0,0.0,65.7,0.6931471805599453,91.0,8.44,91.0,0.1,8.85287616808231,15.78653023617249,1.9,1.8,0.792,15.0,Bulgaria,1
2000,51.0,348.0,3.8918202981106265,3.71,3.0368404336849615,76.0,8.711937268208748,12.2,4.532599493153256,45.0,5.6,45.0,4.0,5.4270446565537025,13.970754639809622,11.4,11.1,0.0,3.4,Burkina Faso,0
2001,56.0,344.0,3.8918202981106265,4.56,3.182281958370244,76.0,8.336869637284956,12.5,4.543294782270004,62.0,4.85,62.0,3.6,5.465911134940353,16.2957888467282,11.2,1.8,0.0,3.5,Burkina Faso,0
2002,51.0,338.0,3.912023005428146,4.53,1.4340284514109862,76.0,7.4645098346365275,12.9,4.543294782270004,69.0,5.26,69.0,3.2,3.3237236959462457,11.719386635950663,11.0,1.6,0.0,3.6,Burkina Faso,0
2003,51.6,332.0,3.912023005428146,4.58,3.75207753233731,76.0,7.988542982737695,13.3,4.532599493153256,83.0,5.61,79.0,2.9,5.809176042767789,16.353533081898505,1.7,1.3,0.0,3.8,Burkina Faso,0
2004,52.4,323.0,3.912023005428146,4.54,4.059771766174383,76.0,4.356708826689592,13.7,4.5217885770490405,83.0,6.45,79.0,2.5,5.91976408035528,11.802380963971151,1.5,1.1,0.0,3.9,Burkina Faso,0
2005,53.3,313.0,3.8918202981106265,4.88,2.27931537383301,76.0,5.537334267018537,14.2,4.499809670330265,94.0,6.87,82.0,2.3,3.8711774897979385,14.109816146423597,1.3,9.8,0.0,4.3,Burkina Faso,0
2006,54.3,32.0,3.871201010907891,4.73,4.178076641632535,76.0,4.836281906951478,14.6,4.465908118654584,94.0,6.58,86.0,2.0,6.048868074766195,16.442291265865876,1.0,9.6,0.325,4.7,Burkina Faso,0
2007,55.3,293.0,3.8501476017100584,4.58,4.316518387904356,89.0,2.5649493574615367,15.1,4.430816798843313,93.0,6.63,89.0,1.7,6.165651482400419,14.169838149024653,9.8,9.3,0.334,4.9,Burkina Faso,0
2008,56.1,288.0,3.828641396489095,4.5,4.689500616533524,93.0,5.981414211254481,15.6,4.394449154672439,92.0,6.77,93.0,1.5,6.346971045880456,16.502658963906576,9.5,9.1,0.345,5.4,Burkina Faso,0
2009,56.9,283.0,3.8066624897703196,4.55,4.408462203652408,92.0,10.898940604656513,16.1,4.356708826689592,91.0,7.41,92.0,1.1,6.31670528900203,14.230397804651343,9.3,8.8,0.356,5.9,Burkina Faso,0
2010,57.5,279.0,3.784189633918261,4.55,4.515903712105026,91.0,7.828834527588089,16.6,4.31748811353631,9.0,7.17,91.0,1.0,6.3568824519606615,14.263535669380047,9.0,8.6,0.365,6.3,Burkina Faso,0
2011,58.1,275.0,3.7612001156935624,4.51,4.460790783724192,91.0,6.7580945044277305,17.1,4.276666119016055,9.0,5.17,91.0,0.9,6.504052791045941,12.03287929956309,8.8,8.4,0.377,6.7,Burkina Faso,0
2012,58.6,271.0,3.7376696182833684,4.75,4.379145909742268,9.0,8.904222737368716,17.7,4.23410650459726,9.0,5.33,9.0,0.8,6.514449989702932,16.623177832692445,8.6,8.1,0.384,7.2,Burkina Faso,0
2013,59.0,27.0,3.713572066704308,4.64,4.4994807511311645,88.0,5.929589143389895,18.2,4.204692619390966,89.0,5.91,88.0,0.7,6.551727050163808,14.388027904580055,8.4,7.9,0.392,7.5,Burkina Faso,0
2014,59.3,268.0,3.6888794541139363,0.01,2.239255387717432,91.0,5.840641657373398,18.8,4.1588830833596715,91.0,4.96,91.0,0.6,4.3326579515071,16.682612437925194,8.2,7.7,0.398,7.7,Burkina Faso,0
2015,59.9,26.0,3.6635616461296463,0.01,0.0,91.0,4.605170185988092,19.4,4.127134385045092,91.0,4.96,91.0,0.6,6.424207905901255,14.409734790524817,8.0,7.5,0.399,7.7,Burkina Faso,0
2000,58.0,386.0,3.258096538021482,6.61,2.369934269661167,83.0,9.818147505369113,12.8,3.7376696182833684,71.0,4.98,8.0,5.2,4.919969579048422,8.776012719182917,9.0,8.9,0.268,4.5,Burundi,0
2001,51.3,385.0,3.258096538021482,6.09,2.4526568237793716,83.0,0.0,13.0,3.713572066704308,72.0,4.96,81.0,5.3,4.903367545269415,15.695865288064264,8.8,8.8,0.268,4.5,Burundi,0
2002,51.5,387.0,3.2188758248682006,5.98,2.3664993752100365,83.0,6.92461239604856,13.3,3.6888794541139363,74.0,5.15,81.0,5.2,4.815703272973314,15.72380339344818,8.7,8.7,0.268,4.4,Burundi,0
2003,51.9,387.0,3.2188758248682006,5.84,2.0209200331600665,83.0,5.41610040220442,13.5,3.6635616461296463,75.0,5.25,82.0,5.1,4.734876285248207,15.75470017474712,8.5,8.5,0.276,4.7,Burundi,0
2004,52.6,378.0,3.2188758248682006,5.72,2.5036101004984532,83.0,1.0986122886681098,13.8,3.6635616461296463,76.0,7.1,83.0,4.8,4.855381398839467,15.787151386903401,8.4,8.4,0.279,5.2,Burundi,0
2005,53.4,369.0,3.2188758248682006,5.54,1.0106699140710311,87.0,0.0,14.1,3.6375861597263857,82.0,9.84,87.0,4.3,2.8078557162746036,15.820132913098918,8.2,8.3,0.286,5.6,Burundi,0
2006,54.1,361.0,3.2188758248682006,4.5,3.1023039580006935,92.0,6.665683717782408,14.5,3.6109179126442243,88.0,11.49,92.0,3.8,5.117271501313486,15.853523019843204,8.1,8.2,0.29,5.9,Burundi,0
2007,54.8,355.0,3.2188758248682006,4.54,1.0030536329962132,99.0,3.784189633918261,14.8,3.6109179126442243,93.0,1.3,99.0,3.4,2.933854210257899,15.88737017939103,8.0,8.0,0.309,7.2,Burundi,0
2008,55.3,35.0,3.1780538303479458,4.33,2.8328692801671416,92.0,5.159055299214529,15.2,3.58351893845611,89.0,7.86,92.0,2.9,5.284458082823616,15.921139326449302,7.9,7.9,0.319,7.9,Burundi,0
2009,56.2,338.0,3.1780538303479458,4.05,1.1087258646119145,94.0,5.723585101952381,15.7,3.5553480614894135,96.0,6.96,94.0,2.4,3.255965499740733,13.651734367857266,7.8,7.8,0.336,8.6,Burundi,0
2010,56.8,33.0,3.1780538303479458,4.16,3.4701597176606813,96.0,6.206575926724928,16.1,3.5553480614894135,94.0,8.82,96.0,1.9,5.4475746314113564,13.683913293707016,7.7,7.7,0.361,9.3,Burundi,0
2011,57.4,321.0,3.1354942159291497,4.16,1.525182080821566,96.0,4.867534450455582,16.6,3.5263605246161616,95.0,8.58,96.0,1.5,3.313457484820915,11.454861935754561,7.6,7.6,0.385,9.9,Burundi,0
2012,58.0,312.0,3.1354942159291497,0.01,3.68214948483819,96.0,3.912023005428146,17.1,3.5263605246161616,96.0,8.21,96.0,1.2,5.58456960852925,13.745058050297976,7.5,7.5,0.393,10.3,Burundi,0
2013,58.6,33.0,3.1354942159291497,0.01,3.717255143646774,96.0,0.0,17.6,3.4965075614664802,96.0,8.3,96.0,1.0,5.6481130406765185,11.474049492387088,7.4,7.4,0.398,10.5,Burundi,0
2014,59.1,297.0,3.1354942159291497,0.01,3.7436419952249134,95.0,0.0,18.2,3.4965075614664802,95.0,7.54,95.0,0.7,5.7485932375323365,13.804631596066734,7.4,7.3,0.404,10.6,Burundi,0
2015,59.6,288.0,3.091042453358316,0.01,0.0,94.0,2.302585092994046,18.7,3.4657359027997265,94.0,7.54,94.0,0.7,3.5461984165731195,11.694646841692151,7.3,7.2,0.406,10.6,Burundi,0
2000,69.9,155.0,0.0,3.49,4.816843969481212,4.0,1.0986122886681098,21.5,0.0,9.0,4.81,9.0,0.8,7.1231713339550256,10.68235360849861,9.6,9.5,0.0,11.3,Cabo Verde,0
2001,73.0,152.0,0.0,3.81,5.022191504471371,4.0,0.0,22.1,0.0,91.0,5.19,9.0,0.8,7.146681280833294,13.002942250809276,9.4,9.3,0.562,11.0,Cabo Verde,0
2002,77.0,148.0,0.0,3.82,5.051183759370797,4.0,0.0,22.6,0.0,92.0,5.17,91.0,0.8,7.225856683313605,10.719228401304807,9.2,9.1,0.569,11.3,Cabo Verde,0
2003,71.1,144.0,0.0,4.16,5.347519350669895,66.0,0.0,23.2,0.0,93.0,5.0,92.0,0.9,7.478690372602455,10.73960890204718,8.9,8.9,0.572,11.3,Cabo Verde,0
2004,71.4,14.0,0.0,4.19,5.485376495802425,91.0,0.0,23.7,0.0,94.0,5.6,93.0,0.8,7.589567743670021,13.055507506618264,8.7,8.7,0.574,11.1,Cabo Verde,0
2005,71.8,134.0,0.0,4.26,1.4701337672038362,93.0,0.0,24.3,0.0,95.0,4.86,95.0,0.8,5.517993272523616,13.07016019551045,8.5,8.5,0.582,11.2,Cabo Verde,0
2006,72.1,129.0,0.0,4.25,3.3124146902755807,95.0,0.0,24.9,0.0,97.0,5.11,96.0,0.6,5.460818455886677,10.795403621268628,8.3,8.3,0.596,11.9,Cabo Verde,0
2007,72.3,126.0,0.0,5.28,5.847778091645557,96.0,0.0,25.5,0.0,98.0,4.3,98.0,0.6,8.043433946506317,13.094866787340829,8.1,8.0,0.602,11.9,Cabo Verde,0
2008,72.4,124.0,0.0,4.16,5.890596377127087,98.0,0.0,26.2,0.0,99.0,3.96,99.0,0.4,8.199727823206128,13.105672862459002,7.8,7.8,0.615,12.2,Cabo Verde,0
2009,72.4,124.0,0.0,4.45,5.831817186002527,98.0,0.0,26.8,0.0,99.0,4.24,99.0,0.4,8.144840737886252,13.116272867847607,7.6,7.6,0.621,12.4,Cabo Verde,0
2010,72.5,123.0,0.0,4.75,5.6625809994617065,98.0,0.0,27.5,0.0,99.0,4.83,99.0,0.4,8.105858687555354,10.866375569787065,7.4,7.4,0.627,12.7,Cabo Verde,0
2011,72.6,122.0,0.0,5.07,1.6880925992830407,9.0,0.0,28.2,0.0,9.0,4.6,9.0,0.3,5.909249249611071,8.677269139262872,7.3,7.2,0.632,13.1,Cabo Verde,0
2012,72.7,121.0,0.0,0.01,3.5426648247857813,94.0,0.0,29.0,0.0,94.0,4.61,94.0,0.3,5.856454238569088,13.149939633174432,7.1,7.1,0.636,13.2,Cabo Verde,0
2013,72.8,12.0,0.0,0.01,5.7888276114452255,94.0,0.0,29.7,0.0,93.0,4.29,93.0,0.2,8.177458607040686,8.559677803022392,6.9,6.9,0.643,13.6,Cabo Verde,0
2014,73.0,117.0,0.0,0.01,6.028336932500572,97.0,0.0,3.5,0.0,95.0,4.76,95.0,0.2,8.169228327217466,13.173888844837633,6.8,6.7,0.643,13.5,Cabo Verde,0
2015,73.3,114.0,0.0,0.01,0.0,96.0,0.0,31.3,0.0,93.0,4.76,93.0,0.2,7.991294357787783,13.186115339285257,6.6,6.6,0.646,13.5,Cabo Verde,0
2000,57.7,274.0,3.332204510175204,1.51,0.28398880271955856,8.0,9.412301144022486,12.1,3.6109179126442243,62.0,5.87,59.0,2.1,1.544568456543664,16.313033536129268,11.6,11.9,0.401,7.2,Cambodia,0
2001,58.5,273.0,3.258096538021482,1.71,3.356538539667009,8.0,8.232706009860976,12.4,3.5263605246161616,59.0,5.7,6.0,2.2,5.775254217867036,14.03261511118066,11.6,11.8,0.412,7.6,Cambodia,0
2002,59.3,273.0,3.1780538303479458,1.43,3.4629384166064967,8.0,7.216709486709457,12.8,3.4011973816621555,54.0,5.95,54.0,2.1,5.830934767351223,16.351959929363602,11.6,11.8,0.427,8.2,Cambodia,0
2003,63.0,268.0,3.091042453358316,1.44,4.035928407051144,8.0,6.483107351457199,13.1,3.295836866004329,69.0,6.74,69.0,1.9,5.895562983345631,16.369097530400925,11.6,11.7,0.445,9.3,Cambodia,0
2004,61.5,253.0,2.995732273553991,1.38,2.239231921318805,8.0,5.8664680569332965,13.5,3.2188758248682006,86.0,6.43,85.0,1.7,3.9042969159152086,14.125476001650371,11.6,11.7,0.458,9.7,Cambodia,0
2005,62.9,234.0,2.9444389791664403,1.99,4.146591801118205,8.0,5.579729825986222,13.9,3.1354942159291497,82.0,5.84,82.0,1.4,6.1637860121565495,11.796011994069652,11.5,11.6,0.47,10.0,Cambodia,0
2006,64.1,216.0,2.8903717578961645,2.03,3.9608983314950104,8.0,5.241747015059643,14.3,3.091042453358316,8.0,4.48,8.0,1.1,6.293195876629739,16.416308826176667,11.4,11.6,0.483,10.1,Cambodia,0
2007,65.0,24.0,2.833213344056216,2.08,4.073038646423756,82.0,5.978885764901122,14.8,3.044522437723423,82.0,3.75,82.0,0.9,6.449958109259772,16.43120377428592,11.3,11.5,0.495,10.3,Cambodia,0
2008,65.6,199.0,2.833213344056216,2.24,3.9908358579397625,91.0,8.345692873253865,15.3,2.9444389791664403,91.0,5.55,91.0,0.7,6.6157810581594525,11.841221510307264,11.2,11.4,0.511,10.5,Cambodia,0
2009,66.1,195.0,2.772588722239781,2.13,3.8990236746512323,92.0,8.472195825485501,15.9,2.8903717578961645,95.0,6.36,94.0,0.6,6.605612713615006,9.61106090905359,11.1,11.4,0.52,10.5,Cambodia,0
2010,66.6,192.0,2.70805020110221,2.2,4.058443855117909,89.0,7.053585727193677,16.4,2.833213344056216,88.0,5.95,89.0,0.5,6.667837936041969,11.876700146024184,11.0,11.3,0.519,10.6,Cambodia,0
2011,67.0,19.0,2.6390573296152584,2.12,4.113917060262796,88.0,6.583409222158765,17.0,2.772588722239781,87.0,5.64,88.0,0.3,6.783881627876044,16.492268696262983,11.0,11.2,0.533,10.7,Cambodia,0
2012,67.4,186.0,2.5649493574615367,0.01,2.0687248200780375,86.0,2.772588722239781,17.6,2.70805020110221,84.0,6.24,86.0,0.3,4.566888005075611,16.508573475371556,11.0,11.2,0.54,10.7,Cambodia,0
2013,67.8,183.0,2.4849066497880004,0.01,2.278109447009718,83.0,0.0,18.2,2.6390573296152584,66.0,5.93,83.0,0.2,4.863059591654147,14.235991035720996,11.0,11.1,0.546,10.8,Cambodia,0
2014,68.3,179.0,2.4849066497880004,0.01,2.5786641581549805,88.0,0.0,18.9,2.5649493574615367,87.0,5.68,88.0,0.2,5.29675175662015,11.93675425709535,1.9,11.0,0.553,10.9,Cambodia,0
2015,68.7,174.0,2.3978952727983707,0.01,0.0,89.0,0.0,19.6,2.5649493574615367,87.0,5.68,89.0,0.2,7.059780647649053,16.55748774152991,1.9,1.9,0.558,10.9,Cambodia,0
2000,51.4,394.0,4.143134726391533,3.91,1.7440725641694175,79.0,9.59082949401417,2.9,4.61512051684126,57.0,4.48,62.0,7.7,4.240094324378262,16.541677979934736,7.7,7.8,0.433,6.9,Cameroon,0
2001,51.5,41.0,4.127134385045092,4.43,3.755048493905068,79.0,10.08309710182661,21.3,4.605170185988092,61.0,4.7,63.0,7.9,6.42271587106784,16.567381644415256,7.5,7.7,0.437,7.1,Cameroon,0
2002,51.6,47.0,4.110873864173311,4.58,4.001972922476771,79.0,7.278628942320682,21.8,4.584967478670572,66.0,4.86,66.0,7.8,6.518258487469532,14.337209057205282,7.4,7.5,0.452,8.4,Cameroon,0
2003,51.8,412.0,4.110873864173311,4.64,4.228864572544734,79.0,6.802394763324311,22.3,4.564348191467836,72.0,4.97,73.0,7.7,6.716436091803371,16.619708345723556,7.2,7.3,0.452,8.1,Cameroon,0
2004,52.1,412.0,4.0943445622221,4.71,2.1013622835005448,79.0,5.883322388488279,22.8,4.553876891600541,72.0,4.73,73.0,7.5,4.545544547521589,14.343772482070118,7.0,7.1,0.455,8.2,Cameroon,0
2005,52.8,4.0,4.07753744390572,5.03,4.304507724282633,79.0,6.406879986069314,23.3,4.543294782270004,79.0,4.75,8.0,7.4,6.859811367459906,14.371001278065572,6.9,7.0,0.456,8.3,Cameroon,0
2006,53.3,394.0,4.07753744390572,5.22,0.6742176685076932,81.0,5.2832037287379885,23.8,4.5217885770490405,78.0,4.69,81.0,7.2,2.6382830299226074,16.70028685710515,6.7,6.8,0.456,8.2,Cameroon,0
2007,53.6,395.0,4.060443010546419,5.44,2.147438091236219,82.0,4.61512051684126,24.4,4.499809670330265,81.0,4.76,82.0,7.0,4.724834650646435,16.727610647709692,6.6,6.6,0.456,8.0,Cameroon,0
2008,54.2,382.0,4.04305126783455,5.9,4.24430510998003,84.0,6.206575926724928,24.9,4.477336814478207,82.0,5.18,84.0,6.7,7.118441005634588,9.85108838373692,6.4,6.5,0.466,8.8,Cameroon,0
2009,54.8,373.0,4.007333185232471,5.89,2.3068301591374585,8.0,5.529429087511423,25.4,4.454347296253507,79.0,5.7,8.0,6.3,4.821855970739881,16.782459641411847,6.3,6.3,0.473,9.2,Cameroon,0
2010,55.3,37.0,3.9889840465642745,6.15,4.623979625138128,84.0,5.484796933490655,26.0,4.418840607796598,83.0,5.28,84.0,5.5,7.076543359174963,14.507404954117433,6.1,6.2,0.48,9.7,Cameroon,0
2011,55.6,371.0,3.9512437185814275,6.19,4.432965826243179,82.0,6.22455842927536,26.6,4.382026634673881,8.0,3.96,82.0,4.9,7.167539083077546,12.438960565894817,6.0,6.0,0.486,10.0,Cameroon,0
2012,55.9,369.0,3.9318256327243257,0.01,4.2421665598338905,85.0,6.413458957167357,27.2,4.343805421853684,85.0,4.34,85.0,4.6,7.136203287952318,14.595928415226107,5.9,5.9,0.496,10.4,Cameroon,0
2013,56.4,364.0,3.8918202981106265,0.01,4.160115161227421,89.0,6.634633357861686,27.8,4.30406509320417,88.0,4.29,89.0,4.0,7.219893977645109,16.89077999604178,5.8,5.8,0.501,10.4,Cameroon,0
2014,56.7,366.0,3.871201010907891,0.01,4.133447262322372,87.0,6.723832440821209,28.4,4.276666119016055,86.0,4.1,87.0,3.7,7.273884579313888,14.614815686148644,5.7,5.7,0.507,10.4,Cameroon,0
2015,57.3,357.0,3.828641396489095,0.01,0.0,84.0,7.501082124259871,29.0,4.23410650459726,83.0,4.1,84.0,3.5,7.127235665894662,16.943784115396852,5.6,5.5,0.514,10.4,Cameroon,0
2000,79.1,82.0,1.0986122886681098,7.6,8.239724005445888,14.0,5.332718793265369,57.8,1.0986122886681098,88.0,8.67,89.0,0.1,10.09101093841058,10.537362321631003,0.5,0.5,0.864,15.9,Canada,0
2001,79.4,8.0,1.0986122886681098,7.6,8.206880897003728,14.0,3.5553480614894135,58.5,1.0986122886681098,88.0,9.1,89.0,0.1,10.072917819225985,10.367850301891778,0.5,0.4,0.867,15.8,Canada,0
2002,79.5,79.0,1.0986122886681098,7.7,8.267925432192904,14.0,1.9459101490553132,59.3,1.0986122886681098,88.0,9.37,88.0,0.1,10.092819607429904,10.353384133154211,0.5,0.4,0.872,15.8,Canada,0
2003,79.7,78.0,1.0986122886681098,7.7,8.452941682953254,14.0,2.772588722239781,6.0,1.0986122886681098,88.0,9.54,91.0,0.1,10.246124634176265,10.363346144474624,0.5,0.4,0.877,15.8,Canada,0
2004,80.0,77.0,1.0986122886681098,7.8,8.615105423671169,14.0,2.0794415416798357,6.6,1.0986122886681098,91.0,9.56,91.0,0.1,10.372893251494673,10.373366173968712,0.5,0.4,0.881,15.8,Canada,0
2005,81.0,76.0,1.0986122886681098,8.0,8.753715323798911,14.0,1.9459101490553132,61.3,1.0986122886681098,93.0,9.57,93.0,0.1,10.496554374507971,10.38322490501888,0.5,0.4,0.886,15.8,Canada,0
2006,85.0,75.0,1.0986122886681098,8.2,6.649219973864813,14.0,2.6390573296152584,61.9,1.0986122886681098,95.0,9.75,95.0,0.1,8.386560332267662,12.693903913850464,0.5,0.4,0.891,15.8,Canada,0
2007,85.0,74.0,1.0986122886681098,8.3,8.980643341072765,14.0,4.624972813284271,62.5,1.0986122886681098,9.0,9.83,94.0,0.1,10.70426701932794,17.30861624871539,0.5,0.4,0.894,15.8,Canada,0
2008,87.0,74.0,1.0986122886681098,8.3,9.040137504021365,28.0,4.143134726391533,63.0,1.0986122886681098,89.0,1.3,92.0,0.1,10.749298650883041,17.319438219244173,0.5,0.4,0.897,15.8,Canada,0
2009,81.0,72.0,1.0986122886681098,8.4,6.763827089338973,42.0,2.70805020110221,63.6,1.0986122886681098,89.0,11.17,91.0,0.1,8.471034976228431,17.33088662072749,0.5,0.4,0.898,15.9,Canada,0
2010,81.2,7.0,1.0986122886681098,8.4,9.065392621275244,56.0,4.605170185988092,64.1,1.0986122886681098,88.0,11.2,89.0,0.1,10.76739968971841,12.752096479946129,0.5,0.4,0.898,15.9,Canada,0
2011,81.5,68.0,1.0986122886681098,8.2,6.880310120972011,7.0,6.6895992691789665,64.7,1.0986122886681098,87.0,1.82,87.0,0.1,8.572290585034615,15.049317563499182,0.5,0.5,0.903,15.9,Canada,0
2012,81.6,68.0,1.0986122886681098,8.3,9.184985254270252,7.0,2.3978952727983707,65.3,1.0986122886681098,99.0,1.78,95.0,0.1,10.868524540377669,15.061262146940772,0.5,0.5,0.907,15.9,Canada,0
2013,81.8,67.0,1.0986122886681098,8.2,9.183403615124176,55.0,4.430816798843313,65.8,1.0986122886681098,91.0,1.67,91.0,0.1,10.866942769021335,17.375290270878782,0.5,0.5,0.909,15.9,Canada,0
2014,82.0,65.0,1.0986122886681098,8.1,4.636574050104193,55.0,6.037870919922137,66.4,1.0986122886681098,91.0,1.45,91.0,0.1,6.301581368019077,17.386297819262676,0.5,0.5,0.912,15.9,Canada,0
2015,82.2,64.0,1.0986122886681098,8.1,0.0,55.0,5.278114659230517,67.0,1.0986122886681098,91.0,1.45,91.0,0.1,10.676294536701972,15.092230537551107,0.6,0.5,0.919,16.3,Canada,0
2000,46.0,49.0,2.833213344056216,1.51,3.4589575619784076,42.0,8.073402968986406,16.5,3.258096538021482,38.0,4.24,37.0,14.3,5.499390883275898,15.13859538112378,1.5,1.5,0.312,5.2,Central African Republic,0
2001,45.6,54.0,2.8903717578961645,1.52,3.545388831730936,42.0,7.950854857719988,16.8,3.258096538021482,4.0,3.95,4.0,13.9,5.4978182131856235,12.856374953597802,1.4,1.4,0.314,5.3,Central African Republic,0
2002,45.6,58.0,2.8903717578961645,1.47,3.484133091336237,42.0,6.844815479208263,17.2,3.258096538021482,42.0,4.16,44.0,13.4,5.540354673436093,12.89323444940711,1.2,1.2,0.315,5.4,Central African Republic,0
2003,45.7,51.0,2.8903717578961645,1.49,3.852616772287193,42.0,6.481577129276431,17.5,3.295836866004329,44.0,4.31,47.0,12.8,5.66038142807176,15.197210882639851,1.0,1.1,0.316,5.6,Central African Republic,0
2004,45.7,512.0,2.8903717578961645,1.5,3.749530366173015,42.0,7.1180162044653335,17.9,3.295836866004329,45.0,4.1,51.0,12.0,5.750080583853499,10.72628046129497,9.9,9.9,0.315,5.7,Central African Republic,0
2005,45.9,511.0,2.8903717578961645,1.5,3.7358126513775427,42.0,6.156978985585555,18.2,3.295836866004329,47.0,4.29,54.0,11.2,5.793363992419317,12.930699113116738,9.7,9.7,0.319,5.9,Central African Republic,0
2006,46.3,56.0,2.8903717578961645,1.54,3.869140121232871,42.0,1.3862943611198906,18.6,3.295836866004329,47.0,3.99,51.0,10.0,5.854136464741191,12.952189339836721,9.6,9.6,0.323,6.0,Central African Republic,0
2007,46.8,495.0,2.8903717578961645,1.5,4.111674334039676,42.0,3.912023005428146,19.0,3.295836866004329,46.0,4.4,48.0,9.0,5.986824968388368,10.66333497852314,9.4,9.4,0.33,6.2,Central African Republic,0
2008,47.6,477.0,2.8903717578961645,1.52,4.224515370570114,42.0,2.5649493574615367,19.4,3.258096538021482,46.0,4.3,45.0,8.3,6.126566591175987,15.284625380609452,9.3,9.2,0.338,6.3,Central African Republic,0
2009,48.6,453.0,2.8903717578961645,1.56,3.724525741660742,42.0,2.4849066497880004,19.8,3.258096538021482,45.0,3.58,42.0,7.3,6.111382721732008,10.701535142921443,9.1,9.1,0.345,6.4,Central African Republic,0
2010,49.2,446.0,2.8903717578961645,1.67,3.795120401403063,45.0,1.0986122886681098,2.2,3.2188758248682006,46.0,3.9,45.0,6.6,6.103550159673676,15.308083363316621,9.0,8.9,0.352,6.6,Central African Republic,0
2011,49.8,443.0,2.833213344056216,1.66,4.086471561828187,47.0,6.522092798170152,2.7,3.2188758248682006,47.0,3.73,47.0,5.8,6.205237892843812,15.314274753541483,8.8,8.8,0.361,6.8,Central African Republic,0
2012,53.0,439.0,2.833213344056216,0.01,2.121639574704708,47.0,4.955827057601261,21.2,3.1780538303479458,47.0,3.62,47.0,5.1,6.1891079969003675,13.015706466233295,8.7,8.6,0.366,7.1,Central African Republic,0
2013,49.9,451.0,2.833213344056216,0.01,3.977392418966501,23.0,6.391917113392602,21.6,3.1780538303479458,23.0,3.82,23.0,5.1,5.824479664186684,15.319511062895558,8.5,8.5,0.37,7.1,Central African Republic,0
2014,58.0,437.0,2.772588722239781,0.01,3.9970926243084484,47.0,5.351858133476067,22.1,3.1354942159291497,47.0,4.2,47.0,4.5,5.93524406562487,15.323002784234554,8.4,8.3,0.345,7.1,Central African Republic,0
2015,52.5,397.0,2.772588722239781,0.01,0.0,47.0,5.017279836814924,22.7,3.091042453358316,47.0,4.2,47.0,4.4,5.85616421082477,10.724632091159428,8.2,8.2,0.347,7.1,Central African Republic,0
2000,47.6,44.0,3.7376696182833684,0.25,3.1147153071469877,17.0,8.173857454773621,13.9,4.31748811353631,3.0,6.28,36.0,4.6,5.119380784258209,15.936880681670505,11.5,11.4,0.0,4.7,Chad,0
2001,48.0,4.0,3.7612001156935624,0.3,3.3277083726804317,17.0,10.122984462930141,14.1,4.330733340286331,26.0,6.9,26.0,4.8,5.28985992399239,13.672001554114477,11.3,11.2,0.3,4.9,Chad,0
2002,48.1,43.0,3.784189633918261,0.36,1.396168251675336,17.0,8.892611378172106,14.4,4.343805421853684,31.0,8.33,25.0,5.0,3.1719863352719235,11.426168601043946,11.1,11.0,0.303,5.1,Chad,0
2003,48.4,43.0,3.8066624897703196,0.42,1.605277978896087,17.0,9.667891793282678,14.8,4.356708826689592,36.0,5.49,23.0,5.1,5.682189128740046,13.74864613401065,1.9,1.8,0.284,5.4,Chad,0
2004,48.5,45.0,3.8066624897703196,0.34,4.29571291594594,17.0,9.242323417829233,15.1,4.3694478524670215,31.0,5.72,21.0,5.2,6.121783320825395,11.483949692733654,1.7,1.6,0.301,5.6,Chad,0
2005,48.6,46.0,3.828641396489095,0.42,2.2961710300008846,17.0,1.0986122886681098,15.4,4.382026634673881,37.0,3.91,25.0,5.2,4.208300128379191,7.426549072397305,1.5,1.4,0.306,5.6,Chad,0
2006,48.5,414.0,3.828641396489095,0.41,4.153748984368204,17.0,7.374629015218945,15.7,4.394449154672439,49.0,3.32,4.0,5.1,6.569740530460901,14.167292148956085,1.3,1.2,0.303,5.5,Chad,0
2007,49.4,394.0,3.8501476017100584,0.42,1.9405994338521386,17.0,6.091309882077698,16.1,4.394449154672439,38.0,3.35,28.0,4.9,4.415024710004362,12.08717085930568,1.0,1.0,0.306,5.7,Chad,0
2008,49.6,394.0,3.8501476017100584,0.45,3.913860960154091,17.0,4.1588830833596715,16.4,4.394449154672439,3.0,2.92,19.0,4.7,6.836014769406788,16.225501653181382,9.8,9.7,0.338,6.0,Chad,0
2009,57.0,37.0,3.8501476017100584,0.47,1.788905467269499,24.0,5.111987788356544,16.7,4.394449154672439,32.0,3.31,24.0,4.4,4.448000909779522,13.957693046712818,9.6,9.5,0.343,6.3,Chad,0
2010,51.2,364.0,3.8501476017100584,0.5,3.7971347800624757,39.0,5.272999558563747,17.1,4.394449154672439,43.0,2.95,39.0,4.1,6.799690815505648,13.988390179650041,9.4,9.3,0.36,6.7,Chad,0
2011,51.6,365.0,3.8501476017100584,0.56,4.2306613142748,33.0,9.065430200180375,17.5,4.382026634673881,4.0,3.17,33.0,3.9,6.897943665440278,16.324186792857798,9.2,9.1,0.37,6.7,Chad,0
2012,51.8,367.0,3.8501476017100584,0.62,4.074554540146475,4.0,4.795790545596741,17.9,4.382026634673881,51.0,3.0,4.0,3.6,6.881896374888158,14.058563397552845,9.0,8.9,0.381,7.3,Chad,0
2013,52.2,366.0,3.8501476017100584,0.64,4.350585312985233,39.0,5.424950017481403,18.2,4.3694478524670215,46.0,3.42,39.0,3.1,6.894803536094847,16.390683628556296,8.8,8.7,0.387,7.3,Chad,0
2014,52.6,362.0,3.8501476017100584,0.01,2.5097672807828144,37.0,7.151485463904735,18.7,4.3694478524670215,44.0,3.62,37.0,2.9,4.844175393476843,16.423330689762672,8.7,8.5,0.39,7.3,Chad,0
2015,53.1,356.0,3.8501476017100584,0.01,0.0,46.0,6.037870919922137,19.1,4.356708826689592,52.0,3.62,46.0,2.8,6.65704620443768,11.914476255456515,8.5,8.4,0.394,7.3,Chad,0
2000,77.3,13.0,1.0986122886681098,6.24,4.3194652172447405,95.0,0.0,54.0,1.3862943611198906,91.0,6.4,91.0,0.1,6.239044051736926,16.540926104878235,1.1,1.1,0.755,13.5,Chile,0
2001,77.3,16.0,1.0986122886681098,6.1,6.534532286071232,95.0,0.0,54.7,1.3862943611198906,96.0,6.51,97.0,0.1,8.433086608225109,16.55279394195676,1.0,1.0,0.761,13.7,Chile,0
2002,77.8,11.0,1.0986122886681098,6.06,6.517347504552223,95.0,0.0,55.4,1.3862943611198906,97.0,6.48,97.0,0.1,8.403922778619359,16.56429545377622,1.0,1.0,0.768,13.9,Chile,0
2003,77.9,1.0,1.0986122886681098,6.37,6.371781649737672,95.0,0.6931471805599453,56.1,1.0986122886681098,96.0,7.34,96.0,0.1,8.474014157092189,16.575491573528254,1.0,1.0,0.775,14.0,Chile,0
2004,78.0,97.0,1.0986122886681098,6.32,4.379343648433014,95.0,0.0,56.8,1.0986122886681098,94.0,6.93,93.0,0.1,6.434270919015572,16.58645912338192,0.9,1.0,0.781,14.3,Chile,0
2005,78.4,93.0,1.0986122886681098,7.57,6.8627207666501855,95.0,0.0,57.4,1.0986122886681098,92.0,6.69,91.0,0.1,8.938052111148767,14.294699993215252,0.9,1.0,0.79,14.6,Chile,0
2006,78.9,91.0,1.0986122886681098,7.33,7.15202577637361,95.0,0.0,58.1,1.0986122886681098,94.0,6.18,94.0,0.1,9.157538701297717,16.607889223596267,0.9,0.9,0.796,14.9,Chile,0
2007,78.9,9.0,1.0986122886681098,7.39,5.349426684637986,92.0,0.0,58.7,1.0986122886681098,95.0,6.35,96.0,0.1,7.331634770175489,16.618367054366576,0.9,0.9,0.797,14.8,Chile,0
2008,79.6,88.0,1.0986122886681098,7.31,5.491221637119714,95.0,0.0,59.3,1.0986122886681098,95.0,6.87,95.0,0.1,7.485697422988572,16.628637814553272,0.9,0.9,0.804,15.2,Chile,0
2009,79.3,91.0,1.0986122886681098,7.67,5.206892206770892,94.0,0.6931471805599453,59.9,1.0986122886681098,94.0,7.39,94.0,0.1,7.126351097015488,16.63864046995681,0.8,0.9,0.816,15.3,Chile,0
2010,79.1,89.0,1.0986122886681098,7.93,5.184546663645648,92.0,0.0,6.6,1.0986122886681098,92.0,6.97,92.0,0.1,7.160207224489383,16.648332943253127,0.8,0.9,0.815,15.2,Chile,0
2011,79.8,86.0,1.0986122886681098,7.26,5.359479693187084,94.0,1.9459101490553132,61.2,1.0986122886681098,93.0,7.0,94.0,0.1,7.29756001439958,16.657704514158834,0.8,0.8,0.82,15.4,Chile,0
2012,79.9,84.0,1.0986122886681098,6.76,7.723906350341061,9.0,0.0,61.8,1.0986122886681098,9.0,7.24,9.0,0.1,9.644258771797874,14.369250258319923,0.8,0.8,0.826,15.5,Chile,0
2013,81.0,84.0,1.0986122886681098,7.2,7.8010729611099405,9.0,0.0,62.5,1.0986122886681098,9.0,7.53,91.0,0.1,9.676737331250031,16.67559394143471,0.8,0.8,0.831,15.6,Chile,0
2014,83.0,83.0,1.0986122886681098,7.16,7.7638711140733925,95.0,0.0,63.1,1.0986122886681098,95.0,7.79,95.0,0.1,9.603623431320266,16.68419318690512,0.8,0.8,0.841,16.2,Chile,0
2015,85.0,82.0,1.0986122886681098,7.16,0.0,97.0,2.302585092994046,63.8,1.0986122886681098,96.0,7.79,96.0,0.1,9.52180437906238,16.692610297640417,0.8,0.8,0.845,16.3,Chile,0
2000,71.7,115.0,6.19644412779452,3.06,2.9156373060566003,6.0,11.171758224044796,2.5,6.411818267709897,86.0,4.6,85.0,0.1,6.867320897871764,14.048720077009808,5.9,5.1,0.583,9.5,China,0
2001,72.2,11.0,6.126869184114185,2.84,2.7233095140077928,65.0,11.395975831937383,21.2,6.326149473155099,86.0,4.56,86.0,0.1,5.038136317131263,11.753405860937713,5.7,5.0,0.592,9.6,China,0
2002,72.7,16.0,6.0473721790462776,2.91,4.676178692184533,7.0,10.974077524630472,21.9,6.238324625039508,86.0,4.79,86.0,0.1,7.047156895578193,7.158513997329321,5.5,4.9,0.6,9.7,China,0
2003,73.1,13.0,5.971261839790462,2.96,4.819769619260286,75.0,11.182753340897495,22.6,6.148468295917647,87.0,4.82,86.0,0.1,7.162120655937893,9.463819123086465,5.3,4.7,0.61,9.9,China,0
2004,73.5,11.0,5.8888779583328805,3.04,0.9503769862245804,79.0,11.16407695728096,23.4,6.059123195581797,87.0,4.72,87.0,0.1,5.073099552938462,11.772794310776526,5.1,4.6,0.622,10.2,China,0
2005,73.9,99.0,5.808142489980444,2.92,5.15132204117146,84.0,11.729809466113293,24.1,5.973809611869261,87.0,4.66,87.0,0.1,7.4698923429710415,9.500993027872797,5.0,4.4,0.634,10.6,China,0
2006,74.2,98.0,5.730099782973574,3.28,3.425676306056977,91.0,11.508947563601005,24.9,5.8888779583328805,94.0,4.52,93.0,0.1,5.704547768410886,9.481359383531425,4.8,4.3,0.646,11.0,China,0
2007,74.4,96.0,5.655991810819852,3.88,5.748317509383001,92.0,11.599323320460693,25.7,5.808142489980444,94.0,4.32,93.0,0.1,7.899660302198554,14.091539495614786,4.7,4.1,0.659,11.4,China,0
2008,74.5,97.0,5.58724865840025,4.27,3.694491111272042,95.0,11.786320968663555,26.5,5.733341276897746,99.0,4.59,97.0,0.1,8.15255737133773,14.096663361053158,4.5,4.0,0.672,11.9,China,0
2009,74.9,93.0,5.517452896464707,4.88,3.937368853004323,99.0,10.867844376979322,27.3,5.666426688112432,99.0,5.8,99.0,0.1,8.25308031493748,11.799058838807154,4.4,3.8,0.682,12.2,China,0
2010,75.0,92.0,5.44673737166631,5.75,1.8962328173190863,99.0,10.549543125562224,28.1,5.594711379601839,99.0,4.89,99.0,0.1,6.125804178332173,11.803922038389839,4.2,3.6,0.691,12.5,China,0
2011,75.2,91.0,5.375278407684165,5.63,4.52469194287443,99.0,9.204724633190548,29.0,5.529429087511423,99.0,5.3,99.0,0.1,8.636716251906542,11.808679868312883,4.1,3.5,0.7,12.8,China,0
2012,75.4,89.0,5.308267697401205,5.74,4.558439693537841,99.0,8.729720590267258,3.0,5.455321115357702,99.0,5.26,99.0,0.1,8.754457847839635,11.81817236860148,3.9,3.3,0.703,12.4,China,0
2013,75.6,88.0,5.225746673713202,5.79,2.393844537089538,99.0,10.199286593089857,3.9,5.37989735354046,99.0,5.39,99.0,0.1,6.657723379338236,11.818489203205418,3.8,3.2,0.713,12.7,China,0
2014,75.8,86.0,5.147494476813453,5.78,4.70839794162928,99.0,10.871022577597294,31.9,5.293304824724492,99.0,5.55,99.0,0.1,8.946963689186171,11.823552281917108,3.7,3.0,0.723,13.1,China,0
2015,76.1,85.0,5.062595033026967,5.78,0.0,99.0,10.654007012953944,32.9,5.214935757608986,99.0,5.55,99.0,0.1,6.768736788877839,11.828633612238713,3.6,2.9,0.734,13.5,China,0
2000,71.4,167.0,2.9444389791664403,4.66,6.169891407324531,78.0,0.6931471805599453,46.7,3.091042453358316,82.0,5.91,79.0,0.1,7.813267260682573,13.003487494808203,2.6,2.3,0.65,11.3,Colombia,0
2001,71.5,165.0,2.8903717578961645,4.43,6.004925011712411,8.0,1.3862943611198906,47.5,3.091042453358316,83.0,5.96,8.0,0.1,7.781913387420392,13.120160953849128,2.5,2.3,0.653,11.4,Colombia,0
2002,71.8,163.0,2.8903717578961645,4.45,5.97857524403628,78.0,4.941642422609304,48.2,3.044522437723423,83.0,5.67,81.0,0.1,7.7650285860315735,17.542949256509285,2.5,2.3,0.656,11.5,Colombia,0
2003,72.4,15.0,2.833213344056216,4.25,6.037402766918865,92.0,0.0,49.0,2.995732273553991,92.0,5.92,92.0,0.1,7.717465850400701,17.5567962968621,2.5,2.2,0.659,11.6,Colombia,0
2004,72.8,148.0,2.833213344056216,4.26,3.765367331937069,89.0,0.0,49.8,2.995732273553991,89.0,5.37,89.0,0.1,5.617677748352778,17.57027521977625,2.4,2.2,0.658,11.3,Colombia,0
2005,73.1,144.0,2.772588722239781,4.38,6.278485434024774,93.0,0.0,5.5,2.9444389791664403,93.0,5.82,93.0,0.1,8.12777543307341,17.583331382733483,2.4,2.1,0.658,11.1,Colombia,0
2006,73.1,147.0,2.772588722239781,4.53,4.150048985808122,93.0,0.0,51.3,2.8903717578961645,94.0,6.11,93.0,0.1,5.942242159543475,17.595959636538247,2.3,2.1,0.669,11.5,Colombia,0
2007,73.5,144.0,2.70805020110221,4.66,6.661336287629622,93.0,0.0,52.0,2.8903717578961645,93.0,6.25,93.0,0.1,8.450031416020547,17.608177183178345,2.3,2.1,0.675,11.9,Colombia,0
2008,73.5,146.0,2.70805020110221,4.45,6.886603560271232,92.0,0.0,52.8,2.833213344056216,92.0,6.62,92.0,0.1,8.600564108298128,15.317707298525844,2.3,2.0,0.683,12.2,Colombia,0
2009,73.6,15.0,2.6390573296152584,4.34,6.848691243598249,92.0,0.0,53.5,2.772588722239781,92.0,7.1,92.0,0.1,8.546639776293688,17.631379031222945,2.2,2.0,0.691,12.4,Colombia,0
2010,73.6,15.0,2.5649493574615367,4.28,4.7383333135613634,88.0,0.0,54.2,2.772588722239781,88.0,6.76,88.0,0.1,6.440396852101794,15.339804004191283,2.2,2.0,0.695,12.8,Colombia,0
2011,74.2,144.0,2.5649493574615367,4.37,5.2220158615901004,85.0,1.9459101490553132,55.0,2.70805020110221,85.0,6.64,85.0,0.1,8.885819981838692,15.351656442194908,2.2,2.0,0.7,13.0,Colombia,0
2012,74.3,143.0,2.4849066497880004,4.44,7.305790562171593,92.0,0.6931471805599453,55.7,2.6390573296152584,91.0,6.93,91.0,0.1,8.97284233992383,17.66313318737904,2.1,1.9,0.707,13.2,Colombia,0
2013,74.4,145.0,2.4849066497880004,4.41,2.7826971358942347,91.0,0.6931471805599453,56.4,2.6390573296152584,91.0,6.84,91.0,0.1,4.437772314964438,17.672929151194264,2.1,1.9,0.712,13.3,Colombia,0
2014,74.6,144.0,2.4849066497880004,4.38,7.269956354192272,9.0,0.0,57.2,2.5649493574615367,9.0,7.2,9.0,0.1,8.976437070607448,17.68236697812398,2.1,1.9,0.72,13.6,Colombia,0
2015,74.8,143.0,2.3978952727983707,4.38,0.0,91.0,0.6931471805599453,57.9,2.5649493574615367,91.0,7.2,91.0,0.1,6.470064800517711,17.691464796034904,2.1,1.9,0.724,13.6,Colombia,0
2000,59.5,272.0,0.6931471805599453,0.09,3.584337665429917,28.0,0.0,17.3,1.0986122886681098,7.0,3.56,7.0,0.1,5.931854810465075,13.203681578981866,7.9,7.9,0.0,8.2,Comoros,0
2001,59.5,272.0,0.6931471805599453,0.08,3.0309744303336212,28.0,0.0,17.6,1.0986122886681098,7.0,2.86,7.0,0.1,5.98376482090064,13.228323913014174,7.8,7.8,0.0,8.5,Comoros,0
2002,59.5,271.0,1.0986122886681098,0.08,3.4150665896822074,28.0,0.0,18.0,1.0986122886681098,98.0,3.39,89.0,0.1,6.073664491886857,13.252478942727683,7.7,7.7,0.0,8.8,Comoros,0
2003,59.6,271.0,1.0986122886681098,0.26,3.830598357564976,28.0,0.0,18.4,1.0986122886681098,8.0,3.65,8.0,0.1,6.301824752007806,13.276306035596587,7.6,7.6,0.0,9.2,Comoros,0
2004,59.8,269.0,1.0986122886681098,0.27,2.1056099873755114,77.0,0.0,18.8,1.0986122886681098,73.0,3.96,76.0,0.1,6.425549057783899,13.300055903414593,7.5,7.5,0.0,9.5,Comoros,0
2005,60.0,266.0,1.0986122886681098,0.24,4.2622226387209885,68.0,6.816735880594968,19.2,1.0986122886681098,67.0,4.32,68.0,0.1,6.434440124684784,13.323879533545673,7.5,7.4,0.434,9.7,Comoros,0
2006,63.0,262.0,1.0986122886681098,0.25,4.357072809157884,69.0,4.454347296253507,19.6,1.0986122886681098,69.0,4.57,69.0,0.1,6.4760291027750885,13.347785929821603,7.4,7.3,0.451,9.9,Comoros,0
2007,66.0,259.0,1.0986122886681098,0.16,2.3113107330313496,75.0,0.0,2.1,1.0986122886681098,75.0,4.93,75.0,0.1,4.30080726521364,11.069181999552008,7.3,7.2,0.459,10.0,Comoros,0
2008,61.0,255.0,1.0986122886681098,0.12,4.547200864757481,81.0,0.0,2.6,1.0986122886681098,81.0,5.13,81.0,0.1,6.680823549071061,13.395789312307906,7.2,7.1,0.461,10.2,Comoros,0
2009,61.3,251.0,1.0986122886681098,0.17,4.060262386303808,83.0,0.6931471805599453,21.1,1.0986122886681098,84.0,3.82,83.0,0.1,6.65871095479262,13.419876466660947,7.2,7.0,0.465,10.3,Comoros,0
2010,61.8,246.0,1.0986122886681098,0.15,3.8775189011506535,74.0,0.0,21.6,1.0986122886681098,82.0,5.82,74.0,0.1,6.646616837676344,13.444001850027584,7.1,6.9,0.476,10.5,Comoros,0
2011,62.2,241.0,1.0986122886681098,0.12,4.105278727433342,83.0,1.3862943611198906,22.1,1.0986122886681098,85.0,6.1,83.0,0.2,6.72233936580174,11.245960634107169,7.0,6.8,0.479,10.6,Comoros,0
2012,62.5,237.0,1.0986122886681098,0.01,4.374373495343443,89.0,0.6931471805599453,22.6,1.0986122886681098,85.0,7.11,86.0,0.8,6.671567841114276,13.492365715769857,6.9,6.7,0.484,10.8,Comoros,0
2013,62.9,233.0,0.6931471805599453,0.01,4.1363568215360855,88.0,0.0,23.2,1.0986122886681098,85.0,6.51,87.0,0.8,6.727841160781003,8.91139510724569,6.8,6.6,0.49,10.9,Comoros,0
2014,63.2,23.0,0.6931471805599453,0.01,4.315697834876713,88.0,0.0,23.7,1.0986122886681098,87.0,6.75,87.0,0.8,6.749877771986943,13.540265491002843,6.8,6.6,0.497,11.1,Comoros,0
2015,63.5,227.0,0.6931471805599453,0.01,0.0,91.0,0.0,24.2,1.0986122886681098,92.0,6.75,91.0,0.8,6.591188548208061,13.563742455360162,6.7,6.5,0.498,11.1,Comoros,0
2000,52.9,416.0,2.302585092994046,2.26,0.0,64.0,7.425953657077541,19.3,2.70805020110221,31.0,2.13,33.0,7.8,7.1137238128557545,14.149783234468618,9.5,9.2,0.487,9.8,Congo,0
2001,52.7,419.0,2.302585092994046,2.3,0.0,64.0,7.674617497364363,19.8,2.70805020110221,32.0,2.44,31.0,7.6,7.1137238128557545,14.149783234468618,9.4,9.0,0.487,9.7,Congo,0
2002,52.6,424.0,2.302585092994046,2.55,0.0,64.0,7.933438387627489,2.3,2.70805020110221,41.0,2.45,41.0,7.2,7.1137238128557545,14.149783234468618,9.3,8.9,0.488,9.5,Congo,0
2003,53.2,417.0,2.302585092994046,2.45,0.0,64.0,8.21959545417708,2.7,2.70805020110221,5.0,2.61,5.0,6.8,7.1137238128557545,14.149783234468618,9.1,8.8,0.492,9.4,Congo,0
2004,54.1,48.0,2.302585092994046,2.58,0.0,64.0,8.16763571524637,21.2,2.6390573296152584,67.0,2.56,67.0,6.3,7.1137238128557545,14.149783234468618,9.0,8.6,0.497,9.2,Congo,0
2005,55.3,394.0,2.1972245773362196,2.03,0.0,64.0,4.990432586778736,21.7,2.6390573296152584,62.0,2.42,62.0,5.9,7.1137238128557545,14.149783234468618,8.8,8.5,0.496,9.4,Congo,0
2006,56.9,368.0,2.1972245773362196,2.25,0.0,64.0,4.844187086458591,22.3,2.5649493574615367,73.0,2.37,73.0,5.5,7.1137238128557545,14.149783234468618,8.7,8.3,0.507,9.6,Congo,0
2007,58.2,354.0,2.1972245773362196,2.75,0.0,64.0,4.442651256490317,22.8,2.4849066497880004,71.0,2.54,72.0,5.0,7.1137238128557545,14.149783234468618,8.5,8.2,0.517,9.8,Congo,0
2008,59.4,338.0,2.1972245773362196,2.58,0.0,73.0,1.0986122886681098,23.3,2.4849066497880004,77.0,2.9,79.0,4.3,7.1137238128557545,14.149783234468618,8.4,8.0,0.527,10.0,Congo,0
2009,68.0,314.0,2.0794415416798357,3.47,0.0,75.0,0.6931471805599453,23.9,2.4849066497880004,76.0,2.27,78.0,4.0,7.1137238128557545,14.149783234468618,8.3,7.9,0.545,10.3,Congo,0
2010,62.0,298.0,2.0794415416798357,3.53,0.0,74.0,1.6094379124341003,24.5,2.3978952727983707,72.0,2.29,74.0,3.8,7.1137238128557545,14.149783234468618,8.1,7.7,0.548,10.5,Congo,0
2011,62.9,285.0,2.0794415416798357,3.82,0.0,7.0,5.755742213586912,25.0,2.3978952727983707,69.0,2.79,82.0,3.5,7.1137238128557545,14.149783234468618,8.0,7.6,0.558,10.7,Congo,0
2012,63.7,273.0,2.0794415416798357,0.01,0.0,62.0,5.564520407322694,25.6,2.3978952727983707,61.0,3.98,85.0,3.3,7.1137238128557545,14.149783234468618,7.9,7.5,0.557,10.2,Congo,0
2013,63.9,274.0,2.0794415416798357,0.01,0.0,85.0,4.8283137373023015,26.2,2.3978952727983707,85.0,5.9,85.0,3.0,7.1137238128557545,14.149783234468618,7.7,7.4,0.576,11.1,Congo,0
2014,64.2,275.0,2.0794415416798357,0.01,0.0,9.0,4.276666119016055,26.8,2.3978952727983707,9.0,5.15,9.0,3.0,7.1137238128557545,14.149783234468618,7.6,7.3,0.581,11.1,Congo,0
2015,64.7,267.0,2.0794415416798357,0.01,0.0,8.0,7.215239978730097,27.4,2.3978952727983707,8.0,5.15,8.0,2.8,7.1137238128557545,14.149783234468618,7.5,7.1,0.59,11.1,Congo,0
2000,77.6,98.0,0.6931471805599453,4.34,4.5557508670322875,89.0,0.0,45.4,0.6931471805599453,8.0,7.12,88.0,0.1,5.964513840002609,15.182990023820054,2.4,2.3,0.702,11.6,Costa Rica,0
2001,77.5,1.0,0.6931471805599453,4.29,6.767770374947875,8.0,0.0,46.4,0.6931471805599453,92.0,7.25,91.0,0.1,8.289672190534546,15.201004348713203,2.3,2.2,0.708,11.7,Costa Rica,0
2002,78.3,99.0,0.6931471805599453,4.17,4.735754266426956,94.0,0.0,47.3,0.6931471805599453,94.0,8.23,94.0,0.1,6.138050220005051,10.74343705115356,2.2,2.2,0.712,11.9,Costa Rica,0
2003,78.0,1.0,0.6931471805599453,4.04,6.976599205110612,86.0,0.6931471805599453,48.3,0.6931471805599453,88.0,8.45,88.0,0.1,8.335362914724449,15.232812186356668,2.2,2.1,0.715,12.1,Costa Rica,0
2004,77.7,12.0,0.6931471805599453,4.09,6.950918163480274,89.0,0.0,49.3,0.6931471805599453,9.0,7.8,9.0,0.1,8.39538135176684,12.94500309311967,2.1,2.0,0.719,12.2,Costa Rica,0
2005,78.6,97.0,0.6931471805599453,4.1,6.911581223712726,9.0,0.6931471805599453,5.3,0.6931471805599453,91.0,7.74,91.0,0.1,8.454915866513119,15.261921647238564,2.0,2.0,0.723,12.4,Costa Rica,0
2006,78.0,16.0,0.6931471805599453,4.15,7.078689197040649,88.0,0.0,51.4,0.6931471805599453,89.0,7.82,89.0,0.1,8.565256876906782,12.991787612605439,2.0,1.9,0.727,12.6,Costa Rica,0
2007,78.9,93.0,0.6931471805599453,4.2,5.023150964653285,89.0,0.0,52.4,0.6931471805599453,89.0,8.37,89.0,0.1,6.419381414253076,15.29015227825205,1.9,1.9,0.734,12.8,Costa Rica,0
2008,78.9,99.0,0.6931471805599453,4.22,7.5283831745256276,89.0,0.0,53.4,0.6931471805599453,89.0,9.1,9.0,0.1,8.841034005891787,13.001232493954117,1.9,1.8,0.74,12.9,Costa Rica,0
2009,79.2,96.0,0.6931471805599453,4.07,3.2537487805914926,87.0,0.0,54.4,0.6931471805599453,8.0,9.69,86.0,0.1,6.537265670461098,15.316976547984044,1.9,1.8,0.747,13.1,Costa Rica,0
2010,78.1,16.0,0.6931471805599453,3.58,7.774019408191727,89.0,0.0,55.5,0.6931471805599453,93.0,9.66,88.0,0.1,9.011939995510637,13.027016996944768,1.8,1.8,0.749,13.3,Costa Rica,0
2011,79.0,98.0,0.6931471805599453,3.41,7.795998221399731,84.0,0.0,56.5,0.6931471805599453,82.0,9.73,85.0,0.1,9.125609634894628,10.746669812589644,1.8,1.7,0.752,13.4,Costa Rica,0
2012,79.2,97.0,0.6931471805599453,3.34,7.851364269614031,91.0,0.0,57.5,0.6931471805599453,9.0,9.56,91.0,0.1,9.208976401190812,15.353264051373522,1.8,1.7,0.758,13.6,Costa Rica,0
2013,79.4,96.0,0.6931471805599453,3.42,5.958780992080036,94.0,0.0,58.5,0.6931471805599453,95.0,9.47,95.0,0.1,7.359255209583491,10.771470004116164,1.7,1.7,0.762,13.7,Costa Rica,0
2014,79.5,96.0,0.6931471805599453,3.45,5.9545746912749955,91.0,0.6931471805599453,59.5,0.6931471805599453,91.0,9.31,91.0,0.1,7.407585750999655,15.375248852801514,1.7,1.7,0.768,13.9,Costa Rica,0
2015,79.6,95.0,0.6931471805599453,3.45,0.0,92.0,0.0,6.5,0.6931471805599453,92.0,9.31,92.0,0.1,7.045221309506696,13.097769409948366,1.7,1.7,0.775,14.2,Costa Rica,0
2000,74.7,127.0,0.0,12.73,6.4775737006652605,95.0,2.302585092994046,54.7,0.0,94.0,7.66,93.0,0.1,8.501191583843188,8.395477432732141,2.1,2.1,0.739,12.2,Croatia,1
2001,74.9,126.0,0.0,13.15,6.4799782991485015,95.0,2.1972245773362196,55.2,0.0,94.0,7.16,94.0,0.1,8.565301488691077,6.09807428216624,2.0,2.0,0.749,12.3,Croatia,1
2002,74.8,124.0,0.0,13.39,2.5365618637164387,95.0,1.9459101490553132,55.8,0.0,95.0,6.19,95.0,0.1,6.484202118952998,6.09807428216624,2.0,2.0,0.759,12.6,Croatia,1
2003,74.7,122.0,0.0,13.78,4.550471785327117,95.0,2.995732273553991,56.3,0.0,95.0,6.35,94.0,0.1,6.668077561079884,6.09807428216624,1.9,1.9,0.765,12.9,Croatia,1
2004,75.4,114.0,0.0,13.11,7.018756706538674,95.0,4.007333185232471,56.9,0.0,96.0,6.56,96.0,0.1,9.14492065929002,8.39840965542627,1.9,1.9,0.771,13.3,Croatia,1
2005,75.2,116.0,0.0,11.59,5.125343919110261,95.0,1.0986122886681098,57.5,0.0,96.0,6.89,96.0,0.1,7.110896837528192,8.399085102935908,1.8,1.8,0.777,13.6,Croatia,1
2006,75.9,113.0,0.0,11.83,7.350292631115245,95.0,0.6931471805599453,58.1,0.0,96.0,6.95,96.0,0.1,9.338242564717833,6.09807428216624,1.8,1.8,0.783,13.9,Croatia,1
2007,75.8,114.0,0.0,12.56,7.611255075309407,95.0,0.0,58.7,0.0,96.0,7.44,96.0,0.1,9.513971975721692,8.39773375137891,1.8,1.7,0.793,14.3,Croatia,1
2008,76.0,116.0,0.0,12.06,7.794165559983372,97.0,3.9512437185814275,59.4,0.0,96.0,7.7,96.0,0.1,9.673751417820007,13.002360630009631,1.7,1.7,0.8,14.3,Croatia,1
2009,76.3,19.0,0.0,12.21,7.678502277635281,97.0,1.0986122886681098,6.0,0.0,96.0,8.18,96.0,0.1,9.558045296511425,13.00127764384046,1.7,1.6,0.803,14.2,Croatia,1
2010,76.6,16.0,0.0,12.1,5.3369937883324114,97.0,2.0794415416798357,6.6,0.0,97.0,8.25,97.0,0.1,7.21284436152924,15.301148318150378,1.6,1.6,0.803,14.2,Croatia,1
2011,77.0,14.0,0.0,12.19,7.557136887988333,97.0,2.5649493574615367,61.3,0.0,96.0,7.8,96.0,0.1,9.584671420195702,12.96833302367093,1.6,1.5,0.808,14.5,Croatia,1
2012,77.1,14.0,0.0,11.49,7.524406471731891,98.0,1.0986122886681098,61.9,0.0,96.0,7.8,96.0,0.1,9.490769523219626,15.266552558979884,1.5,1.5,0.815,14.6,Croatia,1
2013,77.7,97.0,0.0,12.39,7.549665681978479,96.0,0.0,62.5,0.0,96.0,7.83,96.0,0.1,9.516040318234014,15.263767469004911,1.5,1.5,0.817,14.9,Croatia,1
2014,77.8,97.0,0.0,12.14,7.541735518136898,95.0,0.0,63.1,0.0,95.0,7.8,95.0,0.1,9.508106548758803,15.25969403811626,1.5,1.5,0.82,15.1,Croatia,1
2015,78.0,95.0,0.0,12.14,0.0,94.0,5.332718793265369,63.7,0.0,94.0,7.8,94.0,0.1,9.357092383317688,10.654077828632564,1.5,1.4,0.823,15.3,Croatia,1
2000,76.9,115.0,0.6931471805599453,3.92,3.9188015304290658,98.0,0.0,49.4,0.6931471805599453,98.0,6.7,95.0,0.1,7.916484952598868,14.149783234468618,3.6,3.4,0.679,12.1,Cuba,0
2001,76.7,115.0,0.6931471805599453,4.04,5.7794658941170285,98.0,0.0,5.4,0.6931471805599453,99.0,6.27,98.0,0.1,7.949158173569652,14.149783234468618,3.6,3.4,0.686,12.3,Cuba,0
2002,77.7,19.0,0.6931471805599453,4.1,5.816418094551228,98.0,0.0,51.3,0.6931471805599453,98.0,6.5,99.0,0.1,8.004813022637693,14.149783234468618,3.5,3.3,0.692,12.5,Cuba,0
2003,77.4,18.0,0.6931471805599453,4.39,4.116455817356351,99.0,0.0,52.1,0.6931471805599453,98.0,6.31,72.0,0.1,8.068925809954328,14.149783234468618,3.5,3.3,0.694,12.9,Cuba,0
2004,77.3,17.0,0.6931471805599453,4.38,1.70188118275972,99.0,0.0,53.0,0.6931471805599453,98.0,6.14,88.0,0.1,5.831050037059632,14.149783234468618,3.4,3.3,0.705,13.2,Cuba,0
2005,77.2,19.0,0.6931471805599453,4.48,6.253705577251666,95.0,0.0,53.8,0.6931471805599453,99.0,9.39,89.0,0.1,8.23763192246714,14.149783234468618,3.4,3.3,0.719,14.2,Cuba,0
2006,78.0,14.0,0.6931471805599453,4.17,6.262392859057116,89.0,0.0,54.6,0.6931471805599453,99.0,7.67,89.0,0.1,8.449062433916492,14.149783234468618,3.4,3.2,0.732,14.7,Cuba,0
2007,78.1,14.0,0.6931471805599453,4.13,6.622356948937728,93.0,0.0,55.4,0.6931471805599453,99.0,1.42,93.0,0.1,8.553620434732476,14.149783234468618,3.4,3.2,0.754,16.0,Cuba,0
2008,77.9,12.0,0.6931471805599453,4.26,6.564723692021548,95.0,0.0,56.2,0.6931471805599453,99.0,1.79,95.0,0.1,8.589969120880594,14.149783234468618,3.4,3.2,0.771,17.1,Cuba,0
2009,78.1,11.0,0.6931471805599453,4.01,6.7091544529281935,96.0,0.0,56.9,0.6931471805599453,99.0,11.78,96.0,0.1,8.609913894144107,14.149783234468618,3.4,3.2,0.782,17.7,Cuba,0
2010,78.0,98.0,0.6931471805599453,4.13,6.669854392237591,96.0,0.0,57.7,0.6931471805599453,99.0,1.19,96.0,0.1,8.644203115666468,14.149783234468618,3.4,3.2,0.784,17.6,Cuba,0
2011,78.8,92.0,0.6931471805599453,4.14,4.63535576652036,96.0,0.0,58.4,0.6931471805599453,99.0,1.6,97.0,0.1,6.51755953845751,14.149783234468618,3.4,3.2,0.78,16.5,Cuba,0
2012,78.7,96.0,0.6931471805599453,4.16,6.6109600733853675,96.0,0.0,59.2,0.6931471805599453,98.0,8.59,99.0,0.1,8.768253983823174,14.149783234468618,3.4,3.2,0.778,15.7,Cuba,0
2013,78.7,96.0,0.6931471805599453,4.18,4.571362199866051,96.0,0.0,59.9,0.6931471805599453,99.0,9.48,99.0,0.1,6.517897894203665,14.149783234468618,3.4,3.3,0.773,14.7,Cuba,0
2014,79.0,93.0,0.6931471805599453,4.37,2.6857433701036264,97.0,0.0,6.7,0.6931471805599453,99.0,11.6,99.0,0.1,4.337550837723315,14.149783234468618,3.4,3.3,0.772,14.0,Cuba,0
2015,79.1,92.0,0.6931471805599453,4.37,0.0,99.0,0.0,61.4,0.6931471805599453,99.0,11.6,99.0,0.1,6.637600329181396,14.149783234468618,3.5,3.3,0.773,13.9,Cuba,0
2000,78.1,7.0,0.0,9.56,6.858357862597394,89.0,0.0,52.8,0.0,97.0,5.77,97.0,0.1,9.593824498696753,13.757125863137277,0.9,1.0,0.798,12.5,Cyprus,1
2001,78.2,69.0,0.0,10.16,4.623094769490951,89.0,0.0,53.3,0.0,97.0,5.78,97.0,0.1,7.354953537581851,11.475047050530808,0.9,1.0,0.8,12.4,Cyprus,1
2002,78.4,68.0,0.0,11.68,7.029132634878868,88.0,0.0,53.8,0.0,98.0,6.12,98.0,0.1,9.703406720403725,13.792208153586506,0.9,1.0,0.805,12.5,Cyprus,1
2003,78.5,66.0,0.0,10.62,5.073351780711603,88.0,0.0,54.3,0.0,98.0,6.83,98.0,0.1,7.738261037889359,13.809053757620903,0.9,1.0,0.815,13.0,Cyprus,1
2004,78.6,65.0,0.0,13.03,7.370056931506214,88.0,0.0,54.8,0.0,98.0,6.42,98.0,0.1,10.083034065789327,7.040536390215956,0.9,1.0,0.823,13.4,Cyprus,1
2005,78.7,65.0,0.0,11.41,7.354695497563893,88.0,0.6931471805599453,55.3,0.0,98.0,6.37,98.0,0.1,10.13956654551665,11.757117925472146,0.9,1.0,0.826,13.5,Cyprus,1
2006,78.8,64.0,0.0,11.47,7.439466199040777,93.0,0.0,55.8,0.0,97.0,6.28,97.0,0.1,10.209905233221667,9.586033321750676,0.9,1.0,0.829,13.4,Cyprus,1
2007,78.9,63.0,0.0,11.56,7.580457823472366,93.0,0.0,56.3,0.0,97.0,6.5,97.0,0.1,10.35416922966161,12.00587017376753,0.9,1.0,0.836,13.5,Cyprus,1
2008,79.1,62.0,0.0,12.01,5.483306170573426,93.0,0.6931471805599453,56.8,0.0,97.0,6.89,97.0,0.1,8.1720935091832,12.109363487612141,0.9,1.0,0.844,13.7,Cyprus,1
2009,79.3,6.0,0.0,10.8,5.443509834283796,96.0,0.0,57.3,0.0,99.0,7.4,99.0,0.1,8.076147298371147,9.897318563390598,0.9,1.0,0.849,14.1,Cyprus,1
2010,79.5,59.0,0.0,11.32,5.650135626165055,96.0,2.9444389791664403,57.8,0.0,99.0,7.23,99.0,0.1,8.247865367146872,11.619696984693451,0.9,1.0,0.853,14.6,Cyprus,1
2011,79.7,57.0,0.0,10.69,7.801524301629109,96.0,0.0,58.3,0.0,99.0,7.54,99.0,0.1,10.38080311619051,13.933147805216267,0.9,1.0,0.847,13.8,Cyprus,1
2012,80.0,56.0,0.0,10.55,7.678213534316695,96.0,0.6931471805599453,58.7,0.0,99.0,7.44,99.0,0.1,10.273399938260368,11.640113027990695,0.9,1.0,0.85,13.8,Cyprus,1
2013,81.0,54.0,0.0,9.04,5.3616954923435225,96.0,0.0,59.2,0.0,99.0,7.46,99.0,0.1,7.93700582813985,13.949951411903454,0.9,1.0,0.85,13.8,Cyprus,1
2014,83.0,53.0,0.0,0.01,5.33899948056547,96.0,2.3978952727983707,59.8,0.0,99.0,7.37,99.0,0.1,7.914209814390551,11.654772189198464,0.9,1.0,0.85,14.0,Cyprus,1
2015,85.0,52.0,0.0,0.01,0.0,97.0,0.0,6.3,0.0,97.0,7.37,97.0,0.1,7.773221112017575,11.66980954850063,1.0,1.0,0.854,14.3,Cyprus,1
2000,74.7,126.0,0.0,13.22,0.0,86.0,2.302585092994046,59.0,0.0,98.0,6.31,98.0,0.1,9.515006681732851,13.970513160516582,2.3,2.3,0.862,15.8,Czechia,1
2001,75.1,123.0,0.0,13.36,0.0,86.0,1.9459101490553132,59.4,0.0,97.0,6.42,98.0,0.1,9.515006681732851,13.970513160516582,2.2,2.3,0.862,15.8,Czechia,1
2002,75.3,12.0,0.0,13.47,0.0,86.0,1.6094379124341003,59.9,0.0,97.0,6.8,98.0,0.1,9.515006681732851,13.970513160516582,2.2,2.3,0.862,15.8,Czechia,1
2003,75.2,122.0,0.0,13.01,0.0,92.0,3.4339872044851463,6.4,0.0,97.0,7.13,97.0,0.1,9.515006681732851,13.970513160516582,2.2,2.2,0.862,15.8,Czechia,1
2004,75.8,116.0,0.0,13.24,0.0,98.0,2.8903717578961645,6.8,0.0,96.0,6.9,98.0,0.1,9.515006681732851,13.970513160516582,2.1,2.2,0.862,15.8,Czechia,1
2005,75.9,114.0,0.0,13.19,0.0,99.0,0.0,61.3,0.0,96.0,6.93,97.0,0.1,9.515006681732851,13.970513160516582,2.1,2.1,0.862,15.8,Czechia,1
2006,76.5,19.0,0.0,13.03,0.0,98.0,2.0794415416798357,61.8,0.0,98.0,6.69,98.0,0.1,9.515006681732851,13.970513160516582,2.0,2.1,0.862,15.8,Czechia,1
2007,76.8,17.0,0.0,13.43,0.0,99.0,1.0986122886681098,62.2,0.0,99.0,6.52,99.0,0.1,9.515006681732851,13.970513160516582,2.0,2.1,0.862,15.8,Czechia,1
2008,77.0,16.0,0.0,13.25,0.0,99.0,1.0986122886681098,62.6,0.0,99.0,6.82,99.0,0.1,9.515006681732851,13.970513160516582,1.9,2.0,0.862,15.8,Czechia,1
2009,77.1,12.0,0.0,13.23,0.0,99.0,1.791759469228055,63.1,0.0,99.0,7.85,99.0,0.1,9.515006681732851,13.970513160516582,1.9,2.0,0.862,15.8,Czechia,1
2010,77.5,99.0,0.0,12.69,0.0,99.0,0.0,63.6,0.0,99.0,7.43,99.0,0.1,9.515006681732851,13.970513160516582,1.9,2.0,0.862,15.8,Czechia,1
2011,77.8,97.0,0.0,12.43,0.0,99.0,2.8903717578961645,64.0,0.0,99.0,7.5,99.0,0.1,9.515006681732851,13.970513160516582,1.9,1.9,0.862,15.8,Czechia,1
2012,78.0,93.0,0.0,12.71,0.0,99.0,3.1354942159291497,64.5,0.0,99.0,7.55,99.0,0.1,9.515006681732851,13.970513160516582,1.8,1.9,0.862,15.8,Czechia,1
2013,78.2,9.0,0.0,12.45,0.0,99.0,2.772588722239781,65.1,0.0,99.0,7.49,98.0,0.1,9.515006681732851,13.970513160516582,1.8,1.9,0.862,15.8,Czechia,1
2014,78.6,88.0,0.0,12.68,0.0,99.0,5.407171771460119,65.6,0.0,99.0,7.41,97.0,0.1,9.515006681732851,13.970513160516582,1.8,1.9,0.862,15.8,Czechia,1
2015,78.8,86.0,0.0,12.68,0.0,97.0,2.302585092994046,66.1,0.0,97.0,7.41,97.0,0.1,9.515006681732851,13.970513160516582,1.8,1.8,0.862,15.8,Czechia,1
2000,47.9,461.0,4.219507705176107,3.45,0.0,1.0,8.653470809708786,19.4,4.564348191467836,66.0,6.0,65.0,7.1,7.1137238128557545,14.149783234468618,8.1,8.1,0.631,11.7,Côte d'Ivoire,0
2001,47.8,467.0,4.189654742026425,3.15,0.0,1.0,8.66406026722579,19.9,4.553876891600541,7.0,4.85,66.0,7.0,7.1137238128557545,14.149783234468618,7.9,7.9,0.631,11.7,Côte d'Ivoire,0
2002,47.7,473.0,4.189654742026425,3.13,0.0,48.0,8.679822114864455,2.4,4.543294782270004,7.0,4.47,64.0,6.9,7.1137238128557545,14.149783234468618,7.7,7.7,0.631,11.7,Côte d'Ivoire,0
2003,48.0,473.0,4.174387269895637,3.12,0.0,63.0,8.470311205516108,2.9,4.532599493153256,68.0,4.65,61.0,6.7,7.1137238128557545,14.149783234468618,7.5,7.5,0.631,11.7,Côte d'Ivoire,0
2004,48.2,472.0,4.174387269895637,3.08,0.0,67.0,8.151044945685024,21.5,4.5217885770490405,76.0,5.24,67.0,6.5,7.1137238128557545,14.149783234468618,7.3,7.3,0.631,11.7,Côte d'Ivoire,0
2005,48.7,466.0,4.1588830833596715,3.11,0.0,76.0,4.7535901911063645,22.1,4.51085950651685,87.0,5.39,76.0,6.1,7.1137238128557545,14.149783234468618,7.2,7.1,0.631,11.7,Côte d'Ivoire,0
2006,49.4,452.0,4.143134726391533,2.65,0.0,77.0,2.4849066497880004,22.6,4.499809670330265,76.0,5.87,77.0,5.8,7.1137238128557545,14.149783234468618,7.0,6.9,0.631,11.7,Côte d'Ivoire,0
2007,49.9,443.0,4.127134385045092,2.58,0.0,76.0,1.791759469228055,23.2,4.477336814478207,75.0,6.35,76.0,5.3,7.1137238128557545,14.149783234468618,6.8,6.7,0.631,11.7,Côte d'Ivoire,0
2008,54.0,437.0,4.110873864173311,2.69,0.0,74.0,2.5649493574615367,23.8,4.454347296253507,58.0,6.21,74.0,4.1,7.1137238128557545,14.149783234468618,6.6,6.6,0.631,11.7,Côte d'Ivoire,0
2009,51.0,426.0,4.110873864173311,2.92,0.0,81.0,5.214935757608986,24.4,4.442651256490317,77.0,6.41,81.0,3.7,7.1137238128557545,14.149783234468618,6.5,6.4,0.631,11.7,Côte d'Ivoire,0
2010,51.5,417.0,4.110873864173311,3.15,0.0,85.0,6.091309882077698,25.0,4.442651256490317,81.0,6.32,85.0,3.3,7.1137238128557545,14.149783234468618,6.3,6.2,0.631,11.7,Côte d'Ivoire,0
2011,51.7,419.0,4.110873864173311,3.13,0.0,62.0,6.444131256700441,25.6,4.430816798843313,58.0,6.42,62.0,3.3,7.1137238128557545,14.149783234468618,6.1,6.0,0.631,11.7,Côte d'Ivoire,0
2012,52.0,415.0,4.0943445622221,3.24,0.0,82.0,4.927253685157205,26.2,4.418840607796598,83.0,6.14,82.0,2.9,7.1137238128557545,14.149783234468618,5.9,5.9,0.631,11.7,Côte d'Ivoire,0
2013,52.3,412.0,4.0943445622221,3.15,0.0,8.0,3.8918202981106265,26.8,4.406719247264253,79.0,5.81,8.0,2.4,7.1137238128557545,14.149783234468618,5.8,5.7,0.631,11.7,Côte d'Ivoire,0
2014,52.8,47.0,4.07753744390572,0.01,0.0,76.0,3.9318256327243257,27.4,4.394449154672439,76.0,5.72,76.0,2.0,7.1137238128557545,14.149783234468618,5.6,5.6,0.631,11.7,Côte d'Ivoire,0
2015,53.3,397.0,4.060443010546419,0.01,0.0,83.0,4.189654742026425,28.0,4.382026634673881,81.0,5.72,83.0,1.9,7.1137238128557545,14.149783234468618,5.5,5.5,0.631,11.7,Côte d'Ivoire,0
2000,65.4,192.0,2.9444389791664403,3.52,0.0,27.0,0.0,25.2,3.258096538021482,93.0,5.4,56.0,0.1,7.1137238128557545,14.149783234468618,6.0,6.0,0.631,11.7,Democratic People's Republic of Korea,0
2001,66.6,177.0,2.833213344056216,2.53,0.0,27.0,0.0,25.7,3.091042453358316,98.0,5.4,62.0,0.1,7.1137238128557545,14.149783234468618,5.9,6.0,0.631,11.7,Democratic People's Republic of Korea,0
2002,67.6,167.0,2.70805020110221,3.08,0.0,27.0,0.0,26.2,2.9444389791664403,99.0,5.4,64.0,0.1,7.1137238128557545,14.149783234468618,5.9,5.9,0.631,11.7,Democratic People's Republic of Korea,0
2003,68.1,165.0,2.5649493574615367,3.13,0.0,27.0,0.0,26.7,2.772588722239781,99.0,5.4,68.0,0.1,7.1137238128557545,14.149783234468618,5.8,5.8,0.631,11.7,Democratic People's Republic of Korea,0
2004,68.4,165.0,2.4849066497880004,3.13,0.0,98.0,0.0,27.2,2.70805020110221,99.0,5.4,72.0,0.1,7.1137238128557545,14.149783234468618,5.7,5.7,0.631,11.7,Democratic People's Republic of Korea,0
2005,68.5,165.0,2.3978952727983707,3.21,0.0,92.0,0.0,27.7,2.6390573296152584,97.0,5.4,79.0,0.1,7.1137238128557545,14.149783234468618,5.7,5.7,0.631,11.7,Democratic People's Republic of Korea,0
2006,68.5,165.0,2.3978952727983707,3.28,0.0,96.0,0.0,28.2,2.5649493574615367,98.0,5.4,89.0,0.1,7.1137238128557545,14.149783234468618,5.6,5.6,0.631,11.7,Democratic People's Republic of Korea,0
2007,68.5,166.0,2.302585092994046,3.13,0.0,92.0,8.174984532943087,28.7,2.5649493574615367,99.0,5.4,92.0,0.1,7.1137238128557545,14.149783234468618,5.5,5.5,0.631,11.7,Democratic People's Republic of Korea,0
2008,68.6,164.0,2.302585092994046,3.16,0.0,92.0,2.1972245773362196,29.2,2.5649493574615367,98.0,5.4,92.0,0.1,7.1137238128557545,14.149783234468618,5.4,5.4,0.631,11.7,Democratic People's Republic of Korea,0
2009,68.7,161.0,2.302585092994046,3.35,0.0,93.0,0.0,29.7,2.4849066497880004,98.0,5.4,93.0,0.1,7.1137238128557545,14.149783234468618,5.3,5.3,0.631,11.7,Democratic People's Republic of Korea,0
2010,69.0,157.0,2.1972245773362196,3.12,0.0,93.0,0.0,3.3,2.3978952727983707,99.0,5.4,93.0,0.1,7.1137238128557545,14.149783234468618,5.2,5.2,0.631,11.7,Democratic People's Republic of Korea,0
2011,69.4,153.0,2.1972245773362196,3.39,0.0,94.0,0.0,3.8,2.3978952727983707,99.0,5.4,94.0,0.1,7.1137238128557545,14.149783234468618,5.1,5.2,0.631,11.7,Democratic People's Republic of Korea,0
2012,69.8,149.0,2.0794415416798357,3.61,0.0,96.0,0.0,31.3,2.302585092994046,99.0,5.4,96.0,0.1,7.1137238128557545,14.149783234468618,5.1,5.1,0.631,11.7,Democratic People's Republic of Korea,0
2013,71.0,146.0,1.9459101490553132,3.35,0.0,93.0,0.0,31.8,2.1972245773362196,99.0,5.4,93.0,0.1,7.1137238128557545,14.149783234468618,5.0,5.0,0.631,11.7,Democratic People's Republic of Korea,0
2014,73.0,142.0,1.9459101490553132,0.01,0.0,93.0,1.3862943611198906,32.4,2.1972245773362196,99.0,5.4,93.0,0.1,7.1137238128557545,14.149783234468618,4.9,4.9,0.631,11.7,Democratic People's Republic of Korea,0
2015,76.0,139.0,1.9459101490553132,0.01,0.0,96.0,0.0,32.9,2.0794415416798357,99.0,5.4,96.0,0.1,7.1137238128557545,14.149783234468618,4.9,4.9,0.631,11.7,Democratic People's Republic of Korea,0
2000,51.3,346.0,5.424950017481403,1.98,0.0,7.0,9.021960500598263,14.9,5.808142489980444,42.0,1.45,4.0,2.5,7.1137238128557545,14.149783234468618,12.4,12.3,0.631,11.7,Democratic Republic of the Congo,0
2001,51.8,34.0,5.429345628954441,1.9,0.0,7.0,8.996280439395015,15.3,5.808142489980444,3.0,2.67,3.0,2.4,7.1137238128557545,14.149783234468618,12.2,12.1,0.631,11.7,Democratic Republic of the Congo,0
2002,52.1,341.0,5.438079308923196,1.85,0.0,7.0,10.324399409633317,15.7,5.805134968916488,4.0,2.59,38.0,2.4,7.1137238128557545,14.149783234468618,12.1,11.9,0.631,11.7,Democratic Republic of the Congo,0
2003,52.8,332.0,5.44673737166631,1.83,0.0,7.0,9.996841274269336,16.1,5.805134968916488,47.0,3.2,41.0,2.2,7.1137238128557545,14.149783234468618,11.9,11.7,0.631,11.7,Democratic Republic of the Congo,0
2004,53.5,323.0,5.4510384535657,1.44,0.0,7.0,10.712972280092474,16.5,5.802118375377063,52.0,3.34,54.0,2.1,7.1137238128557545,14.149783234468618,11.7,11.5,0.631,11.7,Democratic Republic of the Congo,0
2005,54.3,314.0,5.455321115357702,1.43,0.0,7.0,12.114428736733375,16.9,5.799092654460526,6.0,3.14,6.0,2.0,7.1137238128557545,14.149783234468618,11.5,11.3,0.631,11.7,Democratic Republic of the Congo,0
2006,55.0,36.0,5.4638318050256105,1.53,0.0,7.0,11.29133071364587,17.3,5.793013608384144,62.0,3.39,62.0,2.0,7.1137238128557545,14.149783234468618,11.3,11.1,0.631,11.7,Democratic Republic of the Congo,0
2007,55.7,299.0,5.4680601411351315,1.52,0.0,7.0,10.925542718482083,17.8,5.7899601708972535,72.0,3.61,7.0,1.9,7.1137238128557545,14.149783234468618,11.1,1.9,0.631,11.7,Democratic Republic of the Congo,0
2008,56.3,295.0,5.472270673671475,2.09,0.0,65.0,9.430439293104167,18.2,5.783825182329737,64.0,4.46,65.0,1.8,7.1137238128557545,14.149783234468618,1.8,1.7,0.631,11.7,Democratic Republic of the Congo,0
2009,56.7,292.0,5.476463551931511,2.13,0.0,72.0,4.060443010546419,18.6,5.780743515792329,78.0,5.61,72.0,1.7,7.1137238128557545,14.149783234468618,1.6,1.4,0.631,11.7,Democratic Republic of the Congo,0
2010,57.4,283.0,5.480638923341991,1.81,0.0,6.0,8.5956346177228,19.1,5.7745515455444085,76.0,4.4,6.0,1.6,7.1137238128557545,14.149783234468618,1.4,1.2,0.631,11.7,Democratic Republic of the Congo,0
2011,57.9,278.0,5.480638923341991,1.82,0.0,74.0,11.80412384794957,19.6,5.768320995793772,77.0,3.53,74.0,1.6,7.1137238128557545,14.149783234468618,1.2,1.0,0.631,11.7,Democratic Republic of the Congo,0
2012,58.3,277.0,5.480638923341991,0.01,0.0,75.0,11.184837977883408,2.1,5.762051382780177,76.0,3.77,75.0,1.5,7.1137238128557545,14.149783234468618,1.0,9.8,0.631,11.7,Democratic Republic of the Congo,0
2013,58.8,272.0,5.476463551931511,0.01,0.0,74.0,11.389423607982884,2.6,5.752572638825633,74.0,3.89,74.0,1.2,7.1137238128557545,14.149783234468618,9.9,9.6,0.631,11.7,Democratic Republic of the Congo,0
2014,59.3,266.0,5.472270673671475,0.01,0.0,8.0,10.42560913604397,21.1,5.746203190540153,79.0,4.33,8.0,1.1,7.1137238128557545,14.149783234468618,9.7,9.5,0.631,11.7,Democratic Republic of the Congo,0
2015,59.8,258.0,5.4680601411351315,0.01,0.0,81.0,8.521384396034705,21.6,5.733341276897746,78.0,4.33,81.0,1.1,7.1137238128557545,14.149783234468618,9.5,9.3,0.631,11.7,Democratic Republic of the Congo,0
2000,76.9,12.0,0.0,11.69,6.233919803667231,94.0,2.70805020110221,52.2,0.0,97.0,8.7,97.0,0.1,8.228059177407276,15.49066448551773,1.3,1.0,0.86,16.5,Denmark,1
2001,77.0,12.0,0.0,11.56,6.275671651846993,94.0,2.4849066497880004,52.8,0.0,97.0,9.1,97.0,0.1,8.230217392161482,15.494247641637434,1.3,1.0,0.862,16.2,Denmark,1
2002,77.0,14.0,0.0,11.34,8.476901498969312,94.0,3.4965075614664802,53.3,0.0,98.0,9.33,98.0,0.1,10.41119911995776,15.497442512295601,1.2,1.0,0.875,16.6,Denmark,1
2003,77.3,11.0,0.0,11.54,6.480015963971723,94.0,0.0,53.9,0.0,96.0,9.51,96.0,0.1,8.402853909228185,13.198537071627172,1.2,1.0,0.882,16.3,Denmark,1
2004,77.7,98.0,0.0,11.27,8.84647389771786,94.0,0.0,54.4,0.0,95.0,9.67,95.0,0.1,10.747479505141238,13.20766729751877,1.2,1.0,0.893,16.5,Denmark,1
2005,78.1,92.0,0.0,11.28,8.939635035001645,94.0,1.0986122886681098,55.0,0.0,93.0,9.77,93.0,0.1,10.79550247079715,15.505501755397429,1.2,1.0,0.897,16.6,Denmark,1
2006,78.1,93.0,0.0,11.02,6.747533096176571,94.0,3.332204510175204,55.4,0.0,93.0,9.92,93.0,0.1,8.561782756839648,15.508788206381205,1.2,0.9,0.902,16.9,Denmark,1
2007,78.4,93.0,0.0,10.99,9.180300470487952,94.0,1.0986122886681098,55.9,0.0,87.0,9.99,87.0,0.1,10.976584594926871,15.51322286611062,1.2,0.9,0.904,16.7,Denmark,1
2008,78.8,88.0,0.0,10.7,9.283793609623753,94.0,2.70805020110221,56.3,0.0,88.0,1.18,88.0,0.1,11.07168290471583,15.519098340940554,1.1,0.9,0.906,16.8,Denmark,1
2009,78.9,86.0,0.0,10.08,9.18672542038555,94.0,1.9459101490553132,56.6,0.0,89.0,11.47,89.0,0.1,10.971026933244596,13.22202045936144,1.1,0.9,0.906,16.8,Denmark,1
2010,79.2,84.0,0.0,10.28,6.862220732498689,94.0,1.791759469228055,57.0,0.0,9.0,11.8,9.0,0.1,8.672898870747709,15.528891101332572,1.1,0.9,0.906,16.8,Denmark,1
2011,79.7,79.0,0.0,10.47,9.235238692187778,94.0,4.442651256490317,57.4,0.0,91.0,1.87,91.0,0.1,11.030924830581647,13.23134871544833,1.1,0.9,0.91,16.9,Denmark,1
2012,80.0,76.0,0.0,9.26,6.834557592315916,94.0,1.0986122886681098,57.7,0.0,94.0,1.98,94.0,0.1,8.675652461637076,15.536771200895874,1.1,0.9,0.922,18.4,Denmark,1
2013,81.0,75.0,0.0,9.5,9.23627738071611,94.0,2.8903717578961645,58.1,0.0,94.0,11.25,94.0,0.1,11.021774888957264,15.540940213759358,1.1,0.9,0.924,18.7,Denmark,1
2014,84.0,73.0,0.0,9.64,9.256246659864178,94.0,3.332204510175204,58.4,0.0,94.0,1.8,94.0,0.1,11.041745771632145,15.546010745688701,1.1,0.9,0.926,19.2,Denmark,1
2015,86.0,71.0,0.0,9.64,0.0,94.0,2.302585092994046,58.8,0.0,93.0,1.8,93.0,0.1,8.578409480045691,15.553074982938229,1.1,0.9,0.923,19.2,Denmark,1
2000,57.4,325.0,1.0986122886681098,1.34,4.5320698799221715,25.0,5.214935757608986,28.2,1.0986122886681098,46.0,5.75,46.0,4.1,6.6453208091503075,13.483646686498219,6.4,6.1,0.361,2.9,Djibouti,0
2001,57.7,323.0,1.0986122886681098,0.95,4.537938920533142,25.0,4.382026634673881,28.6,1.0986122886681098,49.0,5.37,53.0,4.3,6.662151652472832,13.504507997794752,6.3,6.1,0.363,2.9,Djibouti,0
2002,57.9,322.0,1.0986122886681098,1.03,2.671843929391581,25.0,3.9318256327243257,29.0,1.0986122886681098,62.0,5.45,62.0,4.3,6.6760175533186885,13.522778422046997,6.2,6.0,0.372,3.3,Djibouti,0
2003,58.0,325.0,1.0986122886681098,1.02,4.5552762147226895,25.0,3.6375861597263857,29.4,1.0986122886681098,68.0,6.22,68.0,4.2,6.710491583985957,13.539250999498826,6.1,5.9,0.378,3.5,Djibouti,0
2004,58.1,326.0,1.0986122886681098,1.18,4.673160236551513,25.0,4.276666119016055,29.8,1.0986122886681098,64.0,6.76,64.0,4.0,6.762943040201392,11.261292414506094,6.0,5.9,0.388,3.7,Djibouti,0
2005,58.6,318.0,1.0986122886681098,1.23,2.6176337118378954,25.0,5.700443573390687,3.2,1.0986122886681098,71.0,7.21,71.0,3.9,4.561529105952628,13.5712135924519,5.9,5.8,0.396,4.0,Djibouti,0
2006,59.1,39.0,1.0986122886681098,1.02,4.807957611686184,25.0,3.912023005428146,3.6,1.0986122886681098,72.0,7.5,72.0,3.7,6.87385653202666,11.285133627091511,5.8,5.7,0.405,4.3,Djibouti,0
2007,59.8,296.0,0.6931471805599453,0.45,3.0850603731598594,25.0,3.2188758248682006,3.9,1.0986122886681098,88.0,7.72,88.0,3.5,5.001169945353583,9.09862638234618,5.8,5.7,0.416,4.5,Djibouti,0
2008,62.0,289.0,0.6931471805599453,0.49,5.151953386780345,88.0,4.969813299576001,31.3,1.0986122886681098,89.0,8.5,89.0,3.3,7.103133870476994,13.62063249719631,5.7,5.6,0.427,5.0,Djibouti,0
2009,69.0,279.0,0.6931471805599453,0.49,5.183283327872219,89.0,3.8918202981106265,31.7,1.0986122886681098,89.0,8.37,89.0,3.2,7.134617850957996,11.33481502894774,5.7,5.6,0.436,5.3,Djibouti,0
2010,61.3,273.0,0.6931471805599453,0.44,5.23907683796374,88.0,2.0794415416798357,32.2,1.0986122886681098,88.0,8.84,88.0,3.1,7.1906739544506175,13.654340130593376,5.6,5.6,0.441,5.5,Djibouti,0
2011,61.8,268.0,0.6931471805599453,0.39,3.061508187243031,87.0,3.912023005428146,32.7,1.0986122886681098,87.0,8.71,87.0,2.7,4.976643379717299,13.671568591448146,5.6,5.5,0.451,5.9,Djibouti,0
2012,62.2,263.0,0.6931471805599453,0.52,5.38546971885018,81.0,6.565264970035361,33.2,1.0986122886681098,81.0,8.95,81.0,1.9,7.33768978777888,13.689024006357881,5.6,5.5,0.46,6.3,Djibouti,0
2013,62.7,256.0,0.6931471805599453,0.53,5.439994905604457,82.0,3.367295829986474,33.8,1.0986122886681098,82.0,9.14,82.0,2.1,7.392424573456935,13.706464369662934,5.6,5.4,0.464,6.3,Djibouti,0
2014,63.0,252.0,0.6931471805599453,0.38,3.2477740808417463,78.0,0.0,34.4,0.6931471805599453,78.0,1.57,78.0,2.1,5.170001549134385,13.72357617374486,5.6,5.4,0.467,6.3,Djibouti,0
2015,63.5,241.0,0.6931471805599453,0.38,0.0,84.0,3.871201010907891,35.0,0.6931471805599453,84.0,1.57,84.0,2.1,7.530033154010551,13.740156425059288,5.6,5.4,0.47,6.3,Djibouti,0
2000,72.0,176.0,2.0794415416798357,6.58,3.8241198444446196,68.0,5.537334267018537,43.1,2.302585092994046,71.0,5.9,78.0,2.5,5.646944715283467,15.962917126412947,3.8,3.7,0.651,12.2,Dominican Republic,0
2001,71.2,188.0,2.0794415416798357,6.13,5.831952839910649,66.0,4.736198448394496,44.1,2.302585092994046,71.0,5.59,72.0,2.5,7.959679385368199,15.97850329920186,3.8,3.6,0.656,12.3,Dominican Republic,0
2002,71.4,189.0,2.0794415416798357,6.43,1.735822474446175,63.0,0.0,45.1,2.1972245773362196,74.0,5.79,82.0,2.4,3.6754339673132104,15.993924429221098,3.7,3.6,0.66,12.3,Dominican Republic,0
2003,73.0,22.0,2.0794415416798357,6.32,5.683646636191345,79.0,0.0,46.1,2.1972245773362196,65.0,5.53,79.0,2.3,7.77217521374614,13.706562503667225,3.6,3.5,0.665,12.4,Dominican Republic,0
2004,69.3,214.0,2.0794415416798357,5.16,5.212847990064305,82.0,0.0,47.2,2.1972245773362196,66.0,4.28,79.0,2.1,7.792747771070033,13.724490064286254,3.6,3.5,0.666,12.5,Dominican Republic,0
2005,69.7,28.0,2.0794415416798357,5.71,5.672435811299682,87.0,0.0,48.2,2.1972245773362196,86.0,4.26,87.0,2.0,8.211374113350008,16.038789097256945,3.5,3.4,0.668,12.6,Dominican Republic,0
2006,72.3,178.0,2.0794415416798357,6.2,5.869170144929534,84.0,0.0,49.3,2.1972245773362196,88.0,4.34,89.0,1.8,8.252568254012177,16.053166546886498,3.5,3.4,0.677,12.6,Dominican Republic,0
2007,72.9,164.0,1.9459101490553132,6.05,4.328385174976505,81.0,0.0,5.4,2.1972245773362196,86.0,4.34,85.0,1.6,8.444259763983958,13.76878995078367,3.4,3.4,0.685,12.7,Dominican Republic,0
2008,73.3,161.0,1.9459101490553132,6.12,3.9138696896567344,81.0,0.0,51.5,2.1972245773362196,86.0,4.2,82.0,1.4,6.239065307697621,13.778486550285844,3.4,3.3,0.692,12.8,Dominican Republic,0
2009,73.6,157.0,1.9459101490553132,6.05,6.378227221245279,8.0,0.0,52.6,2.1972245773362196,85.0,4.41,82.0,1.2,8.507885515076413,16.094597622068637,3.4,3.3,0.695,12.9,Dominican Republic,0
2010,72.7,166.0,1.9459101490553132,6.02,6.500626574163996,83.0,0.0,53.6,2.1972245773362196,85.0,4.6,88.0,0.9,8.60386060258974,16.10784186006581,3.3,3.3,0.697,12.9,Dominican Republic,0
2011,73.1,16.0,1.9459101490553132,5.91,6.7390853525950485,8.0,1.0986122886681098,54.7,2.0794415416798357,84.0,4.22,84.0,0.7,8.658804379404,9.45688790106941,3.3,3.2,0.703,13.0,Dominican Republic,0
2012,72.1,174.0,1.9459101490553132,5.93,6.754756423200802,74.0,0.0,55.8,2.0794415416798357,85.0,4.26,85.0,0.4,8.694481564130047,11.656991176309651,3.3,3.2,0.706,13.1,Dominican Republic,0
2013,73.4,157.0,1.9459101490553132,5.93,4.590281044601201,8.0,0.0,56.8,2.0794415416798357,82.0,4.12,83.0,0.3,6.443424234163893,14.063383404122883,3.3,3.2,0.709,13.2,Dominican Republic,0
2014,73.6,154.0,1.9459101490553132,5.92,6.9932400306053575,89.0,0.0,57.9,2.0794415416798357,9.0,4.38,91.0,0.3,8.743482529072075,11.890299692911867,3.3,3.2,0.712,13.2,Dominican Republic,0
2015,73.9,152.0,1.9459101490553132,5.92,0.0,81.0,0.0,58.9,2.0794415416798357,87.0,4.38,85.0,0.3,8.774849722336636,14.239728723154608,3.3,3.2,0.718,13.2,Dominican Republic,0
2000,72.8,163.0,2.302585092994046,3.99,4.444711134425479,36.0,0.0,43.6,2.4849066497880004,83.0,3.38,87.0,0.3,7.280902243231518,16.351474403437386,1.6,1.5,0.668,12.4,Ecuador,0
2001,73.4,158.0,2.302585092994046,4.13,2.7465488780090213,69.0,1.0986122886681098,44.3,2.3978952727983707,9.0,3.86,89.0,0.3,5.271673402684549,16.36906882101726,1.6,1.5,0.67,12.4,Ecuador,0
2002,73.6,157.0,2.1972245773362196,3.88,5.238484296590505,75.0,0.0,45.1,2.3978952727983707,88.0,4.62,88.0,0.3,7.689355911075553,9.52711997525166,1.5,1.4,0.675,12.5,Ecuador,0
2003,74.4,151.0,2.1972245773362196,3.69,2.9581255633169725,82.0,0.0,45.8,2.3978952727983707,97.0,6.46,87.0,0.3,5.503170584872369,14.099908744359585,1.5,1.4,0.679,12.6,Ecuador,0
2004,74.4,148.0,2.1972245773362196,3.65,2.8552743218955556,88.0,0.0,46.5,2.302585092994046,9.0,6.22,88.0,0.3,5.633209398159838,14.122736400682232,1.5,1.3,0.682,12.7,Ecuador,0
2005,74.2,151.0,2.1972245773362196,3.54,2.94933073918563,92.0,0.0,47.2,2.302585092994046,89.0,5.87,92.0,0.3,5.7774744343363515,16.43547491413377,1.4,1.3,0.688,12.8,Ecuador,0
2006,74.4,144.0,2.1972245773362196,3.52,3.0026995873552766,96.0,0.0,47.9,2.302585092994046,92.0,5.86,96.0,0.3,5.819449320168268,14.149657951373403,1.4,1.3,0.693,12.8,Ecuador,0
2007,74.7,14.0,2.0794415416798357,3.63,3.0255181310844934,94.0,0.0,48.6,2.302585092994046,95.0,5.94,96.0,0.2,5.8880988737618605,14.170000917435031,1.4,1.3,0.696,12.9,Ecuador,0
2008,74.6,139.0,2.0794415416798357,3.76,5.292954550822937,93.0,0.6931471805599453,49.3,2.302585092994046,94.0,5.66,96.0,0.1,8.36076219865051,16.486036307780587,1.3,1.2,0.698,13.0,Ecuador,0
2009,75.1,137.0,2.0794415416798357,3.87,5.6459556254631105,91.0,0.0,5.0,2.1972245773362196,91.0,5.58,94.0,0.1,8.356217942771028,16.502764406188547,1.3,1.2,0.702,13.1,Ecuador,0
2010,75.0,134.0,2.0794415416798357,3.95,5.9106030350556145,9.0,0.0,5.7,2.1972245773362196,88.0,5.9,91.0,0.1,8.446410922054264,14.216612829392698,1.3,1.2,0.703,13.1,Ecuador,0
2011,75.3,131.0,2.0794415416798357,3.99,5.845690565739161,88.0,5.552959584921617,51.4,2.1972245773362196,85.0,5.92,88.0,0.1,8.561086004638767,16.53531513821317,1.3,1.2,0.71,13.2,Ecuador,0
2012,75.5,127.0,2.0794415416798357,3.92,3.7584259717772217,88.0,4.290459441148391,52.1,2.1972245773362196,85.0,6.48,87.0,0.1,6.351135476098184,16.551154330535535,1.3,1.2,0.717,13.3,Ecuador,0
2013,76.0,121.0,1.9459101490553132,3.77,4.09648397271722,87.0,0.0,52.8,2.1972245773362196,87.0,7.29,87.0,0.1,6.516167779865031,16.566719094216246,1.3,1.1,0.725,13.4,Ecuador,0
2014,76.0,121.0,1.9459101490553132,3.82,4.383478872291188,83.0,0.0,53.5,2.0794415416798357,84.0,9.16,83.0,0.1,8.7692299311896,14.281200521718516,1.2,1.1,0.737,14.0,Ecuador,0
2015,76.2,118.0,1.9459101490553132,3.82,0.0,78.0,0.0,54.2,2.0794415416798357,84.0,9.16,78.0,0.1,6.440343871025792,16.597081878103214,1.2,1.1,0.739,14.0,Ecuador,0
2000,68.8,171.0,4.189654742026425,0.14,0.0,98.0,7.876258882303226,5.7,4.418840607796598,98.0,5.55,98.0,0.1,7.1137238128557545,14.149783234468618,3.6,3.5,0.606,11.0,Egypt,0
2001,68.6,177.0,4.1588830833596715,0.14,0.0,99.0,7.67368812926773,51.2,4.3694478524670215,99.0,5.75,99.0,0.1,7.1137238128557545,14.149783234468618,3.5,3.4,0.612,11.1,Egypt,0
2002,68.7,177.0,4.127134385045092,0.15,0.0,97.0,6.483107351457199,51.8,4.330733340286331,97.0,5.97,97.0,0.1,7.1137238128557545,14.149783234468618,3.4,3.4,0.617,11.2,Egypt,0
2003,68.6,178.0,4.0943445622221,0.15,0.0,98.0,5.10594547390058,52.3,4.290459441148391,98.0,5.41,98.0,0.1,7.1137238128557545,14.149783234468618,3.3,3.3,0.621,11.3,Egypt,0
2004,69.0,176.0,4.060443010546419,0.16,0.0,97.0,4.394449154672439,52.9,4.2626798770413155,97.0,5.21,97.0,0.1,7.1137238128557545,14.149783234468618,3.3,3.2,0.623,11.2,Egypt,0
2005,69.4,174.0,4.04305126783455,0.16,0.0,98.0,4.356708826689592,53.5,4.23410650459726,98.0,5.6,98.0,0.1,7.1137238128557545,14.149783234468618,3.2,3.2,0.629,11.4,Egypt,0
2006,69.5,175.0,4.02535169073515,0.18,0.0,98.0,6.860663671448287,54.2,4.204692619390966,98.0,5.24,98.0,0.1,7.1137238128557545,14.149783234468618,3.2,3.1,0.636,11.5,Egypt,0
2007,69.7,171.0,4.02535169073515,0.21,0.0,98.0,7.429520842786462,54.8,4.189654742026425,98.0,4.95,98.0,0.1,7.1137238128557545,14.149783234468618,3.1,3.1,0.644,11.7,Egypt,0
2008,69.8,172.0,4.007333185232471,0.24,0.0,97.0,6.505784060128229,55.5,4.189654742026425,97.0,4.82,97.0,0.1,7.1137238128557545,14.149783234468618,3.1,3.0,0.651,11.9,Egypt,0
2009,69.9,174.0,4.007333185232471,0.21,0.0,97.0,6.411818267709897,56.2,4.174387269895637,97.0,5.1,97.0,0.1,7.1137238128557545,14.149783234468618,3.0,3.0,0.659,12.0,Egypt,0
2010,70.0,173.0,4.007333185232471,0.22,0.0,97.0,2.833213344056216,57.0,4.174387269895637,97.0,4.8,97.0,0.1,7.1137238128557545,14.149783234468618,3.0,2.9,0.665,12.2,Egypt,0
2011,74.0,168.0,4.02535169073515,0.22,0.0,96.0,3.295836866004329,57.8,4.174387269895637,96.0,5.4,96.0,0.1,7.1137238128557545,14.149783234468618,2.9,2.9,0.671,12.4,Egypt,0
2012,72.0,165.0,4.007333185232471,0.23,0.0,93.0,5.5053315359323625,58.6,4.174387269895637,93.0,5.29,93.0,0.1,7.1137238128557545,14.149783234468618,2.9,2.8,0.673,12.4,Egypt,0
2013,79.0,159.0,4.007333185232471,0.21,0.0,97.0,6.0063531596017325,59.4,4.1588830833596715,97.0,5.46,97.0,0.1,7.1137238128557545,14.149783234468618,2.9,2.8,0.681,12.8,Egypt,0
2014,78.0,161.0,3.9889840465642745,0.21,0.0,94.0,7.181591944611865,6.2,4.143134726391533,94.0,5.64,94.0,0.1,7.1137238128557545,14.149783234468618,2.8,2.8,0.686,13.1,Egypt,0
2015,79.0,159.0,3.9512437185814275,0.21,0.0,93.0,8.600246746551523,61.1,4.110873864173311,93.0,5.64,93.0,0.1,7.1137238128557545,14.149783234468618,2.8,2.8,0.688,13.1,Egypt,0
2000,69.0,218.0,1.6094379124341003,2.79,5.871185052639798,99.0,0.0,45.3,1.791759469228055,98.0,8.17,99.0,0.4,7.713968431771598,15.584960851125821,2.1,2.0,0.607,11.3,El Salvador,0
2001,68.9,219.0,1.6094379124341003,2.88,5.808459732746729,75.0,1.0986122886681098,46.2,1.6094379124341003,94.0,8.2,92.0,0.4,7.757808871990785,13.297933863583498,2.1,2.0,0.615,11.6,El Salvador,0
2002,73.0,24.0,1.3862943611198906,2.97,3.4237835088765487,81.0,0.0,47.0,1.6094379124341003,81.0,7.9,81.0,0.4,5.519108152278649,10.992621732170127,2.0,1.9,0.621,11.8,El Salvador,0
2003,69.9,29.0,1.3862943611198906,3.1,5.994296276724529,94.0,0.0,47.8,1.6094379124341003,93.0,7.61,94.0,0.3,7.832306751591264,15.602514738708468,2.0,1.9,0.628,12.0,El Salvador,0
2004,70.0,215.0,1.3862943611198906,2.9,5.990478641762986,9.0,0.0,48.6,1.3862943611198906,9.0,7.3,9.0,0.3,7.876182729061957,8.821142236331891,1.9,1.8,0.636,12.4,El Salvador,0
2005,71.0,213.0,1.3862943611198906,2.77,6.09041061858544,89.0,0.0,49.4,1.3862943611198906,89.0,7.19,89.0,0.2,7.95024904951952,13.351826120503086,1.9,1.8,0.644,12.7,El Salvador,0
2006,75.0,211.0,1.3862943611198906,2.77,4.073216704125358,96.0,0.0,5.1,1.3862943611198906,96.0,6.68,96.0,0.2,5.897021353362606,13.394645984399201,1.8,1.7,0.651,12.9,El Salvador,0
2007,71.2,23.0,1.0986122886681098,2.83,3.9759686411563924,99.0,0.0,5.8,1.3862943611198906,99.0,6.32,99.0,0.3,5.8166294070341324,13.434946821142674,1.8,1.7,0.657,12.9,El Salvador,0
2008,71.7,194.0,1.0986122886681098,2.68,4.006596527967122,98.0,0.0,51.4,1.3862943611198906,98.0,6.21,98.0,0.3,5.881503671557972,11.020790739647728,1.8,1.7,0.659,13.4,El Salvador,0
2009,71.4,23.0,1.0986122886681098,2.55,6.034126064428251,91.0,0.0,52.1,1.0986122886681098,91.0,6.83,91.0,0.3,8.121920602554036,15.629891716412597,1.7,1.6,0.662,12.8,El Salvador,0
2010,72.0,191.0,1.0986122886681098,2.36,6.15356302924265,89.0,0.0,52.8,1.0986122886681098,89.0,6.91,89.0,0.3,8.153462685435299,15.634338189911606,1.7,1.6,0.662,12.9,El Salvador,0
2011,72.0,197.0,1.0986122886681098,2.37,6.31042416497151,89.0,0.0,53.4,1.0986122886681098,9.0,6.81,89.0,0.3,8.226195529801794,13.336275651284486,1.7,1.6,0.666,13.0,El Salvador,0
2012,73.0,181.0,1.0986122886681098,2.48,6.384816177227938,92.0,0.0,54.1,1.0986122886681098,93.0,6.7,92.0,0.3,8.2503031303842,15.643480926936581,1.6,1.6,0.67,13.2,El Salvador,0
2013,73.0,184.0,1.0986122886681098,2.42,6.4841656621967925,92.0,0.0,54.7,1.0986122886681098,92.0,6.95,92.0,0.2,8.267876207457386,13.34675095459737,1.6,1.6,0.675,13.2,El Salvador,0
2014,73.3,181.0,1.0986122886681098,2.52,6.50237920486033,93.0,0.0,55.4,1.0986122886681098,93.0,6.77,94.0,0.2,8.291489333061376,15.653070010939194,1.6,1.6,0.676,13.2,El Salvador,0
2015,73.5,178.0,1.0986122886681098,2.52,0.0,91.0,0.0,56.1,1.0986122886681098,92.0,6.77,91.0,0.2,8.325576831463879,15.658039025827545,1.6,1.5,0.678,13.2,El Salvador,0
2000,52.7,336.0,1.3862943611198906,4.46,2.769741749079867,2.0,0.0,18.3,1.6094379124341003,41.0,2.73,34.0,1.9,5.157242795552749,13.328277755247715,1.7,1.6,0.0,0.0,Equatorial Guinea,0
2001,53.1,334.0,1.3862943611198906,5.07,5.292218582715891,2.0,7.200424892944957,18.7,1.6094379124341003,43.0,1.78,35.0,2.3,7.734068518565411,13.368853074253249,1.6,1.4,0.527,8.0,Equatorial Guinea,0
2002,53.5,334.0,1.3862943611198906,6.01,5.462930639352007,2.0,3.2188758248682006,19.1,1.6094379124341003,44.0,2.5,36.0,2.9,7.905504751789031,11.107180317654745,1.4,1.3,0.542,8.2,Equatorial Guinea,0
2003,53.8,334.0,1.3862943611198906,7.13,5.739096395391196,2.0,2.9444389791664403,19.5,1.6094379124341003,46.0,2.23,37.0,3.6,8.182608507406218,13.451108695273026,1.2,1.1,0.554,8.4,Equatorial Guinea,0
2004,54.1,336.0,1.3862943611198906,6.28,3.818759756331015,2.0,3.6635616461296463,19.8,1.6094379124341003,48.0,2.4,38.0,4.4,6.531386201004476,13.493675867839624,1.0,1.0,0.553,8.5,Equatorial Guinea,0
2005,54.4,337.0,1.3862943611198906,7.19,2.570026225254583,2.0,0.0,2.2,1.6094379124341003,5.0,1.63,39.0,4.9,5.229145943407402,13.537538523471234,9.8,9.8,0.563,8.7,Equatorial Guinea,0
2006,54.8,337.0,1.3862943611198906,7.28,6.719735035674466,2.0,0.0,2.5,1.6094379124341003,52.0,2.13,4.0,5.3,9.451973995445181,13.582591885446789,9.7,9.6,0.569,9.0,Equatorial Guinea,0
2007,55.0,339.0,1.3862943611198906,6.86,6.932954634376196,2.0,1.791759469228055,2.9,1.6094379124341003,54.0,2.25,41.0,5.9,9.665410495029835,13.628371013284251,9.5,9.5,0.587,9.0,Equatorial Guinea,0
2008,55.4,338.0,1.3862943611198906,8.34,7.442304432661233,2.0,6.07993319509559,21.3,1.6094379124341003,55.0,2.31,42.0,6.3,10.03202946293304,13.674429596065211,9.3,9.3,0.592,9.1,Equatorial Guinea,0
2009,55.7,34.0,1.3862943611198906,7.97,4.754186922509519,2.0,4.3694478524670215,21.7,1.6094379124341003,57.0,5.32,43.0,7.3,7.41112942934845,11.504005802795575,9.2,9.2,0.59,9.1,Equatorial Guinea,0
2010,56.1,339.0,1.3862943611198906,9.93,7.084810173727039,2.0,0.0,22.1,1.6094379124341003,59.0,3.84,44.0,7.2,9.749021154208362,11.46284196480224,9.0,9.0,0.589,9.2,Equatorial Guinea,0
2011,56.2,344.0,1.3862943611198906,10.99,7.309246687058263,2.0,0.0,22.6,1.6094379124341003,39.0,3.29,41.0,7.7,9.973614468684623,11.507209157974119,8.9,8.8,0.58,9.2,Equatorial Guinea,0
2012,56.7,337.0,1.3862943611198906,11.89,7.314161700582378,2.0,7.0825485693553,23.0,1.6094379124341003,3.0,4.0,24.0,8.2,9.978532536985254,11.839304074757608,8.7,8.7,0.583,9.2,Equatorial Guinea,0
2013,57.4,327.0,1.3862943611198906,10.72,5.058731684326861,2.0,5.7745515455444085,23.5,1.6094379124341003,3.0,3.73,3.0,5.7,7.717793453002661,12.121315090411192,8.6,8.6,0.586,9.2,Equatorial Guinea,0
2014,57.9,32.0,1.3862943611198906,0.01,2.667559691218185,2.0,2.6390573296152584,24.0,1.6094379124341003,24.0,3.8,2.0,4.4,5.265780383425062,13.93721921162313,8.5,8.4,0.582,9.2,Equatorial Guinea,0
2015,58.2,32.0,1.3862943611198906,0.01,0.0,16.0,7.1316985104669115,24.5,1.6094379124341003,17.0,3.8,16.0,4.2,7.206609141447569,13.977110565382452,8.4,8.3,0.582,9.2,Equatorial Guinea,0
2000,45.3,593.0,2.0794415416798357,0.83,0.5515492613853644,86.0,6.672032945461067,12.6,2.3978952727983707,82.0,4.43,81.0,1.9,3.374064207238746,12.73458689896722,1.2,1.1,0.0,3.9,Eritrea,0
2001,58.1,345.0,2.0794415416798357,0.61,1.886102444774439,86.0,5.3230099791384085,12.8,2.3978952727983707,89.0,3.95,86.0,2.0,5.3759227047098825,15.067451760330899,1.0,1.0,0.0,4.3,Eritrea,0
2002,58.5,343.0,2.0794415416798357,0.83,0.5324690140532485,86.0,6.133398042996649,13.1,2.3978952727983707,92.0,4.2,9.0,1.9,3.1253910943171115,15.10050282355384,9.9,9.9,0.0,4.4,Eritrea,0
2003,58.8,343.0,2.0794415416798357,0.56,2.068633091889155,91.0,5.932245187448011,13.3,2.3978952727983707,95.0,3.5,93.0,1.9,5.4544427207076955,15.134132425514506,9.7,9.7,0.0,4.7,Eritrea,0
2004,59.1,342.0,2.0794415416798357,0.64,2.42134306746532,84.0,3.2188758248682006,13.6,2.3978952727983707,98.0,3.14,98.0,1.8,5.664425463121384,15.165821201204158,9.6,9.6,0.0,5.0,Eritrea,0
2005,59.4,34.0,2.0794415416798357,1.07,1.8024832579812375,96.0,2.995732273553991,13.9,2.302585092994046,96.0,2.97,96.0,1.6,5.626753687225344,10.589056087572523,9.4,9.5,0.0,5.4,Eritrea,0
2006,59.7,336.0,2.0794415416798357,0.97,2.451237634004787,94.0,4.859812404361672,14.3,2.302585092994046,94.0,3.3,94.0,1.4,5.699870124719485,13.053332648057921,9.3,9.3,0.405,5.3,Eritrea,0
2007,62.0,329.0,1.9459101490553132,1.23,2.519618785879129,91.0,4.02535169073515,14.7,2.302585092994046,91.0,3.29,91.0,1.3,5.763086801266379,15.239421702398646,9.2,9.2,0.405,5.3,Eritrea,0
2008,67.0,322.0,1.9459101490553132,0.49,2.546763696954274,94.0,0.0,15.1,2.302585092994046,94.0,3.69,94.0,1.1,5.792481887777502,15.258335761042067,9.1,9.1,0.406,5.2,Eritrea,0
2009,61.4,311.0,1.9459101490553132,0.63,0.9459117442194458,92.0,4.418840607796598,15.5,2.302585092994046,92.0,3.3,92.0,1.0,3.8011908788832693,12.974640329355044,9.0,8.9,0.402,5.2,Eritrea,0
2010,62.1,298.0,1.9459101490553132,0.61,2.910032645300226,9.0,3.9512437185814275,16.0,2.302585092994046,9.0,3.24,9.0,0.9,6.180327040260274,10.691603945686776,8.9,8.8,0.404,5.1,Eritrea,0
2011,62.9,286.0,1.9459101490553132,0.62,3.090129270624761,96.0,3.8918202981106265,16.5,2.1972245773362196,96.0,3.6,96.0,0.7,6.369516545928132,13.011364775343681,8.8,8.7,0.405,5.0,Eritrea,0
2012,63.6,274.0,1.9459101490553132,0.01,0.0,94.0,5.272999558563747,17.0,2.1972245773362196,94.0,2.98,94.0,0.6,6.369516545928132,13.011364775343681,8.7,8.6,0.41,5.0,Eritrea,0
2013,64.0,266.0,1.9459101490553132,0.01,0.0,94.0,3.828641396489095,17.5,2.1972245773362196,94.0,3.1,94.0,0.5,6.369516545928132,13.011364775343681,8.6,8.4,0.414,5.0,Eritrea,0
2014,64.4,261.0,1.791759469228055,0.01,0.0,94.0,4.852030263919617,18.0,2.1972245773362196,94.0,3.34,94.0,0.4,6.369516545928132,13.011364775343681,8.5,8.3,0.416,5.0,Eritrea,0
2015,64.7,255.0,1.791759469228055,0.01,0.0,95.0,5.293304824724492,18.6,2.0794415416798357,95.0,3.34,95.0,0.4,6.369516545928132,13.011364775343681,8.4,8.2,0.418,5.0,Eritrea,0
2000,78.0,218.0,0.0,0.01,1.8481546907070845,9.0,2.302585092994046,54.0,0.0,93.0,5.28,93.0,0.1,3.8780166896442076,14.149827616714296,2.5,2.5,0.764,14.4,Estonia,0
2001,78.0,225.0,0.0,0.01,4.495684040723087,9.0,0.0,54.3,0.0,94.0,4.85,94.0,0.1,8.411823180157773,14.14345799004385,2.4,2.5,0.781,15.0,Estonia,0
2002,71.2,211.0,0.0,11.48,2.1754381704832175,9.0,0.0,54.6,0.0,94.0,4.84,94.0,0.1,6.290360596601424,11.834545088449707,2.3,2.4,0.791,15.4,Estonia,0
2003,71.9,199.0,0.0,11.64,4.895773429163132,9.0,0.0,54.9,0.0,95.0,4.92,94.0,0.1,8.878391129278993,9.530465432917332,2.2,2.3,0.798,15.6,Estonia,0
2004,72.3,195.0,0.0,15.07,4.626149729270404,9.0,0.0,55.2,0.0,95.0,5.13,94.0,0.1,6.787241773358138,11.82229074825315,2.2,2.3,0.805,15.7,Estonia,0
2005,72.8,189.0,0.0,15.52,5.040223392348797,95.0,1.0986122886681098,55.5,0.0,96.0,5.2,96.0,0.1,7.199912239172405,14.119146684976993,2.1,2.2,0.812,15.9,Estonia,0
2006,73.0,188.0,0.0,16.58,5.502690164808676,95.0,3.332204510175204,55.9,0.0,95.0,5.1,95.0,0.1,9.44116764772696,11.8106717231796,2.1,2.2,0.822,16.1,Estonia,0
2007,73.0,189.0,0.0,17.87,7.552302739487019,95.0,0.6931471805599453,56.3,0.0,95.0,5.16,95.0,0.1,9.716401784890985,9.508146027598816,2.0,2.1,0.829,16.1,Estonia,0
2008,74.2,167.0,0.0,16.99,5.420855132979774,94.0,0.0,56.7,0.0,95.0,6.6,95.0,0.1,7.547263521545431,9.50151633368222,2.0,2.1,0.835,16.1,Estonia,0
2009,74.9,156.0,0.0,15.04,7.4489677374159875,95.0,0.0,57.1,0.0,95.0,6.93,95.0,0.1,9.597459434497786,14.104079237264022,2.0,2.0,0.836,16.1,Estonia,0
2010,75.6,137.0,0.0,14.97,7.49721698078189,94.0,0.0,57.6,0.0,94.0,6.25,94.0,0.1,9.59148875717193,14.101798659289598,1.9,2.0,0.833,16.2,Estonia,0
2011,76.1,138.0,0.0,0.01,7.672267195067624,94.0,2.0794415416798357,58.0,0.0,93.0,5.83,93.0,0.1,9.767429738050954,14.09876283333667,1.9,2.0,0.838,16.4,Estonia,0
2012,76.3,135.0,0.0,0.01,7.724934285003593,94.0,1.6094379124341003,58.5,0.0,94.0,6.36,94.0,0.1,9.765540264179979,14.095183391923564,1.9,1.9,0.85,16.5,Estonia,0
2013,76.9,127.0,0.0,0.01,5.569456407504357,93.0,1.0986122886681098,59.0,0.0,94.0,6.48,94.0,0.1,7.565676548530966,14.091624476592756,1.9,1.9,0.856,16.5,Estonia,0
2014,77.3,122.0,0.0,0.01,7.901404398965581,93.0,0.0,59.4,0.0,93.0,6.38,93.0,0.1,9.900606171341506,14.089001916834196,1.9,1.9,0.86,16.5,Estonia,0
2015,77.6,119.0,0.0,0.01,0.0,91.0,1.6094379124341003,59.9,0.0,93.0,6.38,93.0,0.1,7.482079001584073,11.78712708300813,1.9,1.9,0.863,16.5,Estonia,0
2000,51.2,391.0,5.537334267018537,0.88,2.533285432526297,47.0,7.415175109613295,12.3,6.003887067106539,55.0,4.36,3.0,5.0,4.827323302984121,18.013273731567985,11.9,11.8,0.0,3.9,Ethiopia,0
2001,52.5,372.0,5.5093883366279774,0.85,0.7821774909230063,47.0,7.769378609513984,12.6,5.973809611869261,55.0,4.26,32.0,4.9,2.57861918282199,18.042231274947188,11.8,11.7,0.283,4.3,Ethiopia,0
2002,53.2,369.0,5.472270673671475,0.8,2.4701758439337933,47.0,8.11162807830774,12.9,5.934894195619588,55.0,4.73,35.0,4.6,4.721738578486278,15.830039241784624,11.7,11.6,0.298,4.9,Ethiopia,0
2003,54.0,363.0,5.43372200355424,0.79,2.4825721870489836,47.0,5.43372200355424,13.2,5.8888779583328805,55.0,4.64,37.0,4.4,4.786436574621204,18.099719615689317,11.6,11.5,0.306,5.2,Ethiopia,0
2004,55.0,354.0,5.384495062789089,0.86,0.9190718537670073,47.0,4.30406509320417,13.5,5.8377304471659395,54.0,4.23,4.0,4.1,4.918245009778339,15.82539380047591,11.5,11.3,0.31,5.4,Ethiopia,0
2005,56.0,343.0,5.332718793265369,0.99,2.9464123639192037,47.0,5.8805329864007,13.8,5.780743515792329,56.0,4.2,44.0,3.7,5.091456927866541,15.853190080105414,11.5,11.2,0.325,5.8,Ethiopia,0
2006,57.2,328.0,5.2832037287379885,1.22,3.143700558558646,47.0,7.280697195384741,14.2,5.720311776607412,59.0,4.47,46.0,3.3,5.27194749764938,15.880560282477123,11.4,11.1,0.346,6.6,Ethiopia,0
2007,58.5,39.0,5.231108616854587,1.06,3.44886050174959,47.0,7.277247726631484,14.5,5.659482215759621,61.0,4.69,5.0,2.8,5.498506763477356,9.005773206234908,11.3,11.0,0.362,7.1,Ethiopia,0
2008,59.8,289.0,5.181783550292085,1.13,3.6777637196116606,52.0,8.163940954755008,14.9,5.602118820879701,63.0,4.28,54.0,2.4,5.788070172825727,18.23657631478556,11.2,1.9,0.378,7.6,Ethiopia,0
2009,68.0,274.0,5.135798437050262,1.17,4.0032072308131985,56.0,7.0707241072602764,15.3,5.54907608489522,65.0,4.41,58.0,2.0,5.942160426948294,18.2630469685176,11.1,1.8,0.393,8.1,Ethiopia,0
2010,61.8,261.0,5.093750200806762,1.34,4.230240259570023,62.0,8.351374706721296,15.6,5.497168225293202,69.0,6.86,61.0,1.7,5.8359794106227,13.684567811901243,11.0,1.7,0.401,8.1,Ethiopia,0
2011,62.6,249.0,5.056245805348308,1.32,4.230849811527373,65.0,8.08825472712243,16.0,5.44673737166631,7.0,6.55,65.0,1.4,5.874499048926749,13.76079773945205,1.9,1.6,0.411,8.2,Ethiopia,0
2012,63.3,241.0,5.017279836814924,1.84,4.475352019256497,69.0,8.3774712482411,16.4,5.402677381872279,7.0,5.77,69.0,1.2,6.151811523747876,18.342115604137604,1.7,1.5,0.422,8.4,Ethiopia,0
2013,63.7,237.0,4.983606621708336,1.86,2.2314415575220603,72.0,8.566744970245486,16.8,5.356586274672012,7.0,5.19,72.0,0.9,3.9731856227343454,18.368204908533436,1.6,1.4,0.427,8.4,Ethiopia,0
2014,64.2,234.0,4.948759890378168,0.01,4.510398504117725,77.0,9.452501929126154,17.2,5.313205979041787,75.0,4.88,77.0,0.6,6.349422650270685,18.3939955913219,1.5,1.3,0.435,8.4,Ethiopia,0
2015,64.8,225.0,4.919980925828125,0.01,0.0,77.0,9.783915417395283,17.6,5.272999558563747,75.0,4.88,77.0,0.6,6.471517145132847,16.11682824814257,1.4,1.2,0.441,8.4,Ethiopia,0
2000,67.7,221.0,0.0,2.05,3.473776805418876,98.0,0.0,5.2,0.0,91.0,3.87,9.0,0.1,5.624500422055673,13.60629949718022,4.3,4.0,0.681,13.1,Fiji,0
2001,67.8,221.0,0.0,1.93,3.077861091477982,98.0,2.8903717578961645,51.2,0.0,92.0,3.28,91.0,0.1,5.480187692385948,13.609984650568473,4.3,4.0,0.683,13.2,Fiji,0
2002,67.9,22.0,0.0,1.85,5.3330650424929305,99.0,5.720311776607412,52.2,0.0,94.0,3.48,93.0,0.1,7.723366946751009,13.611792111713301,4.2,3.9,0.687,13.3,Fiji,0
2003,68.0,22.0,0.0,1.76,5.540556120482781,99.0,5.723585101952381,53.2,0.0,95.0,3.35,94.0,0.1,7.950493260286681,13.612940170340147,4.2,3.9,0.689,13.3,Fiji,0
2004,68.1,218.0,0.0,1.63,3.8065408077006904,99.0,3.6375861597263857,54.2,0.0,96.0,3.61,95.0,0.1,8.111903627799236,13.61505150677056,4.2,3.9,0.691,13.4,Fiji,0
2005,68.3,214.0,0.0,2.02,4.1804004533387875,99.0,0.0,55.1,0.0,97.0,3.61,96.0,0.1,8.205119601840295,13.619274238331027,4.1,3.8,0.699,13.9,Fiji,0
2006,68.5,211.0,0.0,2.06,3.9726318793558777,99.0,4.919980925828125,55.9,0.0,98.0,3.84,98.0,0.1,8.229761704365313,13.62605803616751,4.1,3.8,0.695,14.0,Fiji,0
2007,68.6,29.0,0.0,2.09,1.9300023193811484,99.0,0.0,56.6,0.0,99.0,3.74,99.0,0.1,6.173417848604277,13.63496302665617,4.1,3.8,0.698,14.2,Fiji,0
2008,68.7,26.0,0.0,1.95,4.40728690453101,99.0,0.0,57.3,0.0,99.0,3.68,99.0,0.1,8.337745370844111,11.342552241692115,4.0,3.7,0.7,14.3,Fiji,0
2009,68.9,23.0,0.0,2.31,4.121484331900709,99.0,0.6931471805599453,58.0,0.0,99.0,4.26,99.0,0.1,8.122811179271215,13.65530424642066,4.0,3.7,0.704,14.5,Fiji,0
2010,69.1,2.0,0.0,2.25,4.144458220504152,99.0,0.0,58.7,0.0,99.0,4.23,99.0,0.1,8.203294933953504,11.362056062526039,4.0,3.7,0.706,14.6,Fiji,0
2011,69.2,197.0,0.0,0.01,5.9984230417803,99.0,0.0,59.5,0.0,99.0,4.6,99.0,0.1,8.378878121975427,11.371212119846604,4.0,3.7,0.709,14.7,Fiji,0
2012,69.4,195.0,0.0,0.01,6.069548770664439,99.0,0.0,6.2,0.0,99.0,4.16,99.0,0.1,8.422385364211713,13.680374449900947,4.0,3.7,0.714,14.9,Fiji,0
2013,69.6,192.0,0.0,0.01,6.1348043866035376,99.0,0.0,61.1,0.0,99.0,4.26,99.0,0.1,8.46898766391348,13.68735440709401,4.0,3.7,0.719,15.0,Fiji,0
2014,69.7,19.0,0.0,0.01,3.9423481935326588,99.0,0.0,61.9,0.0,99.0,4.49,99.0,0.1,6.305130105931024,11.39174039896543,4.0,3.7,0.727,15.2,Fiji,0
2015,69.9,188.0,0.0,0.01,0.0,99.0,0.0,62.7,0.0,99.0,4.49,99.0,0.1,8.501652313113388,13.701389558859574,4.0,3.7,0.734,15.3,Fiji,0
2000,77.5,15.0,0.0,8.59,5.988343102715402,87.0,0.0,55.5,0.0,96.0,7.22,99.0,0.1,10.096347311907259,13.15701598030375,0.9,0.9,0.847,17.3,Finland,0
2001,78.0,1.0,0.0,8.94,7.928887150061516,87.0,0.6931471805599453,56.1,0.0,95.0,7.43,98.0,0.1,10.12319498795997,10.856862100640145,0.9,0.8,0.856,17.7,Finland,0
2002,78.1,98.0,0.0,9.25,8.03927264802438,87.0,0.0,56.6,0.0,95.0,7.81,98.0,0.1,10.197472066564204,10.870452387138238,0.9,0.8,0.863,18.0,Finland,0
2003,78.4,98.0,0.0,9.31,8.261016582383162,87.0,0.0,57.1,0.0,96.0,8.15,98.0,0.1,10.398707096450206,13.164109744560529,0.9,0.8,0.866,18.1,Finland,0
2004,78.7,12.0,0.0,9.89,8.414009457072185,87.0,0.0,57.6,0.0,96.0,8.21,98.0,0.1,10.535745856695597,15.469572444226955,0.9,0.8,0.869,18.3,Finland,0
2005,78.9,11.0,0.0,9.95,8.480029001672339,87.0,0.6931471805599453,58.1,0.0,97.0,8.43,97.0,0.1,10.5705518024801,13.17057623210557,0.9,0.8,0.864,17.1,Finland,0
2006,79.2,96.0,0.0,10.15,6.2648781626182375,87.0,0.0,58.6,0.0,97.0,8.38,97.0,0.1,8.322072435619097,15.476832700149226,0.9,0.8,0.869,17.2,Finland,0
2007,79.3,96.0,0.0,10.45,8.723903623620185,87.0,0.0,59.0,0.0,97.0,8.9,99.0,0.1,10.784970441487072,13.178503606403305,0.9,0.8,0.873,17.2,Finland,0
2008,79.6,94.0,0.0,10.26,6.521917959357326,87.0,1.791759469228055,59.4,0.0,97.0,8.35,99.0,0.1,8.583414334276567,15.485742489630963,0.9,0.8,0.876,17.1,Finland,0
2009,79.7,91.0,0.0,9.96,6.364300460647303,87.0,1.0986122886681098,59.8,0.0,99.0,9.2,99.0,0.1,8.459173262814287,15.490524952667865,0.9,0.8,0.878,17.0,Finland,0
2010,79.9,89.0,0.0,9.72,6.38463630146902,87.0,1.791759469228055,6.2,0.0,99.0,9.5,99.0,0.1,8.438888923114286,15.495099897167568,0.9,0.8,0.874,16.8,Finland,0
2011,83.0,86.0,0.0,9.81,4.276891210070052,87.0,3.332204510175204,6.6,0.0,99.0,9.1,99.0,0.1,6.364275859252194,15.499735483380253,0.9,0.8,0.878,16.9,Finland,0
2012,84.0,82.0,0.0,9.24,8.681013404996508,87.0,0.0,61.0,0.0,99.0,9.3,99.0,0.1,10.766726811015646,15.504493577366135,0.9,0.8,0.884,17.0,Finland,0
2013,87.0,79.0,0.0,8.97,8.718744764537174,87.0,1.0986122886681098,61.4,0.0,98.0,9.55,98.0,0.1,10.812547632136294,15.509100814244954,0.9,0.8,0.887,17.0,Finland,0
2014,89.0,78.0,0.0,8.8,8.72671728180782,87.0,0.0,61.7,0.0,98.0,9.68,98.0,0.1,10.8180892315633,15.513236415561355,0.9,0.8,0.89,17.0,Finland,0
2015,81.1,76.0,0.0,8.8,0.0,87.0,1.0986122886681098,62.1,0.0,97.0,9.68,97.0,0.1,8.353826241274104,15.516530253817432,0.9,0.8,0.893,17.0,Finland,0
2000,78.8,13.0,1.3862943611198906,13.63,8.134844165339144,26.0,9.210440366976517,54.6,1.6094379124341003,98.0,9.77,97.0,0.1,10.019786903187168,15.748841780147256,0.7,0.6,0.844,15.7,France,0
2001,79.0,13.0,1.3862943611198906,13.89,8.14676266577188,28.0,0.0,55.2,1.6094379124341003,98.0,9.89,97.0,0.1,10.022528363528043,17.932226862778514,0.7,0.6,0.849,15.6,France,0
2002,79.2,11.0,1.3862943611198906,13.78,8.237652626235302,29.0,8.55371796609861,55.8,1.6094379124341003,97.0,1.22,97.0,0.1,10.09725348031494,15.637680893508621,0.7,0.6,0.851,15.5,France,0
2003,79.3,99.0,1.3862943611198906,13.49,8.428021365172238,28.0,0.0,56.4,1.6094379124341003,96.0,1.43,97.0,0.1,10.298639043670711,17.946586921258362,0.6,0.6,0.852,15.4,France,0
2004,82.0,94.0,1.3862943611198906,13.18,8.573995890463847,35.0,8.400434630806041,57.0,1.6094379124341003,99.0,1.53,98.0,0.1,10.430454478236959,15.652067787869928,0.6,0.6,0.857,15.5,France,0
2005,81.0,93.0,1.3862943611198906,12.2,8.603866402484217,35.0,3.6109179126442243,57.5,1.6094379124341003,98.0,1.6,98.0,0.1,10.4596897014873,17.961488176015138,0.6,0.6,0.86,15.5,France,0
2006,86.0,92.0,1.3862943611198906,12.4,8.64663984074937,39.0,3.713572066704308,58.0,1.6094379124341003,99.0,1.53,99.0,0.1,10.506315672657083,17.968460088188106,0.6,0.6,0.87,16.1,France,0
2007,89.0,89.0,1.3862943611198906,12.2,4.1856641985703416,42.0,3.6888794541139363,58.6,1.3862943611198906,99.0,1.45,98.0,0.1,6.034485649816341,15.674341275766267,0.6,0.6,0.873,16.1,France,0
2008,89.0,88.0,1.3862943611198906,11.9,8.854206128261305,47.0,6.405228458030842,59.1,1.3862943611198906,98.0,1.57,98.0,0.1,10.72359017553899,15.677650823954128,0.6,0.6,0.877,16.1,France,0
2009,81.1,88.0,1.3862943611198906,11.8,8.766605844691108,51.0,7.340835554123275,59.6,1.3862943611198906,98.0,11.28,98.0,0.1,10.63662753777343,13.381252379367162,0.6,0.6,0.879,16.0,France,0
2010,81.3,86.0,1.3862943611198906,11.7,4.3013603725264895,65.0,8.526945482858915,6.1,1.3862943611198906,99.0,11.2,99.0,0.1,6.161930245976346,15.691536571127548,0.6,0.6,0.879,16.0,France,0
2011,81.7,83.0,1.3862943611198906,11.8,6.529300666024687,74.0,9.612466578818832,6.6,1.3862943611198906,99.0,11.33,99.0,0.1,8.38532624140969,17.995157463999295,0.6,0.6,0.882,16.1,France,0
2012,81.5,83.0,1.3862943611198906,11.5,6.623240658586851,78.0,0.0,61.1,1.3862943611198906,99.0,11.44,99.0,0.1,8.484513871820873,15.697412331044518,0.6,0.6,0.885,16.1,France,0
2013,82.0,81.0,1.3862943611198906,11.1,8.802064407359653,74.0,5.60947179518496,61.6,1.3862943611198906,99.0,11.56,99.0,0.1,10.658555514534577,15.702558691613685,0.6,0.6,0.887,16.2,France,0
2014,82.2,79.0,1.3862943611198906,11.5,8.815915733867884,83.0,5.5909869805108565,62.0,1.3862943611198906,98.0,11.54,98.0,0.1,10.667937268887071,18.01018236013737,0.6,0.6,0.89,16.2,France,0
2015,82.4,78.0,1.0986122886681098,11.5,0.0,86.0,5.062595033026967,62.5,1.3862943611198906,98.0,11.54,98.0,0.1,10.505828102324188,15.712000694537345,0.7,0.6,0.894,16.3,France,0
2000,61.0,296.0,1.0986122886681098,8.87,5.389860219333544,28.0,2.772588722239781,28.1,1.3862943611198906,44.0,2.89,45.0,9.5,8.322993430446985,14.023437318940275,8.0,7.8,0.637,12.2,Gabon,0
2001,59.8,37.0,1.0986122886681098,9.29,5.218722480004315,28.0,8.542860938164814,28.7,1.3862943611198906,44.0,3.23,45.0,10.1,8.288320477245348,14.048414323050643,7.8,7.7,0.633,12.3,Gabon,0
2002,59.7,315.0,1.0986122886681098,8.34,3.1650698626890184,28.0,4.709530201312334,29.2,1.3862943611198906,44.0,3.22,45.0,10.7,6.024784979133009,11.771049985179683,7.7,7.5,0.636,12.3,Gabon,0
2003,59.7,32.0,1.0986122886681098,6.47,5.867126098167034,28.0,0.0,29.8,1.3862943611198906,44.0,3.48,45.0,11.0,8.495584635131495,14.099295295663607,7.5,7.4,0.638,12.3,Gabon,0
2004,59.7,322.0,1.0986122886681098,8.13,6.096893953042819,28.0,4.1588830833596715,3.3,1.3862943611198906,44.0,3.26,45.0,11.1,8.645863893802758,11.823537622062386,7.4,7.2,0.64,12.3,Gabon,0
2005,65.0,37.0,1.0986122886681098,7.72,5.869985384839794,28.0,0.0,3.8,1.3862943611198906,44.0,2.76,45.0,10.9,8.816155494368937,11.871487626992135,7.2,7.1,0.64,12.4,Gabon,0
2006,61.4,288.0,1.0986122886681098,8.01,3.726589366004589,52.0,4.51085950651685,31.4,1.3862943611198906,44.0,2.88,45.0,10.7,6.591368260116815,14.183512607339228,7.1,6.9,0.646,12.4,Gabon,0
2007,61.6,291.0,1.0986122886681098,9.02,6.303422603848225,75.0,0.0,31.9,1.3862943611198906,78.0,2.86,81.0,10.0,9.030473852310893,14.213745591963718,6.9,6.8,0.645,12.4,Gabon,0
2008,61.6,298.0,1.0986122886681098,8.75,2.48941519932043,82.0,1.3862943611198906,32.4,1.3862943611198906,81.0,2.54,82.0,8.9,5.274406773100972,14.24496038588941,6.8,6.6,0.651,12.4,Gabon,0
2009,61.7,31.0,1.0986122886681098,8.64,3.9761401145341386,79.0,0.0,33.0,1.3862943611198906,74.0,3.43,76.0,8.0,6.639434206911959,14.277201608258757,6.7,6.5,0.652,12.4,Gabon,0
2010,62.3,294.0,1.0986122886681098,8.85,4.985784262624943,67.0,0.6931471805599453,33.5,1.3862943611198906,68.0,3.41,67.0,7.0,9.077393194493327,9.706377178268735,6.5,6.4,0.66,12.5,Gabon,0
2011,62.8,289.0,1.0986122886681098,8.9,4.901730484100526,75.0,1.0986122886681098,34.1,1.3862943611198906,75.0,3.12,75.0,6.0,7.44846536069596,12.041858161745251,6.4,6.3,0.664,12.5,Gabon,0
2012,63.5,276.0,1.0986122886681098,8.3,6.692570631897196,82.0,1.0986122886681098,34.6,1.3862943611198906,8.0,3.13,82.0,4.9,9.187601918697158,14.3790147761465,6.3,6.2,0.669,12.5,Gabon,0
2013,64.6,255.0,1.0986122886681098,8.86,5.049060100214931,79.0,4.812184355372417,35.2,1.3862943611198906,77.0,3.98,79.0,3.7,9.177893933006875,14.412847033478032,6.2,6.1,0.678,12.5,Gabon,0
2014,65.5,237.0,1.0986122886681098,0.01,6.574073516823081,7.0,3.5263605246161616,35.8,1.3862943611198906,68.0,3.44,7.0,2.8,9.179176160777015,14.444499944900729,6.1,6.0,0.687,12.6,Gabon,0
2015,66.0,229.0,1.0986122886681098,0.01,0.0,8.0,3.332204510175204,36.3,1.3862943611198906,79.0,3.44,8.0,2.7,8.90788086833778,12.17135696944168,6.1,5.9,0.694,12.6,Gabon,0
2000,55.9,33.0,1.3862943611198906,2.18,0.0,91.0,5.820082930352362,18.0,1.9459101490553132,84.0,3.61,8.0,2.0,7.1137238128557545,14.149783234468618,1.2,1.2,0.377,6.5,Gambia,0
2001,56.3,3.0,1.3862943611198906,2.25,0.0,91.0,4.605170185988092,18.5,1.9459101490553132,85.0,3.71,87.0,2.3,7.1137238128557545,14.149783234468618,1.0,1.0,0.384,6.8,Gambia,0
2002,56.6,298.0,1.3862943611198906,2.08,0.0,92.0,3.4965075614664802,19.1,1.9459101490553132,86.0,3.75,87.0,2.5,7.1137238128557545,14.149783234468618,9.8,9.8,0.392,7.0,Gambia,0
2003,57.0,297.0,1.3862943611198906,2.47,0.0,94.0,4.787491742782046,19.7,1.9459101490553132,87.0,4.22,87.0,2.7,7.1137238128557545,14.149783234468618,9.6,9.6,0.395,7.3,Gambia,0
2004,57.3,296.0,1.3862943611198906,2.51,0.0,95.0,0.0,2.3,1.9459101490553132,88.0,4.35,87.0,2.9,7.1137238128557545,14.149783234468618,9.4,9.3,0.404,7.6,Gambia,0
2005,57.7,294.0,1.3862943611198906,2.26,0.0,95.0,0.0,2.9,1.9459101490553132,94.0,4.97,95.0,3.0,7.1137238128557545,14.149783234468618,9.2,9.1,0.412,7.8,Gambia,0
2006,58.2,288.0,1.3862943611198906,2.93,0.0,95.0,0.0,21.5,1.9459101490553132,94.0,5.52,95.0,3.0,7.1137238128557545,14.149783234468618,9.0,8.9,0.415,8.1,Gambia,0
2007,58.5,288.0,1.3862943611198906,2.64,0.0,97.0,0.0,22.2,1.9459101490553132,94.0,5.76,95.0,3.1,7.1137238128557545,14.149783234468618,8.8,8.7,0.42,8.4,Gambia,0
2008,58.7,287.0,1.3862943611198906,2.79,0.0,98.0,0.0,22.8,1.9459101490553132,96.0,5.95,96.0,3.0,7.1137238128557545,14.149783234468618,8.6,8.5,0.426,8.6,Gambia,0
2009,59.0,286.0,1.3862943611198906,2.99,0.0,97.0,0.0,23.5,1.9459101490553132,97.0,5.85,98.0,2.7,7.1137238128557545,14.149783234468618,8.4,8.3,0.434,8.9,Gambia,0
2010,59.3,284.0,1.3862943611198906,3.48,0.0,97.0,1.0986122886681098,24.1,1.9459101490553132,97.0,5.75,97.0,2.1,7.1137238128557545,14.149783234468618,8.2,8.1,0.439,8.8,Gambia,0
2011,59.8,277.0,1.3862943611198906,3.41,0.0,96.0,0.0,24.8,1.791759469228055,95.0,6.24,96.0,1.8,7.1137238128557545,14.149783234468618,8.0,7.9,0.441,8.7,Gambia,0
2012,62.0,269.0,1.3862943611198906,0.01,0.0,98.0,0.0,25.4,1.791759469228055,98.0,6.12,98.0,1.4,7.1137238128557545,14.149783234468618,7.8,7.7,0.44,8.8,Gambia,0
2013,66.0,266.0,1.3862943611198906,0.01,0.0,97.0,0.0,26.0,1.791759469228055,96.0,6.49,97.0,1.6,7.1137238128557545,14.149783234468618,7.6,7.5,0.445,8.9,Gambia,0
2014,68.0,266.0,1.3862943611198906,0.01,0.0,96.0,0.6931471805599453,26.7,1.791759469228055,97.0,7.34,96.0,1.7,7.1137238128557545,14.149783234468618,7.5,7.3,0.449,8.9,Gambia,0
2015,61.1,262.0,1.3862943611198906,0.01,0.0,97.0,4.276666119016055,27.3,1.791759469228055,96.0,7.34,97.0,1.7,7.1137238128557545,14.149783234468618,7.3,7.2,0.45,8.9,Gambia,0
2000,71.8,129.0,1.0986122886681098,3.28,3.8880794697246173,55.0,3.9318256327243257,46.0,1.0986122886681098,81.0,6.94,8.0,0.1,6.5410266961541454,10.696118011581023,3.1,3.1,0.0,11.4,Georgia,0
2001,73.0,121.0,1.0986122886681098,2.76,4.0622205375674225,61.0,3.58351893845611,46.5,1.0986122886681098,83.0,7.82,87.0,0.1,6.599835317641592,10.688872014562484,3.0,3.1,0.673,11.7,Georgia,0
2002,71.7,142.0,1.0986122886681098,2.72,4.119982791153616,51.0,5.298317366548036,47.0,1.0986122886681098,89.0,8.72,84.0,0.1,6.659786866755007,8.379768515504566,2.9,3.0,0.677,11.8,Georgia,0
2003,72.7,132.0,0.6931471805599453,3.36,4.270282628379586,48.0,5.37989735354046,47.5,1.0986122886681098,74.0,8.49,75.0,0.1,6.834304919784379,6.068425588244111,2.9,3.0,0.684,11.8,Georgia,0
2004,72.3,134.0,0.6931471805599453,3.74,2.095876343428338,64.0,8.831711917821577,48.1,0.6931471805599453,66.0,8.53,78.0,0.1,4.854895125033351,8.353732642263202,2.8,3.0,0.694,12.0,Georgia,0
2005,73.9,128.0,0.6931471805599453,4.7,2.3461114672207826,79.0,7.213031659834869,48.6,0.6931471805599453,82.0,8.6,82.0,0.1,5.040680774007513,6.040254711277414,2.8,2.9,0.703,12.2,Georgia,0
2006,73.9,126.0,0.6931471805599453,6.18,4.71055515874684,84.0,5.814130531825066,49.2,0.6931471805599453,89.0,8.39,88.0,0.1,7.535661910707389,8.327726166461412,2.7,2.9,0.714,12.6,Georgia,0
2007,74.4,12.0,0.6931471805599453,8.65,4.674366772723682,94.0,3.8066624897703196,49.9,0.6931471805599453,88.0,8.17,98.0,0.1,7.821293738827988,6.180016653652572,2.7,2.9,0.722,12.5,Georgia,0
2008,73.9,128.0,0.6931471805599453,7.17,5.028884866353336,89.0,4.04305126783455,5.5,0.6931471805599453,9.0,8.99,92.0,0.1,8.06336179579024,3.784189633918261,2.6,2.8,0.735,13.1,Georgia,0
2009,73.2,133.0,0.6931471805599453,6.66,2.9720249782540664,54.0,3.1780538303479458,51.3,0.6931471805599453,93.0,1.19,88.0,0.1,5.626139844491035,8.288785810426928,2.6,2.8,0.734,12.8,Georgia,0
2010,73.8,132.0,0.6931471805599453,7.24,5.273887706607587,95.0,3.1354942159291497,52.0,0.6931471805599453,88.0,1.5,92.0,0.1,7.994793290042371,8.27563105457801,2.6,2.8,0.738,13.3,Georgia,0
2011,73.9,127.0,0.6931471805599453,8.14,5.29806113372321,89.0,4.174387269895637,52.8,0.6931471805599453,88.0,9.38,94.0,0.1,8.22326021202328,8.262558973010657,2.6,2.8,0.742,13.3,Georgia,0
2012,74.2,13.0,0.6931471805599453,7.71,5.070523032716237,92.0,3.4657359027997265,53.6,0.6931471805599453,93.0,8.57,92.0,0.1,8.329385213701602,8.249575150000199,2.6,2.8,0.749,13.4,Georgia,0
2013,74.5,128.0,0.6931471805599453,5.91,5.2005871294659185,96.0,8.971194463184467,54.4,0.6931471805599453,94.0,7.25,93.0,0.1,8.360627531169763,8.236685322712457,2.7,2.8,0.755,13.5,Georgia,0
2014,74.5,125.0,0.6931471805599453,6.13,5.404850132352103,91.0,8.067462667010057,55.3,0.6931471805599453,91.0,7.42,91.0,0.1,8.396303271890602,8.223627175805483,2.7,2.8,0.759,13.5,Georgia,0
2015,74.4,129.0,0.6931471805599453,6.13,0.0,94.0,6.068425588244111,56.2,0.6931471805599453,91.0,7.42,94.0,0.1,8.23367553440381,10.52331106867723,2.7,2.8,0.768,13.9,Georgia,0
2000,78.0,95.0,1.3862943611198906,12.91,8.352210060030052,84.0,0.0,55.1,1.6094379124341003,94.0,1.1,9.0,0.1,10.074063174302536,15.92222175466005,1.2,1.2,0.855,16.2,Germany,1
2001,78.3,92.0,1.3862943611198906,12.46,8.30860257631206,86.0,8.703672758358856,55.6,1.6094379124341003,96.0,1.15,93.0,0.1,10.07273724735152,18.226488115983997,1.2,1.1,0.86,16.2,Germany,1
2002,78.4,91.0,1.3862943611198906,12.25,6.082460813307353,87.0,8.446341450444287,56.1,1.6094379124341003,97.0,1.4,93.0,0.1,7.834457403720865,18.228169399157668,1.2,1.1,0.867,16.3,Germany,1
2003,78.5,9.0,1.3862943611198906,11.92,6.369242723072119,9.0,6.659293919683638,56.6,1.6094379124341003,96.0,1.62,97.0,0.1,8.119979590789486,18.22872303218683,1.1,1.1,0.872,16.3,Germany,1
2004,79.1,86.0,1.3862943611198906,11.83,8.673063779638463,88.0,4.804021044733257,57.1,1.3862943611198906,96.0,1.37,96.0,0.1,10.439013622032542,15.925920950988322,1.1,1.1,0.877,16.4,Germany,1
2005,79.2,85.0,1.3862943611198906,11.67,8.701833032245307,9.0,6.658011045870748,57.6,1.3862943611198906,95.0,1.52,96.0,0.1,10.454426640834274,18.227938152301494,1.1,1.1,0.884,16.4,Germany,1
2006,79.6,84.0,1.3862943611198906,11.76,8.76538612351538,87.0,7.744136627627991,58.0,1.3862943611198906,94.0,1.34,96.0,0.1,10.503665799235314,18.226810177338727,1.1,1.1,0.892,16.5,Germany,1
2007,79.8,82.0,1.3862943611198906,11.5,8.959126041213924,86.0,6.342121418721152,58.5,1.3862943611198906,95.0,1.18,96.0,0.1,10.641029994288125,18.22547299162897,1.1,1.1,0.898,16.6,Germany,1
2008,79.9,8.0,1.0986122886681098,11.36,9.022354562146585,87.0,6.822197390620491,59.0,1.3862943611198906,95.0,1.39,96.0,0.1,10.729857916479007,13.618519528663647,1.1,1.1,0.903,16.6,Germany,1
2009,80.0,79.0,1.0986122886681098,11.22,8.941450042846888,88.0,6.354370040797351,59.5,1.3862943611198906,95.0,11.4,96.0,0.1,10.639065972087597,13.6161299189103,1.1,1.1,0.906,16.7,Germany,1
2010,81.0,76.0,1.0986122886681098,11.2,8.933938251518027,88.0,6.660575149839686,59.9,1.3862943611198906,94.0,11.25,95.0,0.1,10.640329961762937,15.916920761745192,1.1,1.1,0.907,16.7,Germany,1
2011,85.0,74.0,1.0986122886681098,11.2,6.769401689662082,88.0,7.382746449738912,6.4,1.3862943611198906,94.0,1.93,95.0,0.1,8.451550692586146,15.928747545690788,1.1,1.1,0.912,16.8,Germany,1
2012,86.0,71.0,1.0986122886681098,11.18,6.734488586884643,88.0,5.117993812416755,6.9,1.3862943611198906,94.0,1.99,95.0,0.1,8.404304165284973,15.946811833574488,1.1,1.1,0.916,16.9,Germany,1
2013,86.0,71.0,1.0986122886681098,10.94,6.7989197884756765,88.0,7.4798641311650265,61.4,1.3862943611198906,94.0,11.16,95.0,0.1,8.445678162677309,13.669982925899298,1.1,1.1,0.919,16.9,Germany,1
2014,89.0,69.0,1.0986122886681098,11.03,6.848807809041157,88.0,6.095824562432225,61.9,1.3862943611198906,94.0,11.3,95.0,0.1,8.475048005197168,11.405629744677892,1.1,1.1,0.92,17.0,Germany,1
2015,81.0,68.0,1.0986122886681098,11.03,0.0,88.0,7.80994708647679,62.3,1.3862943611198906,94.0,11.3,95.0,0.1,10.625656536325085,18.218400678593376,1.1,1.1,0.924,17.1,Germany,1
2000,57.2,38.0,3.784189633918261,1.6,3.075205375802385,8.0,10.046245003891086,19.5,4.189654742026425,88.0,3.0,88.0,3.6,5.576375027200514,16.756721332079284,9.2,9.2,0.48,7.7,Ghana,0
2001,57.4,39.0,3.7612001156935624,1.49,3.2793992794026927,8.0,9.508739807769159,2.1,4.174387269895637,81.0,3.56,79.0,3.5,5.615532755965159,14.47931440306804,9.0,9.0,0.485,8.0,Ghana,0
2002,57.6,31.0,3.7612001156935624,1.6,1.467053266647121,8.0,9.416541202560081,2.7,4.1588830833596715,8.0,3.7,78.0,3.5,3.700918517886502,16.80746184257984,8.8,8.8,0.484,7.6,Ghana,0
2003,57.9,38.0,3.7376696182833684,1.53,3.4686801087437065,8.0,7.570443252057374,21.2,4.1588830833596715,8.0,3.12,8.0,3.4,5.925008331569343,14.710284658476157,8.6,8.5,0.489,7.9,Ghana,0
2004,58.3,34.0,3.7376696182833684,1.46,3.9933773406036654,8.0,4.110873864173311,21.8,4.143134726391533,81.0,3.96,8.0,3.2,6.050190046497168,14.909625080161966,8.4,8.3,0.491,7.7,Ghana,0
2005,58.9,296.0,3.7376696182833684,1.5,4.378410582756509,84.0,6.077642243349034,22.4,4.143134726391533,85.0,4.51,84.0,3.1,6.2129515150453205,12.280391309772472,8.1,8.1,0.499,8.1,Ghana,0
2006,59.4,288.0,3.7376696182833684,1.7,4.867737017629775,84.0,6.042632833682381,23.0,4.143134726391533,84.0,4.64,84.0,2.9,6.828641904353177,16.911695493339906,7.9,7.9,0.51,8.7,Ghana,0
2007,59.9,28.0,3.7376696182833684,1.25,1.4306398119311339,94.0,1.9459101490553132,23.6,4.127134385045092,94.0,5.3,94.0,2.6,3.0294918518185914,12.333643182502087,7.7,7.6,0.519,9.1,Ghana,0
2008,63.0,275.0,3.7376696182833684,1.78,5.087662033691477,93.0,4.418840607796598,24.2,4.127134385045092,92.0,4.85,93.0,2.2,7.111035281784507,14.661320883949138,7.5,7.4,0.53,9.8,Ghana,0
2009,66.0,271.0,3.7376696182833684,1.76,3.457038975486177,94.0,4.624972813284271,24.9,4.110873864173311,94.0,5.17,94.0,2.1,5.235193204732602,14.688405987199047,7.3,7.2,0.542,10.4,Ghana,0
2010,69.0,267.0,3.713572066704308,1.69,5.28311470244024,94.0,6.464588303689961,25.5,4.0943445622221,94.0,5.33,94.0,1.9,7.180584265971575,14.712094377961382,7.1,7.0,0.547,10.5,Ghana,0
2011,61.2,263.0,3.713572066704308,1.64,5.42151658550045,91.0,4.795790545596741,26.1,4.07753744390572,91.0,4.81,91.0,1.3,7.362631725275328,17.039246433629852,6.9,6.8,0.554,10.9,Ghana,0
2012,61.6,257.0,3.6888794541139363,0.01,5.029780378461072,92.0,7.3864708488298945,26.7,4.04305126783455,91.0,4.79,92.0,0.9,7.396839583803142,14.760719109995813,6.7,6.6,0.563,11.2,Ghana,0
2013,61.9,254.0,3.6635616461296463,0.01,3.390101997916074,9.0,5.768320995793772,27.3,4.02535169073515,91.0,4.63,9.0,0.9,7.5041119479370995,17.086836583745523,6.6,6.4,0.57,11.5,Ghana,0
2014,62.1,253.0,3.6375861597263857,0.01,4.59186147375091,98.0,4.8283137373023015,28.0,4.007333185232471,93.0,3.56,98.0,0.8,7.267684482170683,17.109959943343863,6.4,6.3,0.576,11.7,Ghana,0
2015,62.4,249.0,3.6375861597263857,0.01,0.0,88.0,3.1780538303479458,28.6,3.970291913552122,88.0,3.56,88.0,0.7,7.2167931469396525,17.13270374561716,6.2,6.1,0.575,11.4,Ghana,0
2000,78.2,84.0,0.6931471805599453,8.48,4.813665791649963,89.0,4.04305126783455,57.4,0.6931471805599453,89.0,7.6,89.0,0.1,7.126050078073629,9.830325286907144,0.9,0.8,0.794,13.9,Greece,0
2001,78.7,83.0,0.6931471805599453,8.62,7.247096404261194,9.0,2.5649493574615367,58.0,0.6931471805599453,9.0,8.47,91.0,0.1,9.4366133279917,14.437233162839679,0.9,0.8,0.801,14.2,Greece,0
2002,79.0,81.0,0.6931471805599453,8.09,5.086915402833246,91.0,1.791759469228055,58.6,0.6931471805599453,92.0,8.72,92.0,0.1,7.252984341018532,9.86386275775286,0.8,0.8,0.811,14.6,Greece,0
2003,79.1,81.0,0.0,9.46,7.661960642416161,92.0,0.0,59.2,0.6931471805599453,93.0,8.61,94.0,0.1,9.824367416370928,9.867238419861007,0.8,0.8,0.823,15.2,Greece,0
2004,79.2,81.0,0.0,9.56,5.6650847912856594,92.0,0.6931471805599453,59.9,0.6931471805599453,95.0,8.3,95.0,0.1,9.996802515946625,14.485973383034962,0.8,0.8,0.83,15.3,Greece,0
2005,79.3,81.0,0.0,9.95,7.932412176060647,93.0,4.812184355372417,6.5,0.6931471805599453,96.0,9.36,96.0,0.1,10.023611656419295,14.502295039417241,0.8,0.7,0.839,15.6,Greece,0
2006,79.7,77.0,0.0,9.42,5.76700970768118,94.0,0.0,61.2,0.6931471805599453,98.0,9.34,98.0,0.1,7.816883545532196,11.629489980754945,0.8,0.7,0.85,16.3,Greece,0
2007,79.4,8.0,0.0,9.67,8.197880950158309,95.0,1.0986122886681098,61.8,0.0,99.0,9.41,99.0,0.1,10.269113736918227,13.95394466263127,0.8,0.7,0.855,16.4,Greece,0
2008,79.9,77.0,0.0,9.51,8.21172376987035,95.0,0.6931471805599453,62.4,0.0,99.0,9.76,99.0,0.1,10.373437495965806,13.97919450856135,0.8,0.7,0.853,15.9,Greece,0
2009,80.0,78.0,0.0,9.08,5.923414304956371,95.0,1.0986122886681098,63.1,0.0,99.0,9.76,99.0,0.1,7.997317741221238,11.62373311800127,0.8,0.7,0.857,16.2,Greece,0
2010,83.0,76.0,0.0,9.0,8.068012669070797,95.0,5.0106352940962555,63.7,0.0,99.0,9.18,99.0,0.1,10.200578682398836,16.224376522958284,0.8,0.7,0.859,16.4,Greece,0
2011,85.0,76.0,0.0,8.02,8.068994062968406,95.0,3.713572066704308,64.3,0.0,99.0,9.77,99.0,0.1,10.162665728733588,13.924275272755663,0.8,0.7,0.86,16.7,Greece,0
2012,84.0,76.0,0.0,8.2,7.835971789227548,98.0,1.3862943611198906,64.9,0.0,99.0,9.24,99.0,0.1,10.009813289068376,11.648434899978378,0.8,0.7,0.858,16.8,Greece,0
2013,86.0,74.0,0.0,7.46,7.688962321928744,98.0,1.3862943611198906,65.4,0.0,99.0,9.26,99.0,0.1,9.993137173381243,14.491110685506715,0.8,0.7,0.86,17.1,Greece,0
2014,88.0,73.0,0.0,7.53,7.679733701687501,96.0,0.6931471805599453,66.0,0.0,99.0,8.8,99.0,0.1,9.983904730087067,14.45336382072487,0.8,0.7,0.862,17.2,Greece,0
2015,81.0,72.0,0.0,7.53,0.0,96.0,0.6931471805599453,66.5,0.0,99.0,8.8,99.0,0.1,5.240634809486673,12.11660735105541,0.8,0.7,0.865,17.2,Greece,0
2000,74.0,182.0,0.0,9.4,6.5184765435726515,96.0,0.0,37.7,0.0,97.0,6.62,97.0,0.1,8.540634274438387,14.149783234468618,4.3,4.2,0.0,14.1,Grenada,0
2001,77.0,178.0,0.0,9.61,4.408103161651859,96.0,0.0,38.2,0.0,96.0,7.67,96.0,0.1,6.255670796770956,14.149783234468618,4.2,4.2,0.0,14.3,Grenada,0
2002,79.0,176.0,0.0,10.71,6.242897242172874,98.0,0.0,38.8,0.0,98.0,6.67,98.0,0.1,8.574184373973814,14.149783234468618,4.1,4.1,0.0,14.4,Grenada,0
2003,71.1,173.0,0.0,9.75,4.368756891023324,97.0,0.0,39.4,0.0,98.0,5.89,97.0,0.1,8.661247780230688,14.149783234468618,4.0,4.1,0.0,14.6,Grenada,0
2004,73.0,187.0,0.0,8.43,4.624638178869048,83.0,0.0,39.9,0.0,84.0,5.24,83.0,0.1,8.672002676469383,14.149783234468618,4.0,4.0,0.0,14.8,Grenada,0
2005,71.5,169.0,0.0,8.8,4.79210499700924,99.0,0.0,4.5,0.0,99.0,5.5,99.0,0.1,8.818114101403548,14.149783234468618,3.9,4.0,0.0,14.9,Grenada,0
2006,71.7,167.0,0.0,9.06,6.497176672245919,91.0,0.0,41.1,0.0,91.0,5.99,91.0,0.1,8.819624388850587,14.149783234468618,3.9,3.9,0.0,15.1,Grenada,0
2007,71.9,164.0,0.0,9.06,4.566364482490389,96.0,0.0,41.8,0.0,96.0,5.88,96.0,0.1,8.89885686086056,14.149783234468618,3.9,3.9,0.0,15.3,Grenada,0
2008,72.1,162.0,0.0,8.92,6.627988084944765,99.0,0.0,42.4,0.0,99.0,5.76,99.0,0.1,8.98066860138247,14.149783234468618,3.8,3.9,0.0,15.4,Grenada,0
2009,72.4,158.0,0.0,8.42,4.99341079241637,99.0,0.0,43.1,0.0,99.0,6.24,99.0,0.1,8.908813737653407,14.149783234468618,3.8,3.8,0.0,15.6,Grenada,0
2010,72.6,154.0,0.0,7.91,4.9893449192923764,97.0,0.0,43.9,0.0,94.0,6.41,97.0,0.1,8.904720597797011,14.149783234468618,3.8,3.8,0.0,15.8,Grenada,0
2011,72.9,15.0,0.0,7.84,2.531086770278719,94.0,0.0,44.7,0.0,95.0,6.35,95.0,0.1,6.610001833418536,14.149783234468618,3.8,3.8,0.741,15.8,Grenada,0
2012,73.1,146.0,0.0,8.07,6.765038951636366,97.0,0.0,45.6,0.0,98.0,6.36,97.0,0.1,8.933820727174528,14.149783234468618,3.8,3.8,0.744,15.8,Grenada,0
2013,73.3,144.0,0.0,8.25,6.661145957576566,97.0,0.0,46.5,0.0,98.0,6.15,97.0,0.1,8.981759060933545,14.149783234468618,3.8,3.8,0.746,15.8,Grenada,0
2014,73.5,143.0,0.0,8.42,6.672382835508228,97.0,0.0,47.4,0.0,81.0,6.1,97.0,0.1,9.056113672359494,14.149783234468618,3.8,3.8,0.749,15.8,Grenada,0
2015,73.6,142.0,0.0,8.42,0.0,92.0,0.0,48.4,0.0,99.0,6.1,92.0,0.1,9.128391738445973,14.149783234468618,3.8,3.8,0.751,15.8,Grenada,0
2000,67.7,221.0,2.8903717578961645,2.63,5.47954240905654,87.0,0.0,4.4,3.091042453358316,8.0,5.25,81.0,0.2,7.412520331129141,13.968870067756185,1.6,1.6,0.539,8.2,Guatemala,0
2001,68.4,211.0,2.833213344056216,2.53,5.420809278468467,87.0,0.0,41.1,3.044522437723423,78.0,6.76,77.0,0.3,7.358433542974044,16.29414315028436,1.5,1.5,0.546,8.5,Guatemala,0
2002,69.3,21.0,2.833213344056216,2.41,3.2676815767256677,87.0,0.0,41.7,3.044522437723423,82.0,6.71,82.0,0.3,5.151969860119934,14.02158851688259,1.5,1.5,0.553,8.8,Guatemala,0
2003,69.4,24.0,2.772588722239781,2.45,5.522765246056271,87.0,0.0,42.4,2.995732273553991,84.0,6.88,84.0,0.4,7.469853395389324,11.739893692875345,1.4,1.4,0.56,9.0,Guatemala,0
2004,69.6,21.0,2.772588722239781,2.4,5.667815432011596,87.0,0.0,43.1,2.9444389791664403,88.0,6.77,87.0,0.4,7.535690554399051,16.364715543797715,1.4,1.4,0.564,9.3,Guatemala,0
2005,69.2,28.0,2.70805020110221,2.35,3.749703029549552,87.0,0.0,43.8,2.9444389791664403,87.0,6.79,87.0,0.4,5.630617985487528,11.846744184125878,1.4,1.4,0.567,9.6,Guatemala,0
2006,69.7,24.0,2.70805020110221,2.38,5.86653742959778,89.0,0.0,44.5,2.8903717578961645,9.0,7.7,89.0,0.4,7.722043070008147,11.805438350233837,1.4,1.4,0.57,9.8,Guatemala,0
2007,75.0,192.0,2.6390573296152584,2.4,5.945324381201998,85.0,0.0,45.2,2.833213344056216,85.0,6.86,85.0,0.4,7.820421785679079,11.8298289040978,1.3,1.3,0.578,10.1,Guatemala,0
2008,79.0,19.0,2.6390573296152584,2.21,6.159567791479807,95.0,0.0,45.9,2.772588722239781,96.0,6.65,95.0,0.4,7.935666770631326,11.893872445264668,1.3,1.3,0.589,10.4,Guatemala,0
2009,76.0,198.0,2.5649493574615367,2.14,6.101310247743797,92.0,0.0,46.5,2.772588722239781,92.0,6.79,92.0,0.4,7.8773036946869075,14.174323514723879,1.3,1.3,0.596,10.4,Guatemala,0
2010,77.0,196.0,2.5649493574615367,2.14,6.096555883690371,94.0,0.0,47.2,2.70805020110221,94.0,6.64,94.0,0.4,7.946803214799965,14.196285353479421,1.3,1.3,0.602,10.5,Guatemala,0
2011,71.1,193.0,2.4849066497880004,2.16,6.128558988123613,88.0,0.0,47.9,2.70805020110221,88.0,6.28,88.0,0.4,8.067414154074152,16.520149614388803,1.2,1.2,0.609,10.5,Guatemala,0
2012,71.3,189.0,2.4849066497880004,2.02,6.185629833388309,96.0,0.0,48.6,2.6390573296152584,94.0,6.33,96.0,0.4,8.10187511888464,14.238918394894613,1.2,1.2,0.616,10.6,Guatemala,0
2013,71.4,189.0,2.4849066497880004,1.93,6.36843922714129,85.0,0.0,49.3,2.6390573296152584,84.0,6.3,85.0,0.4,8.147238730554822,16.562538814575653,1.2,1.2,0.611,10.7,Guatemala,0
2014,71.7,187.0,2.3978952727983707,1.88,6.490007465895215,73.0,0.0,49.9,2.6390573296152584,65.0,6.2,73.0,0.4,8.213046658408775,16.583310331472166,1.2,1.2,0.614,10.7,Guatemala,0
2015,71.9,186.0,2.3978952727983707,1.88,0.0,74.0,0.0,5.6,2.5649493574615367,9.0,6.2,74.0,0.4,8.275012922142395,16.603752994021796,1.2,1.2,0.637,10.7,Guatemala,0
2000,52.5,328.0,3.6375861597263857,0.17,1.1681340403621543,57.0,9.332115428902103,16.6,4.110873864173311,47.0,3.46,46.0,3.0,3.570009146341389,13.697342823320723,1.3,1.3,0.316,4.8,Guinea,0
2001,52.5,336.0,3.6109179126442243,0.17,3.039649119995742,57.0,8.910450756416656,16.9,4.07753744390572,52.0,3.65,5.0,3.0,5.75839637804752,16.009523316260694,1.1,1.1,0.322,5.1,Guinea,0
2002,52.9,337.0,3.58351893845611,0.21,3.106281134441037,57.0,7.674152921281675,17.3,4.04305126783455,56.0,3.76,53.0,3.0,5.780160540339602,16.027880529272977,9.9,9.9,0.329,5.5,Guinea,0
2003,53.3,338.0,3.5553480614894135,0.18,1.2223746480415607,57.0,7.823245690685523,17.7,4.02535169073515,61.0,3.45,57.0,2.9,3.6426569158949156,13.7534745030446,9.7,9.7,0.338,5.9,Guinea,0
2004,54.0,334.0,3.5263605246161616,0.34,2.9922317834812,57.0,2.3978952727983707,18.1,3.9889840465642745,65.0,3.14,6.0,2.8,5.959274017781099,13.76340640860688,9.5,9.5,0.325,5.1,Guinea,0
2005,54.7,327.0,3.4965075614664802,0.21,0.7417782768406562,57.0,4.605170185988092,18.5,3.9512437185814275,59.0,2.82,59.0,2.7,3.5387684620828312,16.08554621923907,9.3,9.3,0.346,6.6,Guinea,0
2006,55.6,317.0,3.4657359027997265,0.16,2.4322030368071346,57.0,1.6094379124341003,19.0,3.912023005428146,53.0,3.2,57.0,2.6,5.69603191652792,16.106167694892857,9.1,9.1,0.356,7.1,Guinea,0
2007,56.4,36.0,3.4657359027997265,0.19,0.8753131973415127,57.0,1.3862943611198906,19.4,3.8918202981106265,46.0,3.8,63.0,2.4,3.9211170291609396,12.189577343000977,8.9,8.8,0.364,7.6,Guinea,0
2008,56.8,33.0,3.4339872044851463,0.21,3.0294137585667804,57.0,4.499809670330265,19.8,3.871201010907891,59.0,3.21,6.0,2.3,6.083238307965722,14.095520524935557,8.6,8.6,0.371,7.9,Guinea,0
2009,57.3,297.0,3.4011973816621555,0.18,3.252219131394049,57.0,5.579729825986222,2.3,3.8501476017100584,6.0,3.85,57.0,2.3,6.081509878022176,14.257966330411652,8.4,8.4,0.376,8.1,Guinea,0
2010,57.8,291.0,3.4011973816621555,0.2,3.4258035023821316,64.0,3.828641396489095,2.8,3.8066624897703196,62.0,4.55,64.0,2.2,6.086209418519259,12.097473558021829,8.2,8.2,0.38,8.3,Guinea,0
2011,58.1,29.0,3.367295829986474,0.22,3.7671079879380174,63.0,2.4849066497880004,21.2,3.784189633918261,63.0,4.73,63.0,2.0,6.131859332673901,11.639716693637851,8.0,8.0,0.385,8.4,Guinea,0
2012,58.4,288.0,3.367295829986474,0.01,1.676148609313836,62.0,1.9459101490553132,21.7,3.7612001156935624,63.0,5.39,62.0,1.9,3.976847072043727,16.23867211469232,7.8,7.8,0.396,8.5,Guinea,0
2013,58.8,284.0,3.332204510175204,0.01,1.8149336691253164,63.0,3.9889840465642745,22.2,3.7376696182833684,63.0,5.49,63.0,1.0,4.0104070741732,16.261036535139493,7.7,7.6,0.406,8.5,Guinea,0
2014,58.1,299.0,3.332204510175204,0.01,3.943129441117485,51.0,5.170483995038151,22.7,3.7376696182833684,42.0,5.64,51.0,0.5,6.333274986921104,11.683174440529914,7.5,7.4,0.412,8.6,Guinea,0
2015,59.0,284.0,3.295836866004329,0.01,0.0,54.0,5.497168225293202,23.3,3.713572066704308,42.0,5.64,54.0,0.5,6.319846394611523,14.071341217149055,7.3,7.3,0.414,8.8,Guinea,0
2000,52.1,3.0,1.791759469228055,2.84,2.0411448386077233,8.0,0.0,17.4,2.302585092994046,52.0,4.94,49.0,3.1,5.6996136113416975,14.033223389578497,1.2,1.2,0.0,6.4,Guinea-Bissau,0
2001,52.5,32.0,1.791759469228055,2.55,0.6252475387795762,8.0,4.844187086458591,17.9,2.302585092994046,56.0,5.4,53.0,3.6,3.7009747353905578,14.052567270805135,1.0,1.0,0.0,6.7,Guinea-Bissau,0
2002,52.8,35.0,1.791759469228055,2.47,3.2448405080336196,8.0,5.700443573390687,18.5,2.1972245773362196,61.0,5.84,57.0,4.1,5.776045224481455,14.072880834746103,9.8,9.7,0.0,7.1,Guinea-Bissau,0
2003,53.0,38.0,1.791759469228055,2.16,1.2604803759807177,8.0,7.055312843339752,19.0,2.1972245773362196,65.0,5.62,6.0,4.6,3.6262553260227604,11.79148858587727,9.6,9.5,0.0,7.4,Guinea-Bissau,0
2004,53.5,38.0,1.791759469228055,2.58,2.676215172007472,8.0,8.168202930236053,19.6,2.1972245773362196,69.0,5.41,64.0,5.0,5.977147100882719,11.815589741595035,9.4,9.3,0.0,7.7,Guinea-Bissau,0
2005,53.9,37.0,1.791759469228055,3.1,3.139727843207942,8.0,0.0,2.1,2.1972245773362196,73.0,5.72,68.0,5.4,6.05433008795348,11.841070267414493,9.2,9.0,0.0,8.0,Guinea-Bissau,0
2006,54.4,36.0,1.791759469228055,3.22,3.1150141569322685,8.0,0.0,2.7,2.1972245773362196,74.0,5.87,71.0,5.6,6.040122654939312,14.160992088743075,8.9,8.8,0.388,8.3,Guinea-Bissau,0
2007,55.0,32.0,1.791759469228055,2.98,3.467899995398742,8.0,0.6931471805599453,21.3,2.0794415416798357,76.0,6.1,74.0,5.7,6.1793849344912966,14.18428332721864,8.7,8.6,0.394,8.8,Guinea-Bissau,0
2008,55.6,297.0,1.791759469228055,2.64,3.3776527449535894,8.0,2.5649493574615367,21.9,2.0794415416798357,77.0,6.5,77.0,6.0,6.370833017869144,11.91064061961833,8.5,8.4,0.398,8.8,Guinea-Bissau,0
2009,56.3,288.0,1.6094379124341003,2.55,3.8738992976723567,8.0,0.0,22.5,2.0794415416798357,78.0,6.81,8.0,6.0,6.301194479947375,14.23254119344329,8.3,8.1,0.401,8.9,Guinea-Bissau,0
2010,56.7,287.0,1.6094379124341003,3.21,3.994668359462059,83.0,3.295836866004329,23.1,2.0794415416798357,82.0,6.7,83.0,5.9,6.30070765950068,11.95497319414008,8.0,7.9,0.405,8.9,Guinea-Bissau,0
2011,57.1,289.0,1.6094379124341003,3.57,3.724576504433435,86.0,0.0,23.7,2.0794415416798357,85.0,5.46,86.0,5.7,6.542039431821256,14.283108170070749,7.8,7.7,0.41,9.0,Guinea-Bissau,0
2012,57.6,285.0,1.6094379124341003,0.01,0.6670733771395145,87.0,0.0,24.3,1.9459101490553132,87.0,5.96,87.0,5.3,4.230504129626032,14.309072009828263,7.7,7.5,0.416,9.1,Guinea-Bissau,0
2013,58.1,279.0,1.6094379124341003,0.01,2.219272766437524,87.0,0.0,25.0,1.9459101490553132,87.0,6.14,87.0,4.5,4.136227545694466,14.335194431331205,7.5,7.3,0.415,9.1,Guinea-Bissau,0
2014,58.4,282.0,1.6094379124341003,0.01,3.9330118982448417,87.0,0.6931471805599453,25.6,1.9459101490553132,87.0,5.59,87.0,3.4,6.467117214512673,14.361169399270493,7.3,7.1,0.419,9.2,Guinea-Bissau,0
2015,58.9,275.0,1.6094379124341003,0.01,0.0,87.0,5.0369526024136295,26.3,1.9459101490553132,87.0,5.59,87.0,3.2,6.393376214048961,12.086877989005703,7.1,7.0,0.421,9.2,Guinea-Bissau,0
2000,65.4,246.0,0.6931471805599453,6.63,2.876656402045367,85.0,0.0,35.7,0.6931471805599453,79.0,5.85,88.0,1.1,6.853931809557522,11.229660290314637,5.9,5.8,0.602,10.9,Guyana,0
2001,65.4,247.0,0.6931471805599453,6.71,2.8063732177521574,85.0,0.0,36.4,0.6931471805599453,9.0,5.82,85.0,1.7,6.831503136198187,13.530842605153277,5.9,5.7,0.606,10.9,Guyana,0
2002,65.3,244.0,0.6931471805599453,7.73,2.4795874277770653,91.0,0.0,37.1,0.6931471805599453,93.0,5.84,91.0,2.3,4.583614346252747,13.530338665705761,5.9,5.7,0.609,11.0,Guyana,0
2003,65.3,237.0,0.6931471805599453,7.93,2.8610282021818687,9.0,0.0,37.8,0.6931471805599453,91.0,5.97,9.0,2.1,6.895476013738377,13.530302755314153,5.8,5.6,0.611,11.1,Guyana,0
2004,65.1,237.0,0.6931471805599453,7.84,1.0210762573768208,91.0,0.0,38.4,0.6931471805599453,91.0,5.73,91.0,1.9,4.9876300920276355,13.530030060267332,5.8,5.6,0.613,11.2,Guyana,0
2005,65.0,238.0,0.6931471805599453,7.35,2.9158260862694556,93.0,0.0,39.0,0.6931471805599453,93.0,5.83,93.0,1.8,5.295589729927234,11.23779100757295,5.7,5.5,0.619,11.4,Guyana,0
2006,65.2,24.0,0.6931471805599453,7.04,5.145356053643445,93.0,0.0,39.6,0.6931471805599453,92.0,4.67,93.0,1.1,7.573859831577332,11.224736597452853,5.7,5.5,0.622,11.7,Guyana,0
2007,65.7,232.0,0.6931471805599453,7.2,5.896797285112704,94.0,0.0,4.3,0.6931471805599453,94.0,6.45,94.0,1.9,7.753015310119314,13.524984445060758,5.7,5.5,0.62,11.2,Guyana,0
2008,66.3,218.0,0.6931471805599453,7.32,6.203199121447829,93.0,0.0,4.9,0.6931471805599453,93.0,7.46,93.0,0.8,7.854429698805473,13.52290304207333,5.6,5.4,0.618,10.7,Guyana,0
2009,66.1,218.0,0.0,7.49,6.147761571460412,98.0,0.0,41.6,0.6931471805599453,97.0,7.32,98.0,0.3,7.907413361773698,13.522070607368365,5.6,5.4,0.618,10.5,Guyana,0
2010,65.9,221.0,0.0,7.52,3.892403687293815,95.0,0.0,42.4,0.6931471805599453,95.0,6.6,95.0,0.4,5.790819776865325,13.523227249375925,5.6,5.3,0.618,10.2,Guyana,0
2011,65.6,229.0,0.0,7.56,6.286432362026029,93.0,0.0,43.2,0.6931471805599453,93.0,6.8,93.0,0.4,8.143400430923638,8.921591063563978,5.6,5.3,0.624,10.3,Guyana,0
2012,65.8,22.0,0.0,7.57,6.2115473117902535,97.0,0.0,44.1,0.6931471805599453,97.0,6.57,97.0,0.3,8.239312439376187,11.230456447571203,5.6,5.3,0.63,10.6,Guyana,0
2013,65.9,218.0,0.0,7.56,5.849049312037877,98.0,0.0,45.0,0.6931471805599453,98.0,5.1,98.0,0.3,8.280249396518656,11.236934781108031,5.5,5.3,0.633,10.3,Guyana,0
2014,66.0,217.0,0.0,7.64,1.6373046713560362,98.0,0.0,45.9,0.6931471805599453,97.0,5.25,98.0,0.3,3.8027260856207885,13.545529559686797,5.5,5.3,0.636,10.3,Guyana,0
2015,66.2,215.0,0.0,7.64,0.0,95.0,0.0,46.7,0.6931471805599453,92.0,5.25,95.0,0.3,8.327892920504972,13.55221536031292,5.5,5.3,0.638,10.3,Guyana,0
2000,58.6,35.0,3.044522437723423,4.79,4.3236070924751635,68.0,6.900730664045173,34.0,3.367295829986474,5.0,6.6,41.0,5.1,6.1387773101495835,11.356189780228181,4.8,4.8,0.439,7.8,Haiti,0
2001,58.9,35.0,2.995732273553991,6.22,4.123549882578809,68.0,5.075173815233827,34.8,3.332204510175204,52.0,5.63,45.0,5.0,6.0276477584507395,15.977978965669333,4.7,4.7,0.443,7.9,Haiti,0
2002,59.3,33.0,2.995732273553991,6.1,3.9374096645271437,68.0,0.0,35.6,3.295836866004329,54.0,5.47,48.0,4.8,5.976765214324697,15.994201555755811,4.6,4.7,0.444,8.0,Haiti,0
2003,59.7,3.0,2.9444389791664403,6.64,3.8123545116561033,68.0,0.0,36.5,3.258096538021482,56.0,5.32,53.0,4.6,5.801462408011645,16.010126513581277,4.5,4.6,0.447,8.1,Haiti,0
2004,58.7,32.0,2.9444389791664403,6.1,4.1804998337468895,68.0,0.0,37.5,3.2188758248682006,58.0,5.61,55.0,4.3,5.963432732614509,16.02589033606847,4.5,4.5,0.45,8.1,Haiti,0
2005,65.0,29.0,2.8903717578961645,5.57,3.666353709817854,68.0,0.0,38.5,3.2188758248682006,6.0,4.41,6.0,3.9,6.144854672072414,13.739002014435659,4.4,4.4,0.452,8.2,Haiti,0
2006,61.1,28.0,2.8903717578961645,6.18,2.0788859356093647,68.0,0.0,39.6,3.1780538303479458,61.0,5.7,6.0,3.3,4.0338203728621576,13.763646574448867,4.3,4.3,0.455,8.3,Haiti,0
2007,61.8,266.0,2.8903717578961645,6.08,4.056618245621863,68.0,0.0,4.7,3.1780538303479458,62.0,5.56,63.0,2.7,6.424576954028608,16.07277291829404,4.2,4.2,0.458,8.4,Haiti,0
2008,62.1,259.0,2.833213344056216,5.95,4.17179864275112,68.0,0.0,41.8,3.1354942159291497,64.0,5.92,63.0,2.4,6.515832677823303,11.48791530196606,4.2,4.2,0.462,8.4,Haiti,0
2009,62.5,251.0,2.833213344056216,5.85,3.7448058688545576,68.0,0.0,43.0,3.091042453358316,65.0,6.68,65.0,2.0,6.506228872992986,13.800689263204633,4.1,4.1,0.466,8.5,Haiti,0
2010,36.3,682.0,3.1780538303479458,5.76,3.6188034319453086,68.0,0.0,44.2,4.07753744390572,66.0,8.9,66.0,1.9,6.4971964974176375,16.11805745022868,4.0,4.0,0.47,8.6,Haiti,0
2011,62.3,259.0,2.772588722239781,5.68,1.630511166847515,68.0,0.0,45.3,3.044522437723423,67.0,1.41,68.0,1.5,4.3298888416924886,11.648810335990595,4.0,4.0,0.47,8.7,Haiti,0
2012,62.3,259.0,2.772588722239781,5.68,3.3097918342493102,68.0,0.0,46.5,3.044522437723423,67.0,9.88,67.0,0.8,6.643586277946858,11.766962849305783,3.9,3.9,0.477,8.9,Haiti,0
2013,62.7,253.0,2.70805020110221,5.68,1.7900433845967592,68.0,0.0,47.7,2.995732273553991,67.0,8.1,68.0,0.5,4.409953924684017,14.174426888119152,3.9,3.9,0.483,9.1,Haiti,0
2014,63.1,245.0,2.70805020110221,0.01,1.8088213241018798,48.0,0.0,48.8,2.995732273553991,55.0,7.56,48.0,0.5,4.432182671566704,14.268156281644956,3.9,3.9,0.487,9.1,Haiti,0
2015,63.5,24.0,2.70805020110221,0.01,0.0,6.0,0.0,49.9,2.9444389791664403,56.0,7.56,6.0,0.5,6.703858312165665,12.050365755435609,3.9,3.9,0.49,9.1,Haiti,0
2000,71.0,174.0,1.9459101490553132,2.61,3.394787246574538,93.0,0.0,38.8,2.1972245773362196,88.0,6.63,94.0,1.7,5.245882183611735,15.69104177335129,2.8,2.7,0.551,9.8,Honduras,0
2001,71.3,171.0,1.9459101490553132,2.74,2.794946467244618,95.0,0.0,39.6,2.1972245773362196,99.0,6.88,96.0,1.6,4.740178237814568,13.414080298893785,2.7,2.7,0.557,9.9,Honduras,0
2002,71.6,169.0,1.9459101490553132,3.09,5.048981369095847,94.0,0.0,4.4,2.0794415416798357,95.0,7.28,95.0,1.5,7.033393691330691,15.74167824362781,2.7,2.6,0.561,10.1,Honduras,0
2003,71.9,166.0,1.9459101490553132,3.04,5.275220544706046,91.0,0.0,41.2,2.0794415416798357,92.0,8.29,92.0,1.4,7.054745555629024,13.506021771375131,2.6,2.5,0.566,10.3,Honduras,0
2004,72.2,165.0,1.791759469228055,3.02,5.243068473823415,93.0,0.0,42.0,2.0794415416798357,94.0,7.89,94.0,1.2,7.105505500280853,13.49275935593121,2.6,2.5,0.571,10.4,Honduras,0
2005,72.5,163.0,1.791759469228055,3.23,5.321611383022074,97.0,0.0,42.8,1.9459101490553132,98.0,7.81,98.0,0.9,7.179873140557466,13.510809819397725,2.5,2.4,0.577,10.6,Honduras,0
2006,72.8,161.0,1.791759469228055,3.23,5.267496149731423,94.0,0.0,43.5,1.9459101490553132,94.0,7.63,95.0,0.8,7.271445706269641,13.533342588200023,2.4,2.4,0.583,10.8,Honduras,0
2007,73.0,16.0,1.791759469228055,3.16,5.409332367529082,93.0,0.0,44.3,1.9459101490553132,94.0,7.89,94.0,0.7,7.373733430603678,13.564447098188138,2.4,2.3,0.59,10.9,Honduras,0
2008,73.2,159.0,1.6094379124341003,3.14,5.450657657896266,92.0,0.0,45.1,1.791759469228055,93.0,8.4,93.0,0.6,7.468853314702489,15.878906428641264,2.3,2.3,0.597,11.1,Honduras,0
2009,73.4,157.0,1.6094379124341003,3.08,5.659904233317892,97.0,0.0,45.9,1.791759469228055,97.0,8.84,97.0,0.5,7.50466106909568,11.332865349189909,2.3,2.2,0.603,11.3,Honduras,0
2010,73.6,156.0,1.6094379124341003,3.1,5.714081756829995,97.0,0.0,46.8,1.791759469228055,97.0,8.45,97.0,0.4,7.567272400319334,15.919007802133224,2.3,2.2,0.606,11.5,Honduras,0
2011,73.9,153.0,1.6094379124341003,3.1,3.501467360696128,97.0,0.0,47.6,1.791759469228055,97.0,8.57,97.0,0.4,5.364033934141321,11.332805482931114,2.2,2.2,0.611,11.7,Honduras,0
2012,74.1,151.0,1.6094379124341003,3.11,5.898724513745888,97.0,0.0,48.4,1.6094379124341003,97.0,9.78,97.0,0.4,7.68679720291171,13.659613186892983,2.2,2.1,0.614,11.6,Honduras,0
2013,74.3,15.0,1.6094379124341003,3.11,5.745421157355861,97.0,0.0,49.3,1.6094379124341003,97.0,9.15,97.0,0.4,7.667520356341335,15.973969589653874,2.2,2.1,0.614,11.6,Honduras,0
2014,74.5,149.0,1.3862943611198906,2.87,5.847529608783956,97.0,0.0,5.2,1.6094379124341003,97.0,8.72,97.0,0.3,7.715886876939306,13.698096579198017,2.1,2.1,0.618,11.4,Honduras,0
2015,74.6,147.0,1.3862943611198906,2.87,0.0,97.0,0.0,51.0,1.6094379124341003,97.0,8.72,97.0,0.3,7.7524033002159864,13.706621602455327,2.1,2.1,0.623,11.2,Honduras,0
2000,71.7,193.0,0.6931471805599453,12.22,4.335491922097656,94.0,0.6931471805599453,56.1,0.6931471805599453,99.0,7.6,99.0,0.1,8.439116426011205,11.711546789177635,2.3,2.3,0.761,13.9,Hungary,1
2001,72.3,185.0,0.6931471805599453,13.18,2.151889220308734,94.0,3.044522437723423,56.6,0.6931471805599453,99.0,7.11,99.0,0.1,6.270711720609409,13.987425654894038,2.2,2.2,0.769,14.2,Hungary,1
2002,72.5,184.0,0.6931471805599453,13.29,2.301203944647623,94.0,0.0,57.1,0.6931471805599453,98.0,7.47,99.0,0.1,6.502256620311159,11.660215521592255,2.2,2.2,0.775,14.6,Hungary,1
2003,72.5,184.0,0.6931471805599453,13.24,6.93849810911214,94.0,0.0,57.6,0.6931471805599453,99.0,8.42,99.0,0.1,9.035659934927844,13.937332537206768,2.1,2.1,0.784,14.9,Hungary,1
2004,72.9,18.0,0.6931471805599453,13.28,4.996271301458774,94.0,0.0,58.2,0.6931471805599453,99.0,8.8,99.0,0.1,7.1392848491423235,11.671184835413424,2.1,2.1,0.793,15.3,Hungary,1
2005,72.9,182.0,0.6931471805599453,12.94,7.183934051448164,94.0,1.0986122886681098,58.8,0.6931471805599453,99.0,8.28,99.0,0.1,9.320335328902047,9.839802000849994,2.0,2.0,0.795,15.0,Hungary,1
2006,73.4,177.0,0.6931471805599453,13.16,7.1704727933572245,94.0,0.6931471805599453,59.3,0.6931471805599453,99.0,8.1,99.0,0.1,9.341348093820754,9.749053499229063,2.0,2.0,0.802,15.2,Hungary,1
2007,73.5,176.0,0.6931471805599453,12.55,5.101957701780804,94.0,0.0,59.9,0.6931471805599453,99.0,7.51,99.0,0.1,9.535582276677992,9.653679132512428,1.9,1.9,0.809,15.3,Hungary,1
2008,74.1,165.0,0.6931471805599453,11.64,5.208192462833334,94.0,0.0,6.5,0.6931471805599453,99.0,7.33,99.0,0.1,9.659519882118081,11.836377592357714,1.9,1.9,0.812,15.3,Hungary,1
2009,74.2,162.0,0.0,11.46,7.156298271268573,94.0,0.6931471805599453,61.1,0.6931471805599453,99.0,7.55,99.0,0.1,9.470252820120079,9.414586486185929,1.8,1.8,0.816,15.3,Hungary,1
2010,74.5,156.0,0.0,10.78,3.0066840809798703,94.0,0.0,61.7,0.6931471805599453,99.0,7.85,99.0,0.1,7.19032464630274,4.820281565605037,1.8,1.8,0.817,15.3,Hungary,1
2011,74.8,15.0,0.0,11.51,2.9349848945469503,94.0,1.791759469228055,62.4,0.6931471805599453,99.0,7.84,99.0,0.1,7.279235783690059,16.11526444687973,1.7,1.7,0.821,15.4,Hungary,1
2012,75.0,146.0,0.0,11.27,5.107637016374989,94.0,1.0986122886681098,63.0,0.6931471805599453,99.0,7.74,99.0,0.1,9.459956296727405,13.807844246751255,1.7,1.7,0.823,15.4,Hungary,1
2013,75.5,139.0,0.0,10.88,5.051106555756932,94.0,0.6931471805599453,63.6,0.6931471805599453,99.0,7.53,99.0,0.1,9.518899105037935,13.804836795497547,1.7,1.7,0.824,15.4,Hungary,1
2014,75.6,137.0,0.0,0.01,5.087256365103409,94.0,0.0,64.2,0.0,99.0,7.4,99.0,0.1,9.555275035333112,16.104652596641717,1.7,1.6,0.834,15.8,Hungary,1
2015,75.8,134.0,0.0,0.01,0.0,94.0,0.0,64.8,0.0,99.0,7.4,99.0,0.1,9.422756695771145,13.799715469745516,1.6,1.6,0.834,15.6,Hungary,1
2000,79.7,74.0,0.0,6.17,8.667356846183191,94.0,0.0,54.2,0.0,98.0,9.28,98.0,0.1,10.367673461617866,10.244449694430193,1.0,0.9,0.847,16.8,Iceland,1
2001,80.0,72.0,0.0,6.37,8.526999833926928,94.0,0.0,54.8,0.0,92.0,9.12,92.0,0.1,10.260704738435113,12.560135681404867,1.0,0.9,0.854,17.1,Iceland,1
2002,84.0,7.0,0.0,6.61,8.690994684831683,94.0,0.0,55.4,0.0,95.0,9.86,95.0,0.1,10.373404215500406,12.569061613996295,1.0,0.9,0.859,17.2,Iceland,1
2003,87.0,65.0,0.0,6.61,6.588218270968498,94.0,0.0,55.9,0.0,97.0,1.7,97.0,0.1,8.280457433161342,12.575986566199395,1.0,0.9,0.866,17.6,Iceland,1
2004,88.0,65.0,0.0,6.79,9.048656557555073,94.0,0.0,56.5,0.0,99.0,9.59,99.0,0.1,10.756162476854904,10.284489188465917,1.0,0.9,0.873,18.3,Iceland,1
2005,81.0,62.0,0.0,7.05,9.271642767816608,94.0,0.0,56.9,0.0,95.0,9.21,95.0,0.1,10.937574751087581,12.600594763595353,0.9,0.9,0.879,17.9,Iceland,1
2006,81.1,61.0,0.0,7.2,6.911886537569662,94.0,0.0,57.4,0.0,97.0,8.96,97.0,0.1,8.633115145222533,10.427712996365136,0.9,0.9,0.884,18.1,Iceland,1
2007,81.3,59.0,0.0,7.53,9.396319702618163,94.0,0.0,57.8,0.0,97.0,8.75,97.0,0.1,11.132386866535404,12.64936968236398,0.9,0.9,0.887,18.2,Iceland,1
2008,81.4,58.0,0.0,8.49,8.937850970746561,94.0,0.0,58.1,0.0,98.0,8.8,98.0,0.1,10.925511985705686,12.667965344936981,0.9,0.9,0.892,18.2,Iceland,1
2009,81.6,55.0,0.0,10.22,6.5346280725960035,94.0,0.0,58.5,0.0,96.0,9.12,96.0,0.1,8.403552379642836,12.671377753994355,0.9,0.9,0.894,18.4,Iceland,1
2010,81.8,53.0,0.0,8.25,8.70061010858392,94.0,0.0,58.9,0.0,96.0,8.86,96.0,0.1,10.63771538064275,10.36854145205595,0.9,0.9,0.894,18.4,Iceland,1
2011,82.1,51.0,0.0,8.13,2.0854351068301007,94.0,0.0,59.3,0.0,95.0,8.65,95.0,0.1,3.8547539972375735,10.370831397690157,0.9,0.9,0.894,18.6,Iceland,1
2012,82.5,5.0,0.0,7.81,8.827548239388134,94.0,0.0,59.7,0.0,89.0,8.68,89.0,0.1,10.699526369077043,10.395650099471604,1.0,0.9,0.901,18.7,Iceland,1
2013,82.4,5.0,0.0,7.31,6.640586782480548,94.0,0.0,6.2,0.0,91.0,8.75,91.0,0.1,8.472695449606556,12.68777322296892,1.0,0.9,0.907,19.0,Iceland,1
2014,82.5,49.0,0.0,7.45,9.018576871553973,94.0,0.0,6.6,0.0,9.0,8.86,9.0,0.1,10.868075251930621,12.69889823635014,1.0,0.9,0.915,19.0,Iceland,1
2015,82.7,49.0,0.0,7.45,0.0,94.0,0.0,61.0,0.0,92.0,8.86,92.0,0.1,8.654420376179816,10.428689342246626,1.0,0.9,0.919,19.0,Iceland,1
2000,62.5,224.0,7.496097345175956,0.93,3.0089523731791177,6.0,10.567102930490035,11.4,7.824445930877619,57.0,4.26,58.0,0.3,6.086467029578337,14.244635550460615,27.7,28.6,0.489,8.3,India,0
2001,62.9,222.0,7.496097345175956,1.0,2.995902562054081,6.0,10.854778565594904,11.8,7.783640596221253,58.0,4.5,59.0,0.3,6.10510337627969,18.959964696700098,27.5,28.5,0.494,8.3,India,0
2002,63.3,219.0,7.438971592395862,1.1,2.934497964290931,6.0,10.597759100757782,12.2,7.741099090035366,58.0,4.4,59.0,0.3,6.146937637878615,16.7592710438483,27.4,28.4,0.499,8.4,India,0
2003,63.7,216.0,7.438971592395862,1.19,3.019491191850892,6.0,10.76104686934646,12.6,7.696667081526462,57.0,4.3,61.0,0.3,6.2955154682906835,16.2859673935558,27.3,28.3,0.505,8.6,India,0
2004,64.0,214.0,7.3783837129967145,1.2,3.344203962562767,6.0,10.923128781333244,13.0,7.650168700845001,58.0,4.22,63.0,0.3,6.433451821430018,20.84205794376365,27.2,28.2,0.518,9.2,India,0
2005,64.4,211.0,7.313886831633462,1.27,1.5062166402956576,8.0,10.510858956074669,13.5,7.601402334583733,65.0,4.28,65.0,0.3,4.367154084551131,20.85790046141183,27.2,28.1,0.526,9.4,India,0
2006,64.8,28.0,7.313886831633462,1.37,3.5796064811557207,6.0,11.069540397361827,13.9,7.601402334583733,66.0,4.25,65.0,0.3,6.676150656042528,20.8733893213541,27.1,28.0,0.536,9.7,India,0
2007,65.2,26.0,7.244941546337007,1.59,1.8301417418857542,6.0,10.624857692039813,14.4,7.550135342488429,67.0,4.23,64.0,0.3,4.780520609127252,20.888510103337573,27.1,28.0,0.546,9.9,India,0
2008,65.5,23.0,7.170888478512505,1.93,3.7848810566486466,29.0,10.697814019585676,14.9,7.496097345175956,69.0,4.34,7.0,0.3,6.9002115303256275,18.600621944946003,27.0,27.9,0.556,10.2,India,0
2009,66.0,2.0,7.170888478512505,2.5,0.6120381672095231,37.0,10.93647628718689,15.4,7.438971592395862,73.0,4.38,74.0,0.2,3.01149562650344,18.614824912440806,27.0,27.8,0.563,10.5,India,0
2010,66.4,196.0,7.0909098220799835,2.77,4.073011941963381,38.0,10.356440389711647,15.9,7.3783837129967145,76.0,4.28,79.0,0.2,7.205465548067349,16.333101541140483,27.0,27.8,0.569,10.4,India,0
2011,66.8,193.0,7.00397413672268,3.0,4.183665638551428,44.0,10.423322470459706,16.4,7.313886831633462,79.0,4.33,82.0,0.2,7.288020149630224,18.641610887485886,26.9,27.7,0.58,10.8,India,0
2012,67.3,19.0,7.00397413672268,3.1,4.189194710622143,73.0,9.834619673237327,17.0,7.244941546337007,79.0,4.39,82.0,0.2,7.277928496928048,18.654691852863404,26.9,27.6,0.59,11.3,India,0
2013,67.6,187.0,6.90875477931522,3.11,4.229345979372595,7.0,9.534089150464357,17.5,7.170888478512505,82.0,4.53,83.0,0.2,7.281520116334271,18.666416971850953,26.8,27.5,0.599,11.5,India,0
2014,68.0,184.0,6.86484777797086,3.07,4.471884922499879,79.0,11.284317008224951,18.1,7.0909098220799835,84.0,4.69,85.0,0.2,7.361450959796997,20.980895290636838,26.8,27.4,0.607,11.6,India,0
2015,68.3,181.0,6.814542897259958,3.07,0.0,87.0,11.411866794206256,18.7,7.00397413672268,86.0,4.69,87.0,0.2,7.3865878060545676,14.148690953846627,26.7,27.3,0.615,11.6,India,0
2000,66.3,188.0,5.236441962829949,0.06,1.489154071368926,65.0,8.11522197256233,15.4,5.472270673671475,72.0,1.98,75.0,0.1,4.381119223100498,16.867359897788436,11.0,11.2,0.597,10.7,Indonesia,0
2001,66.5,188.0,5.209486152841421,0.06,3.5541579607432254,62.0,8.249575150000199,16.0,5.438079308923196,77.0,2.23,76.0,0.1,6.618714611391116,14.578954492919607,11.0,11.1,0.604,10.6,Indonesia,0
2002,66.7,189.0,5.181783550292085,0.05,3.788242159288211,63.0,9.581421053222517,16.7,5.407171771460119,8.0,2.27,7.0,0.1,6.803012001349278,14.592934546652883,11.0,11.1,0.608,10.6,Indonesia,0
2003,66.9,189.0,5.159055299214529,0.05,2.2470888478331044,64.0,10.104712639749316,17.5,5.375278407684165,8.0,2.53,71.0,0.1,5.1095418476737695,16.93103340627444,1.9,11.0,0.613,10.8,Indonesia,0
2004,65.3,213.0,5.1647859739235145,0.06,4.0317787086735555,64.0,10.280964624104124,18.2,5.472270673671475,79.0,2.37,71.0,0.1,7.047143203595285,19.225434815882497,1.9,1.9,0.624,11.0,Indonesia,0
2005,67.2,19.0,5.099866427824199,0.06,1.853447456764827,65.0,9.671177113397102,19.0,5.308267697401205,79.0,2.79,72.0,0.1,4.851474124927992,16.936609218522683,1.9,1.9,0.629,11.1,Indonesia,0
2006,67.3,191.0,5.075173815233827,0.06,4.290677658433158,66.0,9.924416995717158,19.7,5.272999558563747,78.0,2.91,72.0,0.1,7.369760758129287,16.950301178602214,1.8,1.8,0.632,10.9,Indonesia,0
2007,67.5,19.0,5.043425116919247,0.06,4.6408600094189545,76.0,9.875962181471376,2.5,5.241747015059643,77.0,3.1,73.0,0.2,7.526684792910602,19.26650240958575,1.8,1.7,0.638,11.0,Indonesia,0
2008,67.7,189.0,5.0106352940962555,0.07,2.421559514668181,82.0,9.640172836532642,21.3,5.204006687076795,83.0,2.81,77.0,0.2,5.382326014856806,19.280017037887955,1.7,1.7,0.641,11.7,Indonesia,0
2009,67.9,189.0,4.969813299576001,0.08,4.8425958037166765,82.0,9.943621310275773,22.1,5.1647859739235145,85.0,2.83,78.0,0.3,7.721102864339208,16.990830613285436,1.7,1.6,0.645,11.7,Indonesia,0
2010,68.1,187.0,4.9344739331306915,0.08,5.25512467142811,83.0,9.845328638362595,22.9,5.123963979403259,82.0,2.74,81.0,0.3,8.043819521958637,19.306611743806336,1.6,1.5,0.656,12.1,Indonesia,0
2011,68.3,185.0,4.90527477843843,0.08,5.3607208306976695,81.0,9.993967905664503,23.8,5.087596335232384,81.0,2.71,81.0,0.3,8.198440549378285,17.017342436474546,1.6,1.5,0.662,12.3,Indonesia,0
2012,68.5,183.0,4.867534450455582,0.08,5.543100389283726,83.0,9.647949933410914,24.7,5.043425116919247,84.0,2.9,83.0,0.3,8.213098226930683,19.33249440066536,1.5,1.4,0.669,12.6,Indonesia,0
2013,68.7,181.0,4.8283137373023015,0.09,3.1716932614160154,85.0,9.038365107236372,25.6,5.003946305945459,86.0,2.93,85.0,0.3,5.896230312169773,17.04363405103447,1.5,1.3,0.677,12.9,Indonesia,0
2014,68.9,179.0,4.787491742782046,0.09,5.303645369001144,78.0,9.468387639298273,26.5,4.962844630259907,8.0,2.85,78.0,0.3,8.158400545872341,19.35728815528897,1.4,1.2,0.682,12.9,Indonesia,0
2015,69.1,176.0,4.74493212836325,0.09,0.0,78.0,9.622450022803015,27.4,4.919980925828125,8.0,2.85,78.0,0.3,8.11287748049797,19.369098294394625,1.4,1.2,0.686,12.9,Indonesia,0
2000,73.0,15.0,3.58351893845611,0.01,0.0,99.0,9.382190628902842,44.9,3.784189633918261,99.0,4.47,99.0,0.1,7.1137238128557545,14.149783234468618,7.8,7.9,0.66,11.6,Iran (Islamic Republic of),0
2001,78.0,146.0,3.5263605246161616,0.01,0.0,94.0,9.167745974343763,45.5,3.713572066704308,95.0,5.2,96.0,0.1,7.1137238128557545,14.149783234468618,7.7,7.8,0.666,11.6,Iran (Islamic Republic of),0
2002,71.2,142.0,3.4657359027997265,0.01,0.0,99.0,9.164819856674374,46.2,3.6375861597263857,99.0,5.39,99.0,0.1,7.1137238128557545,14.149783234468618,7.6,7.7,0.674,11.9,Iran (Islamic Republic of),0
2003,75.0,154.0,3.4011973816621555,0.01,0.0,98.0,9.36263218231844,46.9,3.58351893845611,99.0,5.42,99.0,0.1,7.1137238128557545,14.149783234468618,7.5,7.7,0.679,11.8,Iran (Islamic Republic of),0
2004,71.8,139.0,3.367295829986474,0.01,0.0,95.0,1.3862943611198906,47.6,3.5263605246161616,98.0,5.89,99.0,0.1,7.1137238128557545,14.149783234468618,7.4,7.7,0.686,11.8,Iran (Islamic Republic of),0
2005,72.0,139.0,3.332204510175204,0.01,0.0,94.0,2.0794415416798357,48.5,3.4965075614664802,95.0,6.6,95.0,0.1,7.1137238128557545,14.149783234468618,7.4,7.7,0.687,11.4,Iran (Islamic Republic of),0
2006,72.2,139.0,3.295836866004329,0.02,0.0,98.0,5.3981627015177525,49.4,3.4339872044851463,99.0,5.95,98.0,0.1,7.1137238128557545,14.149783234468618,7.4,7.7,0.692,11.4,Iran (Islamic Republic of),0
2007,72.4,138.0,3.258096538021482,0.02,0.0,97.0,4.897839799950911,5.4,3.4011973816621555,98.0,5.84,99.0,0.1,7.1137238128557545,14.149783234468618,7.5,7.8,0.704,11.8,Iran (Islamic Republic of),0
2008,72.7,135.0,3.2188758248682006,0.02,0.0,99.0,4.852030263919617,51.4,3.367295829986474,99.0,6.28,99.0,0.1,7.1137238128557545,14.149783234468618,7.6,7.8,0.716,12.1,Iran (Islamic Republic of),0
2009,73.3,122.0,3.1780538303479458,0.03,0.0,99.0,5.572154032177765,52.5,3.332204510175204,99.0,7.63,99.0,0.1,7.1137238128557545,14.149783234468618,7.7,7.9,0.728,12.8,Iran (Islamic Republic of),0
2010,74.1,16.0,3.1354942159291497,0.03,0.0,99.0,6.289715570908998,53.6,3.295836866004329,99.0,8.2,99.0,0.1,7.1137238128557545,14.149783234468618,7.8,8.0,0.735,12.9,Iran (Islamic Republic of),0
2011,74.7,93.0,3.1354942159291497,0.03,0.0,99.0,4.30406509320417,54.8,3.258096538021482,99.0,7.12,99.0,0.1,7.1137238128557545,14.149783234468618,7.9,8.1,0.745,13.1,Iran (Islamic Republic of),0
2012,75.1,85.0,3.091042453358316,0.01,0.0,98.0,5.808142489980444,56.0,3.2188758248682006,99.0,6.98,99.0,0.1,7.1137238128557545,14.149783234468618,8.0,8.2,0.755,13.6,Iran (Islamic Republic of),0
2013,75.3,83.0,3.044522437723423,0.01,0.0,99.0,5.247024072160486,57.2,3.1780538303479458,98.0,6.49,98.0,0.1,7.1137238128557545,14.149783234468618,8.2,8.3,0.769,15.0,Iran (Islamic Republic of),0
2014,75.4,83.0,2.995732273553991,0.01,0.0,99.0,4.605170185988092,58.5,3.1354942159291497,99.0,6.89,99.0,0.1,7.1137238128557545,14.149783234468618,8.3,8.4,0.77,14.9,Iran (Islamic Republic of),0
2015,75.5,83.0,2.9444389791664403,0.01,0.0,98.0,6.423246963533519,59.7,3.091042453358316,98.0,6.89,98.0,0.1,7.1137238128557545,14.149783234468618,8.5,8.6,0.774,14.8,Iran (Islamic Republic of),0
2000,70.0,144.0,3.4339872044851463,0.2,0.0,67.0,6.588926477533519,49.5,3.6375861597263857,83.0,4.36,8.0,0.1,7.239083538724794,16.9752906866134,5.6,5.4,0.603,8.6,Iraq,0
2001,72.0,142.0,3.4339872044851463,0.17,0.0,66.0,8.316055720364643,5.1,3.6375861597263857,8.0,4.36,78.0,0.1,7.239083538724794,17.00399521427018,5.6,5.3,0.607,8.7,Iraq,0
2002,74.0,14.0,3.4339872044851463,0.15,0.0,65.0,0.0,5.6,3.6375861597263857,76.0,4.36,77.0,0.1,7.239083538724794,17.031955430460602,5.5,5.3,0.614,9.1,Iraq,0
2003,66.5,213.0,3.4339872044851463,0.07,0.0,63.0,0.0,51.3,3.6375861597263857,73.0,4.36,75.0,0.1,7.239083538724794,17.0591815072415,5.5,5.2,0.616,9.4,Iraq,0
2004,67.2,21.0,3.4339872044851463,0.32,3.8093388265173216,62.0,9.114049711657897,51.9,3.6375861597263857,69.0,5.61,74.0,0.1,7.239083538724794,14.783129183627414,5.4,5.2,0.603,9.8,Iraq,0
2005,66.8,29.0,3.4657359027997265,0.18,4.0974804986960995,65.0,6.812345094177479,52.5,3.6375861597263857,69.0,4.13,65.0,0.1,7.523286323277989,12.536911185498498,5.4,5.2,0.628,10.1,Iraq,0
2006,64.7,249.0,3.4657359027997265,0.03,4.334122298249427,59.0,6.163314804034641,53.2,3.6635616461296463,63.0,3.0,59.0,0.1,7.763366669867791,17.136867625358853,5.4,5.1,0.631,10.2,Iraq,0
2007,65.9,227.0,3.4657359027997265,0.14,4.995593726785514,56.0,5.442417710521793,53.8,3.6635616461296463,74.0,3.69,57.0,0.1,8.048860141016286,14.859115294500699,5.4,5.1,0.636,10.2,Iraq,0
2008,69.3,167.0,3.4965075614664802,0.17,5.263499704681872,66.0,8.611593866837723,54.5,3.6635616461296463,71.0,3.93,69.0,0.1,8.416781454771373,17.18664102631832,5.4,5.1,0.638,10.3,Iraq,0
2009,74.0,148.0,3.4965075614664802,0.2,5.2291639373509575,75.0,10.319859629482966,55.2,3.6888794541139363,78.0,4.65,78.0,0.1,8.225809566263239,17.21319019293759,5.4,5.1,0.643,10.3,Iraq,0
2010,76.0,145.0,3.4965075614664802,0.19,3.1277479842377485,72.0,6.20050917404269,55.8,3.6888794541139363,74.0,3.82,74.0,0.1,6.117545239572895,12.838067565096614,5.3,5.1,0.646,10.4,Iraq,0
2011,77.0,144.0,3.4965075614664802,0.17,5.656410345599574,77.0,2.772588722239781,56.5,3.6888794541139363,8.0,3.32,79.0,0.1,8.675156223043901,14.970110538407571,5.3,5.1,0.649,10.4,Iraq,0
2012,76.0,147.0,3.4965075614664802,0.01,6.065324739977666,61.0,2.772588722239781,57.2,3.6888794541139363,7.0,5.26,69.0,0.1,8.802691243631148,17.30522454985056,5.3,5.1,0.656,10.5,Iraq,0
2013,69.5,17.0,3.4965075614664802,0.01,6.105617669482261,66.0,6.507277712385012,57.8,3.6888794541139363,7.0,5.92,68.0,0.1,8.843070132753718,17.33842828058003,5.3,5.1,0.659,10.3,Iraq,0
2014,67.9,199.0,3.4965075614664802,0.01,3.796030168659098,62.0,7.183870715062453,58.5,3.6888794541139363,67.0,5.54,64.0,0.1,6.514338354150614,8.18004072349016,5.3,5.1,0.658,10.1,Iraq,0
2015,68.9,182.0,3.4965075614664802,0.01,0.0,56.0,7.2682230211595655,59.1,3.6635616461296463,63.0,5.54,58.0,0.1,8.512234778780948,17.40223684736687,5.3,5.1,0.649,10.1,Iraq,0
2000,76.4,94.0,0.0,14.07,8.241592896274842,46.0,0.0,51.5,0.0,86.0,6.3,86.0,0.1,10.175151472771162,12.861453055449976,0.3,0.3,0.848,16.2,Ireland,1
2001,77.0,89.0,0.0,14.27,8.35833325445675,46.0,5.488937726156687,52.2,0.0,84.0,6.6,84.0,0.1,10.247947632649268,15.167794051088844,0.3,0.3,0.857,16.4,Ireland,1
2002,77.4,88.0,0.0,14.17,8.535697685128941,46.0,5.497168225293202,52.9,0.0,83.0,6.85,83.0,0.1,10.390231333428945,15.184645535339772,0.3,0.3,0.862,16.5,Ireland,1
2003,78.0,82.0,0.0,13.24,6.51650881391441,46.0,6.371611847231857,53.6,0.0,86.0,7.5,86.0,0.1,8.323160604214968,15.200935040849775,0.3,0.2,0.87,16.8,Ireland,1
2004,78.3,82.0,0.0,13.32,8.9923361471705,46.0,5.814130531825066,54.4,0.0,89.0,7.34,89.0,0.1,10.771273471224386,10.763483027355077,0.3,0.2,0.88,17.1,Ireland,1
2005,78.7,78.0,0.0,13.31,6.882110579625966,46.0,4.564348191467836,55.1,0.0,9.0,7.27,9.0,0.1,8.680642429342901,15.241005199336389,0.3,0.2,0.889,17.5,Ireland,1
2006,79.0,78.0,0.0,13.44,9.119094351855294,46.0,4.477336814478207,55.8,0.0,91.0,7.22,91.0,0.1,10.902794498520773,15.267965249378014,0.3,0.2,0.896,17.6,Ireland,1
2007,79.5,75.0,0.0,13.59,9.189989966098707,46.0,4.174387269895637,56.6,0.0,92.0,7.57,92.0,0.1,11.024988788655957,15.29687484275657,0.3,0.2,0.902,17.6,Ireland,1
2008,79.8,75.0,0.0,12.66,9.162119256138034,46.0,4.060443010546419,57.4,0.0,93.0,8.64,93.0,0.1,11.022497307888253,15.317261918280671,0.3,0.2,0.908,17.9,Ireland,1
2009,79.7,77.0,0.0,11.41,8.938770918740992,46.0,5.10594547390058,58.2,0.0,94.0,9.53,94.0,0.1,10.858706434001789,15.327418548789069,0.3,0.2,0.909,17.9,Ireland,1
2010,86.0,68.0,0.0,11.88,8.414104493890951,46.0,6.095824562432225,58.9,0.0,94.0,8.76,94.0,0.1,10.790134986455076,13.030590135255018,0.3,0.2,0.907,18.2,Ireland,1
2011,84.0,7.0,0.0,11.72,8.762169366228616,95.0,5.655991810819852,59.7,0.0,95.0,8.15,95.0,0.1,10.869872848527704,15.336509529469508,0.3,0.2,0.909,18.5,Ireland,1
2012,85.0,69.0,0.0,11.49,8.797502419877352,95.0,4.68213122712422,6.5,0.0,95.0,8.32,95.0,0.1,10.804306461444362,15.338714536576019,0.3,0.2,0.895,18.5,Ireland,1
2013,81.0,67.0,0.0,10.49,6.557563180489206,95.0,3.9512437185814275,61.3,0.0,96.0,8.1,96.0,0.1,8.563268695179456,15.341196140576915,0.3,0.2,0.902,18.6,Ireland,1
2014,81.2,66.0,0.0,10.75,6.616556423625442,95.0,3.5263605246161616,62.1,0.0,96.0,7.78,96.0,0.1,8.622332403988342,15.345304649825467,0.3,0.2,0.91,18.6,Ireland,1
2015,81.4,64.0,0.0,10.75,0.0,95.0,1.6094379124341003,62.8,0.0,95.0,7.78,95.0,0.1,8.804646837780766,15.358132370880481,0.3,0.2,0.92,18.6,Ireland,1
2000,78.9,76.0,0.6931471805599453,2.53,5.302977010027784,98.0,3.6109179126442243,58.3,0.6931471805599453,93.0,7.13,93.0,0.1,7.674684006996487,8.746716349694486,1.1,1.1,0.845,15.2,Israel,0
2001,79.3,74.0,0.6931471805599453,2.53,3.1473079056469455,96.0,2.995732273553991,58.7,0.6931471805599453,93.0,7.61,92.0,0.1,5.4688887428975335,8.770283819098399,1.1,1.1,0.85,15.1,Israel,0
2002,79.3,74.0,0.6931471805599453,2.47,7.439674336007487,98.0,1.0986122886681098,59.2,0.6931471805599453,91.0,7.49,9.0,0.1,9.82185207908436,6.489204931325317,1.1,1.1,0.855,15.3,Israel,0
2003,79.7,71.0,0.6931471805599453,2.32,7.457468337485712,98.0,4.8283137373023015,59.6,0.6931471805599453,93.0,7.44,93.0,0.1,9.849453633433551,11.110924350303225,1.1,1.1,0.863,16.0,Israel,0
2004,81.0,69.0,0.6931471805599453,2.23,7.547682463941429,99.0,4.762173934797756,6.1,0.6931471805599453,95.0,7.35,95.0,0.1,9.897930742022233,6.536691597591305,1.1,1.1,0.863,15.9,Israel,0
2005,80.0,71.0,0.6931471805599453,2.41,5.529168465060279,96.0,1.0986122886681098,6.6,0.6931471805599453,95.0,7.44,93.0,0.1,7.867940136585294,8.843903650835497,1.1,1.1,0.866,15.8,Israel,0
2006,84.0,68.0,0.6931471805599453,2.23,3.5434549485337867,96.0,2.302585092994046,61.1,0.6931471805599453,94.0,7.38,95.0,0.1,7.694473354940552,8.92771217382708,1.1,1.1,0.87,15.7,Israel,0
2007,84.0,68.0,0.6931471805599453,2.33,1.676180552715434,99.0,6.29156913955832,61.6,0.6931471805599453,95.0,7.37,95.0,0.1,5.559284501638493,8.879333174786028,1.1,1.1,0.872,15.7,Israel,0
2008,81.0,65.0,0.6931471805599453,2.47,6.158150607019885,99.0,6.837332814685591,62.1,0.6931471805599453,94.0,7.33,94.0,0.1,10.29750208902584,8.907747686788648,1.1,1.1,0.877,15.8,Israel,0
2009,81.5,63.0,0.6931471805599453,2.55,6.233752752046261,98.0,1.791759469228055,62.6,0.6931471805599453,96.0,7.46,96.0,0.1,10.232678944806006,11.223334905849098,1.2,1.1,0.876,15.6,Israel,0
2010,81.7,61.0,0.6931471805599453,2.63,6.01715892410626,97.0,3.1780538303479458,63.0,0.6931471805599453,95.0,7.36,95.0,0.1,8.206036124775835,11.241602188130999,1.2,1.1,0.878,15.7,Israel,0
2011,81.8,61.0,0.6931471805599453,2.67,8.24121874948218,98.0,4.2626798770413155,63.4,0.6931471805599453,94.0,7.39,94.0,0.1,10.424010720851086,11.260082726560983,1.2,1.1,0.883,15.8,Israel,0
2012,81.8,6.0,0.6931471805599453,2.78,8.250929325998799,97.0,5.356586274672012,63.8,0.6931471805599453,94.0,7.73,94.0,0.1,10.391165222634164,8.976641306722456,1.2,1.1,0.889,15.9,Israel,0
2013,82.1,61.0,0.6931471805599453,2.69,8.361917498465628,97.0,3.9318256327243257,64.2,0.6931471805599453,96.0,7.89,96.0,0.1,10.50217759564764,9.059052257762401,1.2,1.1,0.891,15.9,Israel,0
2014,82.2,6.0,0.6931471805599453,2.62,8.377778310108418,97.0,1.9459101490553132,64.6,0.6931471805599453,95.0,7.81,95.0,0.1,10.534329615787728,11.316399501560289,1.2,1.1,0.895,16.0,Israel,0
2015,82.5,58.0,0.0,2.62,0.0,96.0,4.394449154672439,64.9,0.6931471805599453,95.0,7.81,95.0,0.1,10.48375637721555,9.033841828485016,1.2,1.1,0.898,16.0,Israel,0
2000,79.4,77.0,1.3862943611198906,9.78,3.481419212984401,94.0,7.284820912568604,55.0,1.3862943611198906,97.0,7.91,87.0,0.1,5.530391322827196,15.554962007618956,0.5,0.5,0.823,14.8,Italy,1
2001,79.8,75.0,1.0986122886681098,9.69,1.4163943275852704,95.0,0.0,55.7,1.3862943611198906,96.0,8.11,93.0,0.1,3.2511106550015585,13.252938905763191,0.5,0.5,0.828,14.9,Italy,1
2002,80.0,72.0,1.0986122886681098,9.25,7.967049618916406,95.0,9.146974496354362,56.4,1.3862943611198906,96.0,8.23,93.0,0.1,10.007738264589689,10.96124312385893,0.5,0.5,0.836,15.2,Italy,1
2003,79.9,72.0,1.0986122886681098,9.3,8.166289707656793,95.0,9.304103901788347,57.0,1.3862943611198906,97.0,8.17,96.0,0.1,10.217868484693604,15.56145712657204,0.5,0.5,0.841,15.4,Italy,1
2004,89.0,66.0,1.0986122886681098,8.98,8.359817455816065,96.0,6.396929655216146,57.6,1.3862943611198906,97.0,8.49,94.0,0.1,10.347389771348531,17.870513418380927,0.5,0.5,0.846,15.6,Italy,1
2005,88.0,66.0,1.0986122886681098,8.65,8.413443813401079,96.0,4.912654885736052,58.2,1.0986122886681098,97.0,8.71,95.0,0.1,10.372248602287122,17.875427309370984,0.5,0.5,0.851,15.8,Italy,1
2006,81.2,65.0,1.0986122886681098,8.44,6.16161134365371,96.0,6.0867747269123065,58.8,1.0986122886681098,97.0,8.82,96.0,0.1,8.114548562015832,17.87843290620439,0.5,0.5,0.856,16.0,Italy,1
2007,81.3,63.0,1.0986122886681098,8.37,8.562132441945506,97.0,5.7745515455444085,59.4,1.0986122886681098,97.0,8.48,97.0,0.1,10.537409689865575,15.580897304006246,0.5,0.5,0.862,16.1,Italy,1
2008,81.5,61.0,1.0986122886681098,7.96,4.210324565243476,96.0,7.388946097618437,59.9,1.0986122886681098,96.0,8.89,96.0,0.1,6.142434423539492,17.890106935408173,0.5,0.5,0.866,16.3,Italy,1
2009,81.6,61.0,1.0986122886681098,7.25,8.564900224067596,96.0,5.863631175598097,6.5,1.0986122886681098,96.0,9.41,96.0,0.1,10.518074231745159,15.606497395455953,0.5,0.5,0.868,16.3,Italy,1
2010,81.8,6.0,1.0986122886681098,6.95,8.56038079565814,96.0,5.921578419643816,61.0,1.0986122886681098,96.0,9.42,96.0,0.1,10.487109268288657,17.897738981998117,0.5,0.5,0.869,16.4,Italy,1
2011,82.0,6.0,1.0986122886681098,6.98,8.601661495184524,96.0,8.554488976159934,61.5,1.0986122886681098,96.0,9.27,96.0,0.1,10.55413645862203,17.899458764879085,0.5,0.5,0.872,16.4,Italy,1
2012,82.0,6.0,1.0986122886681098,7.49,8.475309158966631,96.0,5.932245187448011,62.1,1.0986122886681098,96.0,9.28,97.0,0.1,10.457807179393821,17.902154177228965,0.5,0.6,0.877,16.6,Italy,1
2013,82.3,58.0,1.0986122886681098,7.35,6.182480870461401,96.0,0.0,62.6,1.0986122886681098,96.0,9.22,96.0,0.1,8.171394432480845,15.645520558332741,0.5,0.6,0.876,16.5,Italy,1
2014,82.5,57.0,1.0986122886681098,7.56,8.483149173592736,95.0,0.0,63.1,1.0986122886681098,95.0,9.25,95.0,0.1,10.474401141296978,13.428251214610395,0.6,0.6,0.877,16.3,Italy,1
2015,82.7,56.0,0.6931471805599453,7.56,0.0,93.0,5.075173815233827,63.6,1.0986122886681098,93.0,9.25,93.0,0.1,5.858354637075762,13.420366504062091,0.6,0.6,0.881,16.3,Italy,1
2000,72.6,171.0,0.6931471805599453,3.46,3.251444792594823,36.0,0.0,41.6,0.6931471805599453,95.0,5.81,93.0,2.2,5.82267363685426,14.79265741426783,2.0,1.9,0.682,11.4,Jamaica,0
2001,72.7,171.0,0.6931471805599453,3.89,5.082883032706989,36.0,0.0,42.5,0.6931471805599453,99.0,5.34,99.0,2.2,8.130317622168736,12.49766705480187,2.0,1.8,0.68,10.9,Jamaica,0
2002,73.0,167.0,0.6931471805599453,3.76,5.357125430244918,36.0,0.0,43.5,0.6931471805599453,99.0,4.86,99.0,2.3,8.187993405265505,14.807074611280257,2.0,1.8,0.69,11.7,Jamaica,0
2003,73.1,166.0,0.6931471805599453,3.48,5.053621139082563,36.0,0.0,44.5,0.6931471805599453,99.0,4.56,96.0,2.3,8.150820518426388,14.8133857007842,1.9,1.8,0.694,11.9,Jamaica,0
2004,73.3,165.0,0.6931471805599453,3.67,5.264360453857204,98.0,0.0,45.4,0.6931471805599453,97.0,4.8,98.0,2.3,8.221740609267265,14.819364447902212,1.9,1.8,0.689,11.1,Jamaica,0
2005,73.5,161.0,0.6931471805599453,3.59,2.8889883692329397,99.0,0.0,46.3,0.6931471805599453,99.0,4.7,99.0,1.9,6.180529193089246,14.825172864488742,1.9,1.7,0.706,12.4,Jamaica,0
2006,74.0,15.0,0.6931471805599453,3.63,5.273474158743775,97.0,0.0,47.2,0.6931471805599453,99.0,4.22,95.0,1.5,8.369659815526079,12.52917012320291,1.9,1.7,0.709,12.5,Jamaica,0
2007,74.2,148.0,0.6931471805599453,3.64,3.281793998201025,92.0,0.0,48.1,0.6931471805599453,94.0,4.87,92.0,0.9,6.138845031508315,14.836329939591735,1.9,1.7,0.714,12.5,Jamaica,0
2008,74.5,145.0,0.6931471805599453,3.51,3.4893840182635762,92.0,1.0986122886681098,48.9,0.6931471805599453,91.0,5.4,91.0,0.4,6.201507413972096,12.539407823868244,1.9,1.7,0.718,12.6,Jamaica,0
2009,74.7,142.0,0.6931471805599453,3.33,5.466821998159115,9.0,0.0,49.7,0.6931471805599453,9.0,5.16,9.0,0.6,8.365063232489932,10.257062697057004,1.9,1.7,0.721,12.7,Jamaica,0
2010,75.0,138.0,0.6931471805599453,3.55,5.985514625126127,94.0,0.0,5.5,0.6931471805599453,94.0,5.3,94.0,0.5,8.451849743532035,12.548676048081626,1.8,1.7,0.721,12.7,Jamaica,0
2011,75.2,139.0,0.6931471805599453,3.58,3.5315030690390015,92.0,0.6931471805599453,51.2,0.6931471805599453,93.0,5.21,92.0,0.6,6.243291735293945,14.855608455046475,1.8,1.7,0.722,12.8,Jamaica,0
2012,75.3,138.0,0.6931471805599453,3.65,3.642078365696075,96.0,0.0,52.0,0.6931471805599453,96.0,5.66,96.0,0.5,6.258306521652012,12.560219897545643,1.8,1.7,0.725,12.8,Jamaica,0
2013,75.6,136.0,0.6931471805599453,3.79,1.8652096219946102,93.0,0.0,52.7,0.6931471805599453,86.0,5.91,93.0,0.6,4.045591057380707,12.560903890900743,1.8,1.7,0.727,12.8,Jamaica,0
2014,75.8,133.0,0.6931471805599453,3.83,6.059836617204286,92.0,0.0,53.5,0.6931471805599453,93.0,5.36,92.0,0.5,8.488123490079342,12.564753576131643,1.8,1.7,0.727,12.8,Jamaica,0
2015,76.2,125.0,0.6931471805599453,3.83,0.0,91.0,0.0,54.2,0.6931471805599453,91.0,5.36,91.0,0.5,8.510569273027553,14.870496576582159,1.8,1.7,0.729,12.8,Jamaica,0
2000,81.1,74.0,1.6094379124341003,7.97,8.687323511826017,94.0,10.021181695352771,22.2,1.791759469228055,98.0,7.53,85.0,0.1,10.55928296038508,11.750713263948166,1.6,1.4,0.852,14.5,Japan,1
2001,81.5,72.0,1.6094379124341003,8.03,8.610230258747746,94.0,10.02362337377611,22.5,1.791759469228055,81.0,7.75,95.0,0.1,10.429619405227308,11.753122770850267,1.7,1.4,0.856,14.6,Japan,1
2002,81.8,7.0,1.3862943611198906,7.87,8.566221267853729,94.0,10.428600622910189,22.9,1.791759469228055,89.0,7.85,96.0,0.1,10.38252387019531,11.75544802445494,1.7,1.4,0.86,14.7,Japan,1
2003,81.9,7.0,1.3862943611198906,7.83,6.36255459024384,94.0,9.022443300849043,23.4,1.791759469228055,97.0,8.0,97.0,0.1,8.15748485138,11.757587817170757,1.7,1.4,0.863,14.8,Japan,1
2004,82.1,68.0,1.3862943611198906,7.7,8.816894932214225,94.0,9.077151777732437,23.8,1.6094379124341003,97.0,8.3,99.0,0.1,10.537142719293213,11.757924437118275,1.7,1.4,0.866,14.8,Japan,1
2005,82.0,69.0,1.3862943611198906,7.99,8.824775595655664,94.0,0.0,24.4,1.6094379124341003,95.0,8.18,98.0,0.1,10.524565224593623,11.758018357348762,1.7,1.5,0.87,14.9,Japan,1
2006,82.4,68.0,1.3862943611198906,7.49,8.780039950848925,94.0,6.255750041753367,24.9,1.6094379124341003,95.0,8.19,98.0,0.1,10.475454999687937,11.758652088284697,1.7,1.5,0.873,14.9,Japan,1
2007,82.6,67.0,1.3862943611198906,7.29,8.794975710434155,94.0,0.0,25.4,1.6094379124341003,97.0,8.25,98.0,0.1,10.470964600494533,7.156176637480615,1.8,1.5,0.877,15.0,Japan,1
2008,82.7,66.0,1.3862943611198906,7.11,8.897569582288275,94.0,9.307104040408491,25.9,1.6094379124341003,98.0,8.6,98.0,0.1,10.580004655971383,9.462187991418748,1.8,1.5,0.88,15.0,Japan,1
2009,83.0,64.0,1.3862943611198906,7.09,6.802593108652576,94.0,6.60934924316738,26.4,1.6094379124341003,99.0,9.51,97.0,0.1,8.488006501772212,9.460943436186543,1.8,1.6,0.881,15.0,Japan,1
2010,83.0,62.0,1.3862943611198906,6.9,6.761579885792619,94.0,6.111467339502679,26.9,1.6094379124341003,98.0,9.58,97.0,0.1,8.402607227425527,7.160845906664299,1.9,1.6,0.879,15.1,Japan,1
2011,82.5,64.0,1.3862943611198906,7.39,9.159018557392463,94.0,6.075346031088684,27.4,1.6094379124341003,96.0,1.7,97.0,0.1,10.782470882924311,11.7584878262316,1.9,1.6,0.884,15.1,Japan,1
2012,83.3,58.0,1.0986122886681098,7.39,4.808820299210213,94.0,5.43372200355424,27.8,1.3862943611198906,99.0,1.17,97.0,0.1,8.489714414321734,11.756890731976737,1.9,1.7,0.889,15.3,Japan,1
2013,83.5,56.0,1.0986122886681098,7.55,4.5584379074936985,94.0,5.438079308923196,28.2,1.3862943611198906,99.0,1.25,96.0,0.1,8.401882774816261,11.75544802445494,2.0,1.7,0.894,15.3,Japan,1
2014,83.5,57.0,1.0986122886681098,0.01,4.497959319820477,94.0,6.137727054086234,28.6,1.3862943611198906,99.0,1.23,96.0,0.1,8.268016578949268,11.75412109265218,2.0,1.7,0.899,15.3,Japan,1
2015,83.7,55.0,1.0986122886681098,0.01,0.0,94.0,3.58351893845611,29.0,1.3862943611198906,99.0,1.23,96.0,0.1,10.44799368699004,11.753059851057252,2.1,1.8,0.902,15.3,Japan,1
2000,71.7,133.0,1.6094379124341003,0.49,5.430645735204321,93.0,3.4965075614664802,54.0,1.6094379124341003,94.0,9.65,91.0,0.1,7.41390353449639,10.845718898410636,4.0,4.0,0.7,12.6,Jordan,0
2001,71.9,131.0,1.6094379124341003,0.55,5.520250037041881,97.0,4.127134385045092,54.8,1.6094379124341003,97.0,9.9,99.0,0.1,7.455452262176026,15.462915128322223,4.0,3.9,0.706,12.7,Jordan,0
2002,72.1,129.0,1.6094379124341003,0.54,5.56128620783751,95.0,2.995732273553991,55.5,1.6094379124341003,95.0,9.68,95.0,0.1,7.502897257124508,15.480854021956256,3.9,3.9,0.712,13.0,Jordan,0
2003,72.3,127.0,1.6094379124341003,0.54,5.43713891384684,97.0,4.343805421853684,56.3,1.6094379124341003,97.0,9.15,97.0,0.1,7.5444453090536205,15.501312110904053,3.9,3.9,0.717,13.2,Jordan,0
2004,72.5,125.0,1.6094379124341003,0.54,3.5122984722451025,95.0,3.091042453358316,57.0,1.6094379124341003,95.0,9.5,95.0,0.1,5.570086809492064,15.526709796738087,3.9,3.8,0.723,13.5,Jordan,0
2005,72.4,127.0,1.6094379124341003,0.55,3.347885309158229,95.0,3.367295829986474,57.8,1.6094379124341003,95.0,8.88,95.0,0.1,5.415379564685693,15.558449462560807,3.9,3.8,0.73,13.8,Jordan,0
2006,72.8,121.0,1.6094379124341003,0.59,5.750547101507695,98.0,0.6931471805599453,58.6,1.6094379124341003,98.0,8.8,98.0,0.1,7.839269148670996,15.596248344313139,3.9,3.8,0.733,13.7,Jordan,0
2007,73.0,12.0,1.6094379124341003,0.6,5.924958396256075,98.0,3.7376696182833684,59.3,1.6094379124341003,98.0,8.35,98.0,0.1,7.92438481319123,15.638961182184657,3.8,3.8,0.736,13.6,Jordan,0
2008,73.1,119.0,1.6094379124341003,0.61,6.284653877487363,97.0,1.0986122886681098,6.1,1.6094379124341003,98.0,8.78,97.0,0.1,8.12761028577163,15.685745815581093,3.8,3.8,0.739,13.6,Jordan,0
2009,73.3,118.0,1.6094379124341003,0.59,6.506896644862632,98.0,0.0,6.9,1.6094379124341003,98.0,9.54,98.0,0.1,8.158556209653804,15.735533799399878,3.8,3.8,0.742,13.6,Jordan,0
2010,73.4,117.0,1.6094379124341003,0.51,6.575035266833699,98.0,0.0,61.7,1.6094379124341003,98.0,8.42,98.0,0.1,8.210720407508703,13.48455905401576,3.8,3.8,0.739,13.2,Jordan,0
2011,73.6,116.0,1.6094379124341003,0.43,4.246582456412184,98.0,0.0,62.4,1.6094379124341003,98.0,8.39,98.0,0.1,5.96184041610756,15.840356516593106,3.8,3.9,0.737,13.1,Jordan,0
2012,73.7,115.0,1.6094379124341003,0.41,4.229774099063861,98.0,1.3862943611198906,63.2,1.6094379124341003,98.0,8.0,98.0,0.1,5.962944723266406,15.894023418553285,3.9,3.9,0.735,12.9,Jordan,0
2013,73.9,114.0,1.6094379124341003,0.4,6.305588035516374,98.0,4.795790545596741,64.0,1.6094379124341003,98.0,7.23,98.0,0.1,8.292515256036642,15.945343956609003,3.9,3.9,0.737,13.1,Jordan,0
2014,74.0,113.0,1.6094379124341003,0.41,4.172515553172405,98.0,3.044522437723423,64.8,1.6094379124341003,98.0,7.45,98.0,0.1,6.148356644385701,11.395683532890896,3.9,3.9,0.737,13.1,Jordan,0
2015,74.1,112.0,1.6094379124341003,0.41,0.0,99.0,0.0,65.6,1.6094379124341003,99.0,7.45,99.0,0.1,6.2105855186857495,13.727698496876304,4.0,4.0,0.741,13.1,Jordan,0
2000,63.9,292.0,2.302585092994046,6.0,4.7321653879319845,99.0,5.5053315359323625,43.9,2.3978952727983707,96.0,4.16,97.0,0.1,7.115548006999639,16.515772307667014,2.7,2.7,0.676,12.1,Kazakhstan,0
2001,64.4,284.0,2.1972245773362196,5.75,2.6107195639479075,95.0,4.553876891600541,44.4,2.3978952727983707,95.0,3.47,95.0,0.1,5.016794626404158,16.51407161251815,2.6,2.7,0.685,12.3,Kazakhstan,0
2002,64.7,276.0,2.1972245773362196,5.99,4.984306738213406,95.0,2.9444389791664403,44.8,2.302585092994046,95.0,3.61,95.0,0.1,7.4141580121717405,16.51411286796932,2.6,2.6,0.7,12.7,Kazakhstan,0
2003,64.4,282.0,2.1972245773362196,6.58,3.195975916842342,99.0,3.2188758248682006,45.3,2.302585092994046,99.0,3.7,99.0,0.1,5.595170965425908,11.917850427225883,2.5,2.6,0.714,13.1,Kazakhstan,0
2004,64.7,287.0,2.1972245773362196,6.55,3.5529624132350386,99.0,7.6984827878809465,45.8,2.302585092994046,99.0,3.95,82.0,0.1,7.963908223334671,14.229595739588225,2.5,2.6,0.725,13.5,Kazakhstan,0
2005,64.6,294.0,2.1972245773362196,6.94,5.866072303562439,94.0,9.68775397939693,46.3,2.302585092994046,99.0,4.7,98.0,0.1,8.235434595684797,14.23074776322114,2.4,2.5,0.737,13.9,Kazakhstan,0
2006,65.0,295.0,2.1972245773362196,7.08,4.346382479684544,99.0,4.700480365792417,46.8,2.302585092994046,99.0,3.73,99.0,0.1,8.574060296718862,11.943960849189923,2.4,2.5,0.747,14.3,Kazakhstan,0
2007,65.3,288.0,2.1972245773362196,7.44,6.216067856456811,94.0,2.6390573296152584,47.3,2.302585092994046,94.0,3.19,93.0,0.1,8.820612993149215,16.555330255081458,2.4,2.5,0.754,14.7,Kazakhstan,0
2008,66.6,258.0,2.1972245773362196,7.6,6.564318858528478,99.0,3.044522437723423,47.9,2.302585092994046,99.0,3.65,99.0,0.1,9.049533463780312,9.659822365501121,2.4,2.5,0.758,14.6,Kazakhstan,0
2009,67.8,235.0,2.0794415416798357,6.64,6.696099615972595,99.0,0.0,48.5,2.1972245773362196,99.0,4.13,98.0,0.1,8.877141621647638,12.039262167556124,2.3,2.5,0.758,14.6,Kazakhstan,0
2010,67.8,236.0,2.0794415416798357,6.83,2.4974630538278046,99.0,1.6094379124341003,49.2,2.1972245773362196,98.0,4.42,99.0,0.1,4.591577948636856,16.60799883907673,2.3,2.5,0.763,14.5,Kazakhstan,0
2011,68.5,224.0,2.0794415416798357,6.63,5.193901587819044,99.0,4.852030263919617,49.9,2.0794415416798357,99.0,4.6,99.0,0.1,9.361809535750703,12.017131225713005,2.3,2.5,0.766,14.4,Kazakhstan,0
2012,69.1,214.0,1.9459101490553132,6.82,5.465341709461229,95.0,4.02535169073515,5.6,2.0794415416798357,98.0,4.32,99.0,0.1,9.424498863868822,16.636378956954097,2.4,2.5,0.774,14.7,Kazakhstan,0
2013,69.5,28.0,1.791759469228055,6.48,3.3108081570724495,99.0,4.30406509320417,51.4,1.9459101490553132,98.0,4.3,98.0,0.1,7.237674735817192,14.366677036521361,2.4,2.5,0.782,15.0,Kazakhstan,0
2014,69.9,22.0,1.791759469228055,6.29,3.236508927505592,95.0,5.7745515455444085,52.3,1.791759469228055,95.0,4.36,95.0,0.1,7.160508202133014,16.66559403305741,2.4,2.5,0.789,15.0,Kazakhstan,0
2015,72.0,198.0,1.6094379124341003,6.29,0.0,98.0,6.267200548541362,53.1,1.791759469228055,98.0,4.36,98.0,0.1,5.08129069392788,16.680229807995747,2.4,2.5,0.793,15.0,Kazakhstan,0
2000,51.9,428.0,4.356708826689592,1.51,0.5197965969871701,84.0,9.952420563645306,14.4,4.804021044733257,8.0,4.68,82.0,18.1,3.8062115703436565,14.961478331347589,9.2,9.1,0.448,8.4,Kenya,0
2001,51.9,434.0,4.356708826689592,1.63,1.5784843285387058,84.0,9.33300038471207,14.7,4.795790545596741,77.0,4.62,8.0,16.9,3.7559856415980626,17.29124267546548,9.0,9.0,0.447,8.4,Kenya,0
2002,52.1,437.0,4.343805421853684,1.66,3.518587490947897,84.0,6.642486801367256,15.1,4.77912349311153,83.0,4.54,84.0,15.7,5.983556740408925,12.713341953093387,8.9,8.9,0.451,8.5,Kenya,0
2003,52.4,437.0,4.31748811353631,1.49,3.6069111579342583,73.0,4.189654742026425,15.5,4.7535901911063645,75.0,4.45,73.0,14.5,6.081505266980777,15.043352123413015,8.8,8.8,0.45,8.2,Kenya,0
2004,53.0,432.0,4.290459441148391,1.43,3.6189330698745814,73.0,3.044522437723423,15.9,4.727387818712341,73.0,4.29,73.0,13.2,6.1309750559198495,15.089456712950323,8.7,8.6,0.461,8.9,Kenya,0
2005,54.1,412.0,4.2626798770413155,1.82,3.702702844780511,76.0,5.0369526024136295,16.4,4.6913478822291435,7.0,4.36,76.0,11.6,6.2553659653183145,15.10976884852973,8.6,8.5,0.474,9.6,Kenya,0
2006,55.3,388.0,4.23410650459726,1.76,3.981620973886994,8.0,7.521859252201629,16.9,4.653960350157523,77.0,4.24,8.0,10.3,6.549169725276147,10.53278930504732,8.5,8.4,0.483,9.7,Kenya,0
2007,56.8,356.0,4.204692619390966,1.97,4.108142492124642,81.0,7.324489979348532,17.3,4.61512051684126,76.0,4.8,81.0,9.1,6.733617484071874,12.870305815925477,8.4,8.3,0.494,10.1,Kenya,0
2008,57.9,339.0,4.174387269895637,1.71,4.119286746918796,88.0,7.1569563646156364,17.9,4.564348191467836,88.0,3.9,88.0,6.4,6.8220876367764065,17.48287054535627,8.3,8.2,0.506,10.4,Kenya,0
2009,59.1,317.0,4.143134726391533,1.86,2.097631521810257,88.0,7.105786129481271,18.4,4.5217885770490405,89.0,4.17,88.0,5.0,4.541338103264136,12.956839938886255,8.2,8.1,0.514,10.7,Kenya,0
2010,63.0,294.0,4.127134385045092,1.73,4.053346201629431,9.0,4.564348191467836,18.9,4.499809670330265,9.0,3.97,9.0,4.3,6.875591247977262,15.235034886964591,8.2,8.0,0.523,11.1,Kenya,0
2011,61.2,278.0,4.110873864173311,1.8,4.706870664273228,96.0,7.78155595923534,19.5,4.465908118654584,97.0,5.23,96.0,3.4,6.89613340254172,17.56470493888527,8.1,7.9,0.53,11.1,Kenya,0
2012,62.1,263.0,4.0943445622221,1.81,5.0448883664924,94.0,0.0,2.1,4.442651256490317,94.0,5.49,94.0,3.0,7.052944380693379,17.59163663222933,8.0,7.8,0.536,11.1,Kenya,0
2013,62.6,258.0,4.07753744390572,1.84,5.117577544352099,93.0,5.25227342804663,2.7,4.406719247264253,94.0,5.57,87.0,3.0,7.114862775718647,17.618317848215646,7.9,7.7,0.541,11.1,Kenya,0
2014,62.9,255.0,4.04305126783455,0.01,5.147277374178614,92.0,5.872117789475416,21.3,4.382026634673881,93.0,5.72,92.0,2.9,7.1979186205380845,13.044241823133252,7.8,7.7,0.546,11.1,Kenya,0
2015,63.4,249.0,4.007333185232471,0.01,0.0,89.0,4.564348191467836,22.0,4.330733340286331,83.0,5.72,89.0,2.8,7.2085791978403755,17.67067237596456,7.8,7.6,0.55,11.1,Kenya,0
2000,64.1,222.0,0.0,0.46,2.4911730837809176,9.0,0.0,67.9,0.0,9.0,8.12,9.0,0.1,6.681850122193321,9.041566627727496,0.2,0.2,0.0,10.0,Kiribati,0
2001,64.3,219.0,0.0,0.6,4.110412421331494,85.0,0.0,68.8,0.0,88.0,9.0,85.0,0.1,6.6011611572478275,11.360461694843734,0.2,0.2,0.0,10.4,Kiribati,0
2002,64.6,217.0,0.0,0.49,4.273267603654815,79.0,0.0,69.7,0.0,96.0,9.1,77.0,0.1,6.718512473509951,11.377609624021538,0.2,0.2,0.0,11.7,Kiribati,0
2003,64.7,215.0,0.0,0.5,1.0171901536330776,73.0,0.0,7.6,0.0,79.0,9.98,7.0,0.1,4.756916549189766,11.395222426114016,0.2,0.2,0.0,11.6,Kiribati,0
2004,64.8,214.0,0.0,0.48,2.453095506513021,67.0,0.0,71.4,0.0,61.0,1.39,62.0,0.1,4.7416973368446245,9.163563180417254,0.2,0.2,0.0,12.4,Kiribati,0
2005,64.9,213.0,0.0,0.6,4.725077305513602,5.0,0.0,72.1,0.0,74.0,1.6,79.0,0.1,7.102957412990341,11.43308107096457,0.2,0.2,0.0,12.2,Kiribati,0
2006,65.0,212.0,0.0,0.76,2.9546278829137047,88.0,0.0,72.8,0.0,86.0,1.93,86.0,0.1,7.049737032274726,9.15133319139615,0.2,0.1,0.576,12.1,Kiribati,0
2007,65.0,211.0,0.0,0.68,5.245501214780518,96.0,0.0,73.4,0.0,93.0,13.66,94.0,0.1,7.21423374544126,11.475348200614862,0.2,0.1,0.574,11.8,Kiribati,0
2008,65.1,21.0,0.0,0.46,5.127648582906868,83.0,0.0,74.1,0.0,74.0,12.23,82.0,0.1,7.254406533177003,9.194718991073225,0.2,0.1,0.572,11.6,Kiribati,0
2009,65.2,28.0,0.0,0.54,5.095530033755399,86.0,0.0,74.6,0.0,84.0,12.24,86.0,0.1,7.168799550334219,7.358193752733032,0.1,0.1,0.576,11.9,Kiribati,0
2010,65.3,27.0,0.0,0.48,2.9557752288151335,91.0,0.0,75.2,0.0,95.0,1.52,91.0,0.1,7.309322868288598,9.445649620189263,0.1,0.1,0.584,11.9,Kiribati,0
2011,65.5,26.0,0.0,0.53,3.448940616722666,95.0,0.0,75.7,0.0,95.0,1.42,99.0,0.1,7.434619559303389,9.5926733160273,0.1,0.1,0.585,11.9,Kiribati,0
2012,65.7,24.0,0.0,0.01,5.000281716983576,94.0,0.0,76.2,0.0,92.0,1.37,94.0,0.1,7.4758014296256885,9.718000992399016,0.1,0.1,0.581,11.9,Kiribati,0
2013,65.8,22.0,0.0,0.01,4.929130143073552,95.0,0.0,76.7,0.0,91.0,1.15,95.0,0.1,7.453192010089637,9.827470066112213,0.1,0.1,0.589,11.9,Kiribati,0
2014,66.1,2.0,0.0,0.01,4.59382540856506,75.0,0.0,77.1,0.0,79.0,1.21,75.0,0.1,7.429842891813315,9.346530726426447,0.1,0.1,0.597,11.9,Kiribati,0
2015,66.3,198.0,0.0,0.01,0.0,82.0,0.0,77.6,0.0,8.0,1.21,78.0,0.1,7.262266411268046,9.327945614050446,0.1,0.1,0.586,11.9,Kiribati,0
2000,73.2,96.0,0.0,0.01,6.8678972592721665,95.0,1.9459101490553132,64.0,0.6931471805599453,94.0,2.51,98.0,0.1,9.819583216238064,14.149783234468618,3.2,3.1,0.786,14.1,Kuwait,0
2001,73.2,95.0,0.0,0.01,4.73794941017985,99.0,0.0,64.5,0.6931471805599453,99.0,3.61,99.0,0.1,7.412140775575177,14.149783234468618,3.2,3.0,0.786,14.0,Kuwait,0
2002,73.3,94.0,0.0,0.01,7.0989379160203905,99.0,0.0,65.0,0.6931471805599453,99.0,3.56,99.0,0.1,9.786415378470265,14.149783234468618,3.2,3.0,0.785,13.9,Kuwait,0
2003,73.4,93.0,0.0,0.03,5.07523551770519,99.0,0.0,65.5,0.6931471805599453,99.0,3.23,99.0,0.1,7.728666457045646,14.149783234468618,3.2,3.0,0.788,14.1,Kuwait,0
2004,73.5,91.0,0.0,0.02,7.457074540877181,94.0,3.1780538303479458,65.9,0.6931471805599453,98.0,2.76,98.0,0.1,10.200729822818392,14.149783234468618,3.2,3.0,0.791,14.4,Kuwait,0
2005,73.6,9.0,0.0,0.01,5.4830324694403645,99.0,2.3978952727983707,66.3,0.6931471805599453,99.0,2.38,99.0,0.1,8.17477649102789,14.149783234468618,3.2,3.1,0.789,14.2,Kuwait,0
2006,73.6,89.0,0.6931471805599453,0.01,7.801573085686049,99.0,0.0,66.7,0.6931471805599453,99.0,2.25,99.0,0.1,10.662388700825954,14.149783234468618,3.2,3.1,0.787,14.1,Kuwait,0
2007,73.7,89.0,0.6931471805599453,0.03,7.846317693016503,99.0,0.0,67.1,0.6931471805599453,99.0,2.13,99.0,0.1,10.731929672819374,14.149783234468618,3.2,3.1,0.787,13.9,Kuwait,0
2008,73.8,88.0,0.6931471805599453,0.03,7.639831181993304,99.0,0.0,67.5,0.6931471805599453,99.0,1.93,99.0,0.1,10.925452725588336,14.149783234468618,3.3,3.1,0.787,13.8,Kuwait,0
2009,73.9,87.0,0.6931471805599453,0.1,8.007243263117028,99.0,0.0,67.9,0.6931471805599453,99.0,3.87,99.0,0.1,10.533916210755475,14.149783234468618,3.3,3.2,0.788,13.6,Kuwait,0
2010,74.0,86.0,0.6931471805599453,0.01,7.60617633070364,99.0,2.6390573296152584,68.4,0.6931471805599453,98.0,2.76,98.0,0.1,10.558377596513742,14.149783234468618,3.3,3.2,0.79,13.5,Kuwait,0
2011,74.2,85.0,0.6931471805599453,0.02,7.932397226230109,99.0,3.4965075614664802,69.0,0.6931471805599453,99.0,2.62,99.0,0.1,10.784557059590295,14.149783234468618,3.3,3.2,0.792,13.4,Kuwait,0
2012,74.3,84.0,0.6931471805599453,0.01,7.99259785310499,98.0,3.332204510175204,69.5,0.6931471805599453,98.0,2.57,98.0,0.1,10.844777452934412,14.149783234468618,3.4,3.3,0.794,13.2,Kuwait,0
2013,74.5,83.0,0.6931471805599453,0.01,7.935114136594145,99.0,4.143134726391533,7.2,0.6931471805599453,99.0,2.56,99.0,0.1,10.787274887963342,14.149783234468618,3.4,3.3,0.796,13.1,Kuwait,0
2014,74.6,82.0,0.0,0.01,7.81677845201004,96.0,4.02535169073515,7.8,0.6931471805599453,94.0,3.4,95.0,0.1,10.66889681621583,14.149783234468618,3.4,3.4,0.787,13.0,Kuwait,0
2015,74.7,81.0,0.0,0.01,0.0,99.0,2.9444389791664403,71.4,0.6931471805599453,99.0,3.4,99.0,0.1,10.274237605750784,14.149783234468618,3.5,3.4,0.799,13.3,Kuwait,0
2000,66.6,225.0,1.6094379124341003,2.13,0.0,44.0,2.833213344056216,35.6,1.791759469228055,99.0,4.68,99.0,0.1,7.1137238128557545,14.149783234468618,3.6,3.6,0.586,11.4,Kyrgyzstan,0
2001,67.2,217.0,1.6094379124341003,2.62,0.0,57.0,2.8903717578961645,36.0,1.791759469228055,99.0,4.79,99.0,0.1,7.1137238128557545,14.149783234468618,3.6,3.6,0.593,11.8,Kyrgyzstan,0
2002,66.7,215.0,1.6094379124341003,3.31,0.0,99.0,1.0986122886681098,36.5,1.791759469228055,99.0,5.43,98.0,0.1,7.1137238128557545,14.149783234468618,3.5,3.5,0.601,12.1,Kyrgyzstan,0
2003,66.6,217.0,1.6094379124341003,3.52,0.0,99.0,1.9459101490553132,37.0,1.6094379124341003,98.0,5.43,98.0,0.1,7.1137238128557545,14.149783234468618,3.5,3.5,0.602,12.2,Kyrgyzstan,0
2004,67.1,218.0,1.6094379124341003,3.41,0.0,99.0,2.1972245773362196,37.5,1.6094379124341003,98.0,5.57,99.0,0.1,7.1137238128557545,14.149783234468618,3.4,3.4,0.609,12.5,Kyrgyzstan,0
2005,66.9,224.0,1.6094379124341003,2.81,0.0,97.0,3.9889840465642745,38.0,1.6094379124341003,98.0,5.82,98.0,0.1,7.1137238128557545,14.149783234468618,3.4,3.4,0.612,12.4,Kyrgyzstan,0
2006,66.7,234.0,1.6094379124341003,2.48,0.0,9.0,3.332204510175204,38.5,1.6094379124341003,93.0,6.73,92.0,0.1,7.1137238128557545,14.149783234468618,3.3,3.4,0.613,12.5,Kyrgyzstan,0
2007,67.2,229.0,1.6094379124341003,2.77,0.0,94.0,3.713572066704308,39.0,1.6094379124341003,94.0,6.87,94.0,0.1,7.1137238128557545,14.149783234468618,3.3,3.4,0.618,12.6,Kyrgyzstan,0
2008,67.6,217.0,1.6094379124341003,2.53,0.0,97.0,2.833213344056216,39.5,1.6094379124341003,95.0,6.7,95.0,0.2,7.1137238128557545,14.149783234468618,3.3,3.4,0.624,12.6,Kyrgyzstan,0
2009,68.5,21.0,1.6094379124341003,2.39,0.0,96.0,0.6931471805599453,4.1,1.6094379124341003,96.0,6.79,95.0,0.1,7.1137238128557545,14.149783234468618,3.3,3.4,0.629,12.4,Kyrgyzstan,0
2010,68.8,199.0,1.6094379124341003,2.73,0.0,96.0,0.0,4.7,1.6094379124341003,88.0,6.66,96.0,0.1,7.1137238128557545,14.149783234468618,3.2,3.3,0.631,12.2,Kyrgyzstan,0
2011,69.4,188.0,1.6094379124341003,3.28,0.0,96.0,5.407171771460119,41.4,1.6094379124341003,94.0,6.18,96.0,0.2,7.1137238128557545,14.149783234468618,3.2,3.3,0.632,12.1,Kyrgyzstan,0
2012,69.9,18.0,1.3862943611198906,0.01,0.0,96.0,0.0,42.2,1.6094379124341003,94.0,6.97,96.0,0.1,7.1137238128557545,14.149783234468618,3.2,3.3,0.638,12.3,Kyrgyzstan,0
2013,77.0,174.0,1.3862943611198906,0.01,0.0,97.0,0.6931471805599453,43.0,1.6094379124341003,97.0,6.68,97.0,0.1,7.1137238128557545,14.149783234468618,3.3,3.3,0.647,12.5,Kyrgyzstan,0
2014,78.0,17.0,1.3862943611198906,0.01,0.0,96.0,5.765191102784844,43.9,1.6094379124341003,95.0,6.48,96.0,0.1,7.1137238128557545,14.149783234468618,3.3,3.4,0.656,12.8,Kyrgyzstan,0
2015,71.1,166.0,1.3862943611198906,0.01,0.0,97.0,9.785829509067895,44.9,1.3862943611198906,97.0,6.48,97.0,0.1,7.1137238128557545,14.149783234468618,3.3,3.4,0.662,13.0,Kyrgyzstan,0
2000,58.1,278.0,2.70805020110221,5.16,0.0,5.0,5.808142489980444,12.3,3.044522437723423,57.0,3.41,51.0,0.1,7.1137238128557545,14.149783234468618,1.5,1.5,0.459,8.0,Lao People's Democratic Republic,0
2001,58.7,271.0,2.6390573296152584,3.13,0.0,5.0,4.553876891600541,12.7,2.995732273553991,55.0,4.32,52.0,0.1,7.1137238128557545,14.149783234468618,1.4,1.5,0.463,8.0,Lao People's Democratic Republic,0
2002,59.3,265.0,2.6390573296152584,3.33,0.0,5.0,7.635786861395585,13.3,2.9444389791664403,55.0,4.4,53.0,0.1,7.1137238128557545,14.149783234468618,1.3,1.4,0.468,8.0,Lao People's Democratic Republic,0
2003,59.8,259.0,2.5649493574615367,3.41,0.0,5.0,7.501634457883413,13.8,2.8903717578961645,52.0,4.91,49.0,0.1,7.1137238128557545,14.149783234468618,1.2,1.3,0.477,8.3,Lao People's Democratic Republic,0
2004,64.0,252.0,2.5649493574615367,3.53,0.0,45.0,7.307872780763706,14.4,2.833213344056216,46.0,4.54,45.0,0.2,7.1137238128557545,14.149783234468618,1.1,1.2,0.485,8.6,Lao People's Democratic Republic,0
2005,61.0,246.0,2.4849066497880004,3.68,0.0,49.0,5.69035945432406,14.9,2.833213344056216,5.0,4.32,49.0,0.2,7.1137238128557545,14.149783234468618,1.0,1.1,0.494,8.7,Lao People's Democratic Republic,0
2006,61.5,24.0,2.4849066497880004,3.69,0.0,57.0,4.07753744390572,15.5,2.772588722239781,56.0,4.14,57.0,0.2,7.1137238128557545,14.149783234468618,9.9,9.9,0.503,9.0,Lao People's Democratic Republic,0
2007,62.1,234.0,2.4849066497880004,5.0,0.0,5.0,7.425953657077541,16.1,2.772588722239781,46.0,4.14,5.0,0.2,7.1137238128557545,14.149783234468618,9.7,9.8,0.509,9.0,Lao People's Democratic Republic,0
2008,62.6,228.0,2.3978952727983707,5.1,0.0,61.0,5.1647859739235145,16.7,2.70805020110221,6.0,2.77,61.0,0.2,7.1137238128557545,14.149783234468618,9.6,9.7,0.518,9.2,Lao People's Democratic Republic,0
2009,63.1,223.0,2.3978952727983707,5.18,0.0,67.0,4.3694478524670215,17.3,2.70805020110221,67.0,3.77,67.0,0.2,7.1137238128557545,14.149783234468618,9.4,9.6,0.525,9.4,Lao People's Democratic Republic,0
2010,63.6,218.0,2.3978952727983707,5.95,0.0,74.0,5.0369526024136295,18.0,2.6390573296152584,76.0,2.75,74.0,0.3,7.1137238128557545,14.149783234468618,9.3,9.5,0.535,9.6,Lao People's Democratic Republic,0
2011,64.0,213.0,2.302585092994046,5.39,0.0,78.0,4.736198448394496,18.7,2.6390573296152584,79.0,2.2,78.0,0.3,7.1137238128557545,14.149783234468618,9.2,9.4,0.542,9.9,Lao People's Democratic Republic,0
2012,64.4,28.0,2.302585092994046,0.01,0.0,79.0,3.4965075614664802,19.4,2.5649493574615367,78.0,2.12,79.0,0.3,7.1137238128557545,14.149783234468618,9.1,9.2,0.554,10.2,Lao People's Democratic Republic,0
2013,64.9,23.0,2.302585092994046,0.01,0.0,87.0,4.276666119016055,2.1,2.5649493574615367,86.0,2.0,87.0,0.3,7.1137238128557545,14.149783234468618,9.0,9.1,0.563,10.4,Lao People's Democratic Republic,0
2014,65.3,199.0,2.1972245773362196,0.01,0.0,88.0,5.8289456176102075,2.9,2.4849066497880004,88.0,1.87,88.0,0.2,7.1137238128557545,14.149783234468618,8.9,9.0,0.573,10.6,Lao People's Democratic Republic,0
2015,65.7,194.0,2.1972245773362196,0.01,0.0,89.0,4.04305126783455,21.7,2.4849066497880004,89.0,1.87,89.0,0.2,7.1137238128557545,14.149783234468618,8.8,8.9,0.582,10.8,Lao People's Democratic Republic,0
2000,71.0,218.0,0.0,7.13,5.676812281722708,95.0,0.0,55.4,0.0,96.0,6.0,96.0,0.1,8.117828824683656,12.37478535391621,2.8,2.8,0.716,13.7,Latvia,1
2001,69.9,228.0,0.0,6.68,5.808968487789348,96.0,0.6931471805599453,55.7,0.0,97.0,6.17,97.0,0.1,8.181399088810169,12.361870539383771,2.8,2.8,0.728,14.2,Latvia,1
2002,73.0,219.0,0.0,7.44,5.933456703928588,98.0,0.0,56.0,0.0,98.0,6.29,97.0,0.1,8.326843318562746,12.35092595270922,2.7,2.7,0.746,14.8,Latvia,1
2003,78.0,29.0,0.0,8.24,6.171835225300158,98.0,0.0,56.3,0.0,98.0,6.15,98.0,0.1,8.544021461378266,14.64316940052768,2.6,2.6,0.761,15.2,Latvia,1
2004,71.0,26.0,0.0,8.81,4.394854473754129,98.0,0.0,56.6,0.0,99.0,6.51,99.0,0.1,8.756652907215383,14.632256275767878,2.5,2.6,0.776,15.5,Latvia,1
2005,76.0,216.0,0.0,9.92,4.4764903188018135,99.0,1.0986122886681098,57.0,0.0,99.0,6.37,99.0,0.1,8.930592420974898,14.621450565999341,2.5,2.5,0.791,15.9,Latvia,1
2006,75.0,229.0,0.0,10.4,7.003291648658149,94.0,2.0794415416798357,57.4,0.0,96.0,6.8,96.0,0.1,9.176677657293917,14.612277840540472,2.4,2.5,0.807,16.2,Latvia,1
2007,78.0,221.0,0.0,12.12,5.14742711291665,91.0,0.0,57.7,0.0,94.0,7.1,94.0,0.1,7.275974559898705,10.013507197574677,2.4,2.4,0.814,16.2,Latvia,1
2008,71.9,199.0,0.0,11.84,5.538916612087795,93.0,1.3862943611198906,58.1,0.0,94.0,6.63,94.0,0.1,9.70195450374309,14.593606698526617,2.3,2.4,0.819,16.3,Latvia,1
2009,72.6,184.0,0.0,9.85,7.037575531336361,92.0,0.0,58.5,0.0,94.0,6.84,94.0,0.1,9.410859820637477,14.57709645649647,2.3,2.3,0.821,16.4,Latvia,1
2010,72.8,18.0,0.0,9.8,7.0129883437184395,91.0,0.0,58.9,0.0,92.0,6.55,92.0,0.1,9.334963910840672,12.6033577215479,2.2,2.3,0.815,16.0,Latvia,1
2011,73.6,169.0,0.0,10.14,3.246818193617772,89.0,0.6931471805599453,59.4,0.0,92.0,6.1,92.0,0.1,7.225255442872647,10.165082290224591,2.2,2.3,0.81,15.8,Latvia,1
2012,73.8,163.0,0.0,10.21,7.213047992789179,9.0,1.3862943611198906,59.8,0.0,91.0,5.91,91.0,0.1,9.534151067089045,12.364442981501615,2.2,2.2,0.812,15.5,Latvia,1
2013,74.1,161.0,0.0,10.37,5.019341870949898,94.0,0.0,6.2,0.0,94.0,5.67,94.0,0.1,7.3351314045481315,12.267393495511758,2.2,2.2,0.814,15.4,Latvia,1
2014,74.4,156.0,0.0,0.01,7.341895937891436,92.0,3.6109179126442243,6.7,0.0,92.0,5.88,92.0,0.1,9.663079409636529,14.505544397102451,2.2,2.2,0.822,16.0,Latvia,1
2015,74.6,153.0,0.0,0.01,0.0,94.0,0.0,61.2,0.0,95.0,5.88,95.0,0.1,9.522782129890851,14.49735813781574,2.2,2.1,0.828,16.0,Latvia,1
2000,72.7,112.0,0.6931471805599453,2.26,6.00484449356579,83.0,1.791759469228055,57.9,0.6931471805599453,83.0,1.86,83.0,0.1,8.582219085643247,14.98965292615952,4.9,4.8,0.0,14.9,Lebanon,0
2001,73.0,11.0,0.6931471805599453,2.19,6.2375499434105395,8.0,2.1972245773362196,58.6,0.6931471805599453,8.0,1.9,8.0,0.1,8.56676830438512,15.02740986440464,4.9,4.7,0.0,15.0,Lebanon,0
2002,73.2,17.0,0.6931471805599453,1.98,4.264538407775875,77.0,3.6109179126442243,59.1,0.6931471805599453,77.0,1.5,77.0,0.1,8.601092187519464,15.074777472729341,4.8,4.7,0.0,15.2,Lebanon,0
2003,73.5,15.0,0.6931471805599453,2.19,6.270832770972506,74.0,6.267200548541362,59.7,0.6931471805599453,74.0,9.3,74.0,0.1,8.599080909856324,12.825209926050247,4.8,4.7,0.0,14.8,Lebanon,0
2004,73.7,13.0,0.6931471805599453,2.1,6.428689085754386,75.0,5.365976015021851,6.2,0.6931471805599453,74.0,8.91,75.0,0.1,8.598814386776175,15.167024015374546,4.7,4.6,0.0,14.2,Lebanon,0
2005,73.9,11.0,0.6931471805599453,1.94,6.447391551896717,77.0,6.428105272684596,6.8,0.6931471805599453,74.0,8.42,77.0,0.1,8.58306356730389,15.198512755856846,4.7,4.6,0.0,13.7,Lebanon,0
2006,74.1,1.0,0.6931471805599453,1.82,6.283349468018527,78.0,6.863803391452954,61.4,0.6931471805599453,75.0,8.83,78.0,0.1,8.58926433163544,10.730641012943806,4.7,4.6,0.733,13.2,Lebanon,0
2007,74.4,98.0,0.6931471805599453,1.72,2.2932346301520803,8.0,5.924255797414532,61.9,0.6931471805599453,75.0,8.9,8.0,0.1,6.422063008064634,13.094924346858413,4.7,4.6,0.731,12.9,Lebanon,0
2008,74.5,98.0,0.6931471805599453,1.67,4.250482532079801,81.0,3.2188758248682006,62.5,0.6931471805599453,75.0,8.7,81.0,0.1,6.5705688499862545,12.926708525982491,4.7,4.7,0.74,13.1,Lebanon,0
2009,74.7,95.0,0.6931471805599453,1.62,2.212701261545281,81.0,3.1354942159291497,63.0,0.6931471805599453,75.0,7.42,81.0,0.1,4.4458095344640345,15.24657678259114,4.7,4.7,0.746,13.2,Lebanon,0
2010,74.9,94.0,0.6931471805599453,1.58,6.692574483859991,81.0,2.5649493574615367,63.5,0.6931471805599453,75.0,7.19,81.0,0.1,9.078501976736774,15.282726163807911,4.7,4.7,0.752,13.3,Lebanon,0
2011,75.0,93.0,0.6931471805599453,1.57,6.728703589580114,81.0,2.302585092994046,64.0,0.6931471805599453,75.0,7.12,81.0,0.1,9.075203725907201,15.3390351811987,4.7,4.7,0.758,13.2,Lebanon,0
2012,75.0,93.0,0.6931471805599453,1.53,5.0248845094441705,81.0,2.302585092994046,64.4,0.6931471805599453,75.0,6.99,81.0,0.1,9.081250151871991,13.105512190320324,4.8,4.8,0.763,13.3,Lebanon,0
2013,74.9,97.0,0.6931471805599453,1.29,2.7444531422929948,81.0,7.474204806496124,64.9,0.6931471805599453,75.0,6.63,81.0,0.1,6.742037300331668,13.176118339400436,4.8,4.8,0.766,13.3,Lebanon,0
2014,74.8,99.0,0.6931471805599453,1.32,4.951431043782792,81.0,4.727387818712341,65.4,0.6931471805599453,75.0,6.39,81.0,0.1,9.007301044630166,13.241532119193014,4.8,4.9,0.763,13.3,Lebanon,0
2015,74.9,98.0,0.6931471805599453,1.32,0.0,81.0,3.6888794541139363,66.1,0.6931471805599453,75.0,6.39,81.0,0.1,6.7424475833117965,15.58220517866409,4.9,4.9,0.763,13.3,Lebanon,0
2000,49.3,543.0,1.791759469228055,3.1,3.429660588488907,17.0,6.493753839851686,24.9,2.0794415416798357,82.0,6.92,83.0,29.8,6.165039185066309,14.440753559910346,11.5,11.6,0.445,9.6,Lesotho,0
2001,47.8,586.0,1.791759469228055,2.86,3.6781185150842153,17.0,5.384495062789089,25.4,2.0794415416798357,78.0,7.53,78.0,31.2,6.084087446679693,14.449945412104881,11.1,11.1,0.443,10.3,Lesotho,0
2002,46.4,622.0,1.791759469228055,2.95,1.511731035043243,17.0,0.0,25.9,2.0794415416798357,84.0,6.91,84.0,32.5,3.8896536669452524,12.166879531996019,1.6,1.6,0.446,10.4,Lesotho,0
2003,45.5,648.0,1.791759469228055,1.99,1.840692804259161,17.0,0.6931471805599453,26.4,2.0794415416798357,9.0,7.13,9.0,33.8,4.168775847580665,12.16471925984664,1.2,1.1,0.44,10.5,Lesotho,0
2004,44.8,666.0,1.791759469228055,1.8,4.2328538098679624,6.0,3.4657359027997265,26.9,2.0794415416798357,89.0,6.96,9.0,34.6,6.662512572208451,14.47496082108194,9.7,9.7,0.439,10.7,Lesotho,0
2005,44.5,675.0,1.791759469228055,2.67,4.075903864918096,87.0,0.0,27.4,1.9459101490553132,88.0,6.3,89.0,34.8,6.76151062775297,14.483106057039809,9.3,9.2,0.437,10.7,Lesotho,0
2006,45.3,654.0,1.791759469228055,2.61,4.278827338702971,91.0,0.6931471805599453,27.9,1.9459101490553132,88.0,7.12,89.0,34.1,6.820862899275686,14.491340150957527,8.8,8.7,0.437,10.7,Lesotho,0
2007,46.2,633.0,1.6094379124341003,2.69,2.3208499866228194,9.0,1.0986122886681098,28.3,1.9459101490553132,87.0,8.47,88.0,30.0,6.823756867903228,14.499762291085847,8.4,8.3,0.44,10.6,Lesotho,0
2008,47.8,592.0,1.791759469228055,2.75,4.531031896728657,88.0,0.0,28.8,1.9459101490553132,86.0,8.85,88.0,27.3,6.841004780425328,12.206042645080165,8.0,7.8,0.447,10.7,Lesotho,0
2009,49.4,566.0,1.6094379124341003,2.75,4.656950856988363,91.0,0.0,29.2,1.9459101490553132,89.0,9.8,91.0,18.2,6.828860254385023,9.995610841411933,7.6,7.4,0.453,10.8,Lesotho,0
2010,51.1,527.0,1.6094379124341003,2.71,5.049026174572083,93.0,7.819636302367592,29.7,1.9459101490553132,92.0,1.87,93.0,13.4,7.068395246335635,10.108548596299572,7.2,7.0,0.464,10.9,Lesotho,0
2011,52.3,52.0,1.6094379124341003,2.39,5.282316284314224,96.0,5.153291594497779,3.2,1.9459101490553132,95.0,11.79,96.0,10.5,7.21036364548372,12.48433675789432,6.8,6.6,0.469,11.0,Lesotho,0
2012,52.2,513.0,1.6094379124341003,0.01,5.130696616633167,95.0,5.19295685089021,3.8,1.9459101490553132,93.0,11.14,95.0,9.0,7.156579052600633,12.577391344401283,6.4,6.2,0.479,11.0,Lesotho,0
2013,52.1,518.0,1.6094379124341003,0.01,5.039185916450545,93.0,6.248042874508429,31.4,1.9459101490553132,9.0,11.7,93.0,9.6,7.087685228161152,14.565681532192167,6.1,5.9,0.484,11.1,Lesotho,0
2014,52.1,522.0,1.6094379124341003,0.01,5.094534013177475,93.0,0.0,32.0,1.9459101490553132,9.0,1.62,93.0,9.4,7.0697373963220445,14.579016476790304,5.8,5.6,0.491,10.8,Lesotho,0
2015,53.7,484.0,1.6094379124341003,0.01,0.0,93.0,0.0,32.6,1.9459101490553132,9.0,1.62,93.0,9.3,5.163807952959747,14.59237645063761,5.5,5.3,0.495,10.7,Lesotho,0
2000,51.9,39.0,2.70805020110221,4.46,2.579996914503684,64.0,8.695841342843883,2.2,3.044522437723423,56.0,5.91,46.0,3.1,5.217188647836265,14.874870106299571,9.2,9.2,0.338,8.7,Liberia,0
2001,51.5,333.0,2.70805020110221,4.4,2.874774559309018,64.0,7.22983877815125,2.4,3.044522437723423,54.0,6.41,42.0,3.1,5.165822849325231,14.911162803357003,9.0,9.0,0.386,10.5,Liberia,0
2002,56.0,371.0,2.6390573296152584,4.27,2.435748705495749,64.0,4.882801922586371,2.7,2.995732273553991,51.0,5.43,39.0,3.1,5.183384442337635,12.801783387398643,8.8,8.9,0.376,10.4,Liberia,0
2003,50.0,42.0,2.6390573296152584,4.21,2.3756914240870928,64.0,4.962844630259907,21.1,2.9444389791664403,49.0,3.44,35.0,3.2,4.901523439846937,14.95213577943047,8.7,8.7,0.373,10.3,Liberia,0
2004,54.0,329.0,2.5649493574615367,4.24,2.936974767965712,64.0,1.6094379124341003,21.5,2.8903717578961645,47.0,8.77,31.0,3.2,5.013599263196823,14.971263760319205,8.5,8.5,0.335,10.2,Liberia,0
2005,55.3,316.0,2.5649493574615367,4.19,3.1525859311860085,64.0,2.1972245773362196,22.0,2.833213344056216,66.0,8.4,6.0,3.1,5.133727199400091,12.695032956125397,8.3,8.3,0.372,10.1,Liberia,0
2006,56.7,32.0,2.4849066497880004,4.05,2.8213396904029646,64.0,3.044522437723423,22.4,2.772588722239781,66.0,1.9,6.0,3.0,5.192556715291082,15.032154443987341,8.1,8.1,0.377,10.0,Liberia,0
2007,57.9,286.0,2.3978952727983707,4.03,1.5447712309776798,64.0,0.6931471805599453,22.9,2.70805020110221,67.0,1.24,65.0,2.8,3.1078695887470813,15.071961859047873,7.9,7.8,0.383,9.9,Liberia,0
2008,58.6,281.0,2.3978952727983707,3.88,3.7143873627966935,64.0,0.6931471805599453,23.4,2.70805020110221,79.0,11.83,75.0,2.4,5.45368439204117,15.113791403757972,7.7,7.6,0.394,9.8,Liberia,0
2009,59.2,277.0,2.3978952727983707,3.75,1.88588261979185,64.0,1.9459101490553132,24.0,2.6390573296152584,84.0,14.39,81.0,2.1,3.5458023890367043,15.153540978934585,7.6,7.4,0.4,9.7,Liberia,0
2010,59.7,272.0,2.302585092994046,3.64,3.7591171142632476,47.0,7.696667081526462,24.5,2.6390573296152584,71.0,11.87,7.0,1.8,5.794311454841353,15.188751593919857,7.4,7.2,0.403,9.6,Liberia,0
2011,62.0,266.0,2.302585092994046,3.72,4.118168205660799,77.0,5.634789603169249,25.0,2.5649493574615367,77.0,11.23,77.0,1.5,5.941984300261261,10.761470975549008,7.2,7.0,0.406,9.5,Liberia,0
2012,67.0,261.0,2.302585092994046,0.01,3.893836931501209,8.0,3.784189633918261,25.6,2.5649493574615367,8.0,1.19,8.0,1.2,6.031554973297369,15.246195897198966,7.0,6.9,0.416,9.6,Liberia,0
2013,61.1,258.0,2.302585092994046,0.01,3.829704409117005,76.0,0.0,26.1,2.4849066497880004,75.0,9.25,76.0,1.1,6.120566006174876,15.270932581486413,6.8,6.7,0.419,9.8,Liberia,0
2014,58.1,329.0,2.1972245773362196,0.01,4.014109619975461,5.0,3.5553480614894135,26.7,2.4849066497880004,49.0,1.4,5.0,0.9,6.130063146540329,12.993934373995524,6.7,6.5,0.426,9.9,Liberia,0
2015,61.4,259.0,2.1972245773362196,0.01,0.0,52.0,6.966967138613983,27.3,2.4849066497880004,52.0,1.4,52.0,0.9,6.116746440363833,15.31950395121235,6.5,6.4,0.427,9.9,Liberia,0
2000,78.0,148.0,1.3862943611198906,0.01,6.127568117968941,92.0,0.0,52.8,1.3862943611198906,94.0,3.41,94.0,0.1,8.874395985177737,14.149783234468618,5.7,5.5,0.727,15.5,Libya,0
2001,71.0,147.0,1.3862943611198906,0.01,5.895454058669798,93.0,6.452048954437226,53.4,1.3862943611198906,94.0,4.6,94.0,0.1,8.743624329490062,14.149783234468618,5.6,5.5,0.732,15.7,Libya,0
2002,71.1,146.0,1.3862943611198906,0.01,3.405665674290638,91.0,8.266421472984554,54.0,1.3862943611198906,93.0,4.57,93.0,0.1,5.930765679722913,14.149783234468618,5.6,5.4,0.736,15.8,Libya,0
2003,71.3,144.0,1.3862943611198906,0.01,5.690753468244433,96.0,0.0,54.6,1.3862943611198906,95.0,4.6,95.0,0.1,8.450619006119608,14.149783234468618,5.6,5.4,0.74,16.0,Libya,0
2004,71.5,141.0,1.0986122886681098,0.01,3.490627668728487,99.0,7.927324360309794,55.3,1.3862943611198906,97.0,3.46,97.0,0.1,6.376448677892603,14.149783234468618,5.5,5.4,0.747,15.9,Libya,0
2005,71.9,138.0,1.0986122886681098,0.01,6.159739374323211,97.0,5.680172609017068,56.0,1.3862943611198906,98.0,2.71,98.0,0.1,9.008513209853056,14.149783234468618,5.5,5.4,0.748,15.7,Libya,0
2006,72.2,134.0,1.0986122886681098,0.01,6.2033759351928195,98.0,0.6931471805599453,56.7,1.3862943611198906,98.0,2.51,98.0,0.1,9.142702387714861,14.149783234468618,5.5,5.4,0.752,15.4,Libya,0
2007,72.5,132.0,1.0986122886681098,0.01,4.023187038851551,98.0,4.0943445622221,57.4,1.3862943611198906,98.0,2.63,98.0,0.1,7.038403302440208,14.149783234468618,5.5,5.4,0.756,15.1,Libya,0
2008,72.6,132.0,1.0986122886681098,0.01,6.279777671342197,98.0,2.1972245773362196,58.2,1.0986122886681098,98.0,2.4,98.0,0.1,9.5748089217176,14.149783234468618,5.5,5.4,0.757,14.8,Libya,0
2009,72.7,132.0,1.0986122886681098,0.01,4.167466499129001,98.0,5.799092654460526,59.0,1.0986122886681098,98.0,3.16,98.0,0.1,7.168559504143924,14.149783234468618,5.6,5.4,0.757,14.6,Libya,0
2010,72.8,132.0,1.0986122886681098,0.01,3.97975533268294,98.0,0.0,59.9,1.0986122886681098,98.0,3.5,98.0,0.1,7.1013152558279735,14.149783234468618,5.6,5.4,0.755,14.3,Libya,0
2011,71.3,161.0,1.0986122886681098,0.01,3.6140393510177495,98.0,0.0,6.9,1.0986122886681098,98.0,4.77,98.0,0.1,6.334255056340143,14.149783234468618,5.6,5.4,0.756,14.0,Libya,0
2012,72.9,133.0,1.0986122886681098,0.01,0.0,98.0,5.771441123130016,61.8,1.0986122886681098,98.0,4.3,98.0,0.1,6.334255056340143,14.149783234468618,5.6,5.4,0.706,13.7,Libya,0
2013,72.9,134.0,1.0986122886681098,0.01,0.0,96.0,0.0,62.8,1.0986122886681098,96.0,4.33,96.0,0.1,6.334255056340143,14.149783234468618,5.7,5.5,0.735,13.4,Libya,0
2014,72.4,143.0,1.0986122886681098,0.01,0.0,94.0,5.921578419643816,63.8,1.0986122886681098,94.0,4.97,94.0,0.1,6.334255056340143,14.149783234468618,5.7,5.5,0.73,13.4,Libya,0
2015,72.7,138.0,0.6931471805599453,0.01,0.0,97.0,4.418840607796598,64.8,1.0986122886681098,97.0,4.97,97.0,0.1,6.334255056340143,14.149783234468618,5.8,5.5,0.719,13.4,Libya,0
2000,71.6,2.0,0.0,9.87,5.924952221165367,98.0,2.995732273553991,56.9,0.0,92.0,6.46,94.0,0.1,8.10117905039859,15.06814123199483,3.4,3.4,0.745,14.0,Lithuania,1
2001,71.2,21.0,0.0,10.2,3.7812782798093876,95.0,2.0794415416798357,57.2,0.0,97.0,6.26,95.0,0.1,5.869713032758683,12.759437508507387,3.3,3.3,0.757,14.7,Lithuania,1
2002,71.4,22.0,0.0,11.0,6.333131951516674,94.0,4.6443908991413725,57.5,0.0,97.0,6.4,95.0,0.1,8.330378659026957,12.74946613200396,3.3,3.3,0.77,15.3,Lithuania,1
2003,71.6,22.0,0.0,11.29,4.406683887370807,95.0,0.6931471805599453,57.8,0.0,91.0,6.46,94.0,0.1,6.321731263899682,15.043750713738172,3.2,3.2,0.78,15.8,Lithuania,1
2004,71.6,24.0,0.0,12.1,4.348494118818518,94.0,0.6931471805599453,58.1,0.0,9.0,5.67,94.0,0.1,6.51909861123948,12.73013823287444,3.1,3.1,0.792,16.3,Lithuania,1
2005,78.0,222.0,0.0,12.3,6.818595627739261,95.0,0.6931471805599453,58.4,0.0,93.0,5.83,94.0,0.1,8.97007137626149,15.016236797898639,3.0,3.1,0.798,16.2,Lithuania,1
2006,76.0,229.0,0.0,12.7,4.766480553969516,95.0,0.6931471805599453,58.7,0.0,94.0,6.2,94.0,0.1,6.830488142843713,12.697715449879391,3.0,3.0,0.807,16.4,Lithuania,1
2007,72.0,24.0,0.0,13.4,7.366768682583988,96.0,0.0,59.0,0.0,95.0,6.22,95.0,0.1,9.417266354545337,14.988393543640937,2.9,3.0,0.812,16.4,Lithuania,1
2008,71.1,224.0,0.0,13.3,7.543882220626127,96.0,0.6931471805599453,59.3,0.0,96.0,6.61,96.0,0.1,9.613306906580993,14.978108715085588,2.9,2.9,0.82,16.5,Lithuania,1
2009,72.2,192.0,0.0,12.4,7.277613393699405,95.0,0.0,59.7,0.0,98.0,7.53,98.0,0.1,9.37910302927441,14.96700526103296,2.8,2.9,0.825,16.6,Lithuania,1
2010,72.4,188.0,0.0,12.9,7.261788406595049,94.0,1.0986122886681098,6.0,0.0,95.0,7.9,95.0,0.1,9.39148361566517,12.892404152062657,2.8,2.8,0.824,16.8,Lithuania,1
2011,72.8,18.0,0.0,12.66,7.472968376710982,95.0,2.0794415416798357,6.5,0.0,92.0,6.86,92.0,0.1,9.572113871462673,12.701122483380427,2.7,2.8,0.826,16.7,Lithuania,1
2012,73.0,176.0,0.0,15.14,7.500015995925977,93.0,0.0,6.9,0.0,93.0,6.67,93.0,0.1,9.57100586307978,14.910039186497468,2.7,2.7,0.83,16.5,Lithuania,1
2013,73.0,178.0,0.0,15.04,7.5856958311141245,93.0,3.58351893845611,61.4,0.0,93.0,6.59,93.0,0.1,9.662296098196228,14.899919116220016,2.7,2.7,0.834,16.4,Lithuania,1
2014,73.4,169.0,0.0,15.19,7.7019887337303965,94.0,2.4849066497880004,61.9,0.0,93.0,6.55,93.0,0.1,9.714502124792716,14.891320845708938,2.6,2.7,0.841,16.5,Lithuania,1
2015,73.6,165.0,0.0,15.19,0.0,94.0,3.9318256327243257,62.4,0.0,93.0,6.55,93.0,0.1,9.564752755354087,10.29187431910954,2.6,2.6,0.846,16.5,Lithuania,1
2000,77.8,98.0,0.0,13.14,9.017620593005114,77.0,0.0,54.0,0.0,99.0,7.48,99.0,0.1,10.794193681659948,8.381144346952961,1.0,1.0,0.848,13.5,Luxembourg,1
2001,78.0,96.0,0.0,12.89,8.971872064121234,86.0,0.0,54.6,0.0,99.0,7.4,99.0,0.1,10.782708169861152,12.99799218743942,1.0,1.0,0.854,13.4,Luxembourg,1
2002,78.3,95.0,0.0,12.91,6.815098481423579,95.0,0.0,55.2,0.0,99.0,8.27,99.0,0.1,8.574450484256385,13.008468771994748,1.0,0.9,0.86,13.5,Luxembourg,1
2003,78.6,92.0,0.0,12.61,9.221516612481098,95.0,0.6931471805599453,55.8,0.0,99.0,7.67,98.0,0.1,11.088994181206418,10.718055588300412,1.0,0.9,0.865,13.6,Luxembourg,1
2004,78.7,92.0,0.0,12.42,9.423276151206075,94.0,0.0,56.4,0.0,99.0,8.2,99.0,0.1,11.23476263112477,10.734133246281708,1.0,0.9,0.867,13.5,Luxembourg,1
2005,78.8,9.0,0.0,11.84,7.20581830514981,95.0,0.0,57.0,0.0,99.0,7.95,99.0,0.1,9.022889250632394,13.05013456160675,1.0,0.9,0.874,13.5,Luxembourg,1
2006,79.4,85.0,0.0,11.98,9.638642107985552,95.0,2.1972245773362196,57.5,0.0,99.0,7.75,99.0,0.1,11.404679810187183,13.066085046765759,0.9,0.9,0.88,13.5,Luxembourg,1
2007,79.7,82.0,0.0,11.75,5.591178424870783,87.0,0.0,57.9,0.0,96.0,6.8,99.0,0.1,7.389868292784891,13.081528882805948,0.9,0.9,0.877,13.5,Luxembourg,1
2008,80.0,8.0,0.0,11.53,9.850210639445613,94.0,0.6931471805599453,58.4,0.0,96.0,7.34,99.0,0.1,11.646536733279603,10.796837137108716,0.9,0.9,0.887,13.5,Luxembourg,1
2009,83.0,76.0,0.0,11.42,7.6272488628907364,95.0,0.0,58.8,0.0,96.0,8.11,99.0,0.1,9.487947055230327,13.117921526976824,0.9,0.9,0.888,13.5,Luxembourg,1
2010,86.0,73.0,0.0,11.36,7.726764854433047,94.0,0.0,59.2,0.0,96.0,7.68,99.0,0.1,9.613560361691096,10.949999203458866,0.9,0.9,0.884,13.7,Luxembourg,1
2011,88.0,72.0,0.0,11.5,9.742704056302559,95.0,1.9459101490553132,59.6,0.0,96.0,7.34,99.0,0.1,11.659296622633255,13.158402110346978,0.9,0.9,0.894,13.9,Luxembourg,1
2012,81.1,7.0,0.0,11.34,7.734376041120579,94.0,1.0986122886681098,6.1,0.0,99.0,7.18,99.0,0.1,9.726161656623235,10.895757362096592,0.9,0.9,0.892,13.9,Luxembourg,1
2013,81.4,68.0,0.0,11.02,9.649675515396726,94.0,0.0,6.5,0.0,99.0,7.1,99.0,0.1,11.641783391444381,10.90296067350638,0.9,0.9,0.892,13.9,Luxembourg,1
2014,81.7,65.0,0.0,11.12,9.69622731464943,94.0,0.0,6.9,0.0,99.0,6.94,99.0,0.1,11.688337722433909,13.229098947241688,1.0,0.9,0.892,13.9,Luxembourg,1
2015,82.0,63.0,0.0,11.12,0.0,94.0,0.0,61.3,0.0,99.0,6.94,99.0,0.1,7.090761851099512,10.950192323132216,1.0,0.9,0.896,13.9,Luxembourg,1
2000,57.9,283.0,3.8066624897703196,1.16,3.6017203542138145,51.0,10.47041937008599,13.9,4.23410650459726,58.0,5.8,57.0,0.6,5.5091440112364,14.270836368122767,8.7,8.6,0.0,8.0,Madagascar,0
2001,58.7,276.0,3.7612001156935624,1.05,3.7742154166093593,51.0,9.143986871426161,14.3,4.189654742026425,6.0,5.17,6.0,0.7,5.633201671644485,14.302207205267203,8.6,8.5,0.456,8.2,Madagascar,0
2002,59.3,271.0,3.7376696182833684,0.9,3.8821041426525866,51.0,9.286930974137896,14.7,4.1588830833596715,61.0,5.29,62.0,0.7,5.573240696677057,16.634810976330705,8.5,8.4,0.462,8.3,Madagascar,0
2003,59.9,268.0,3.713572066704308,0.93,3.6409737802550977,61.0,11.038656753177118,15.0,4.110873864173311,65.0,4.81,66.0,0.7,5.761421928426037,16.665010667329668,8.3,8.3,0.457,8.5,Madagascar,0
2004,64.0,267.0,3.6635616461296463,0.81,3.2079347198723878,71.0,10.47894856774761,15.4,4.07753744390572,74.0,4.89,78.0,0.6,5.505833798395338,14.393806775139657,8.2,8.1,0.466,8.7,Madagascar,0
2005,69.0,265.0,3.6375861597263857,0.72,3.5481180443626186,81.0,0.0,15.8,4.04305126783455,8.0,5.3,85.0,0.6,5.619747474767535,16.724416437418245,8.1,8.0,0.473,8.9,Madagascar,0
2006,61.4,263.0,3.6109179126442243,0.68,3.6742404181296275,82.0,1.0986122886681098,16.3,4.007333185232471,83.0,5.11,85.0,0.6,5.68070981282013,14.451171094352,8.0,7.9,0.478,9.0,Madagascar,0
2007,61.9,261.0,3.58351893845611,0.71,4.033007037757199,84.0,0.0,16.7,3.9512437185814275,83.0,4.98,84.0,0.6,5.937135842098257,16.782510173925235,7.9,7.8,0.483,9.1,Madagascar,0
2008,62.3,259.0,3.5553480614894135,0.68,2.0080479266503644,77.0,1.3862943611198906,17.1,3.912023005428146,77.0,4.5,77.0,0.5,3.8863616307392665,16.811066315940305,7.8,7.7,0.491,9.4,Madagascar,0
2009,62.8,254.0,3.5263605246161616,0.91,4.278969187555463,77.0,0.0,17.6,3.871201010907891,76.0,4.7,77.0,0.5,6.032340914390012,14.759074764259886,7.7,7.6,0.5,9.7,Madagascar,0
2010,63.3,248.0,3.4965075614664802,1.03,4.351624406107081,7.0,0.6931471805599453,18.0,3.828641396489095,7.0,4.86,7.0,0.5,6.025236164425894,14.564643381603965,7.6,7.5,0.503,10.2,Madagascar,0
2011,63.8,241.0,3.4657359027997265,0.97,4.379519393670371,73.0,0.0,18.5,3.784189633918261,73.0,4.24,73.0,0.4,6.122412683497365,16.894846115885503,7.5,7.4,0.504,10.2,Madagascar,0
2012,64.3,235.0,3.4339872044851463,0.87,4.110531914075696,7.0,1.0986122886681098,19.0,3.7612001156935624,71.0,3.46,7.0,0.4,6.097986862614926,16.922183578683352,7.4,7.3,0.506,10.2,Madagascar,0
2013,64.7,23.0,3.4011973816621555,0.87,4.388366804875604,74.0,1.9459101490553132,19.5,3.713572066704308,73.0,4.15,74.0,0.4,6.13713016323935,16.94931408461385,7.3,7.2,0.508,10.3,Madagascar,0
2014,65.1,225.0,3.4011973816621555,0.01,1.8467313873998068,73.0,1.3862943611198906,2.0,3.6888794541139363,73.0,3.4,73.0,0.3,6.116914103306504,14.673740728008857,7.2,7.1,0.509,10.3,Madagascar,0
2015,65.5,22.0,3.367295829986474,0.01,0.0,69.0,1.3862943611198906,2.5,3.6635616461296463,71.0,3.4,69.0,0.3,3.7578828778785454,14.700718795367232,7.1,7.1,0.511,10.3,Madagascar,0
2000,43.1,588.0,3.9512437185814275,1.18,2.692103861362172,64.0,5.720311776607412,14.1,4.442651256490317,73.0,6.7,75.0,25.5,5.038636166242581,16.24703163836382,8.0,7.9,0.391,10.7,Malawi,0
2001,43.5,599.0,3.8918202981106265,1.15,2.624495117697044,64.0,5.017279836814924,14.4,4.394449154672439,86.0,5.7,9.0,25.1,4.995599756112817,16.274745832997116,7.9,7.7,0.387,10.1,Malawi,0
2002,44.0,67.0,3.8501476017100584,1.1,1.5862500891901214,64.0,4.532599493153256,14.8,4.330733340286331,79.0,4.82,64.0,24.7,3.4333385328528636,14.0091939901676,7.7,7.6,0.388,10.4,Malawi,0
2003,44.6,613.0,3.784189633918261,1.08,1.6818173804706396,84.0,5.123963979403259,15.2,4.2626798770413155,85.0,6.35,84.0,24.2,3.3014697492652196,16.328088144955096,7.6,7.5,0.362,10.3,Malawi,0
2004,45.1,615.0,3.713572066704308,1.11,4.0798370592877085,89.0,7.018401799069201,15.5,4.189654742026425,94.0,7.82,89.0,23.4,5.617591231810061,14.052666673129023,7.5,7.4,0.366,10.0,Malawi,0
2005,46.0,66.0,3.6888794541139363,1.04,1.8977158226393058,93.0,5.220355825078324,15.9,4.143134726391533,94.0,8.2,93.0,22.4,3.3798846775737124,14.107965223454192,7.4,7.2,0.371,9.7,Malawi,0
2006,47.1,587.0,3.6635616461296463,1.18,2.060135598603125,99.0,0.6931471805599453,16.2,4.127134385045092,99.0,8.99,99.0,21.1,5.699430087077191,16.412946689852884,7.3,7.1,0.377,9.6,Malawi,0
2007,48.5,559.0,3.6375861597263857,1.18,1.6619376411769782,87.0,4.969813299576001,16.6,4.0943445622221,88.0,9.31,87.0,19.3,3.5032342019589233,14.141189036719162,7.1,7.0,0.387,9.7,Malawi,0
2008,50.0,525.0,3.6109179126442243,1.27,4.322075309447106,91.0,3.044522437723423,16.9,4.07753744390572,92.0,1.7,91.0,16.9,5.923835061858916,16.47375653090792,7.0,6.9,0.4,9.6,Malawi,0
2009,51.5,491.0,3.6109179126442243,1.16,2.1877432432068926,93.0,3.091042453358316,17.3,4.04305126783455,93.0,1.18,93.0,14.9,3.778216505250725,14.201767701929073,6.9,6.8,0.415,9.9,Malawi,0
2010,52.9,462.0,3.58351893845611,1.08,2.3728576397339163,93.0,11.684464094398713,17.6,4.007333185232471,86.0,1.5,93.0,13.7,6.130939871020689,14.232110773348616,6.8,6.7,0.43,10.2,Malawi,0
2011,54.1,441.0,3.4965075614664802,1.23,2.6930160613165435,97.0,3.295836866004329,18.0,3.9318256327243257,97.0,11.67,97.0,11.2,6.240520359134443,16.564550355540746,6.7,6.6,0.444,10.6,Malawi,0
2012,55.3,42.0,3.4657359027997265,0.01,4.428058942546403,96.0,2.4849066497880004,18.4,3.8501476017100584,95.0,12.6,96.0,8.3,5.928308589788445,12.041999567792953,6.6,6.5,0.454,10.7,Malawi,0
2013,56.7,394.0,3.4011973816621555,0.01,4.040083293190591,89.0,0.6931471805599453,18.8,3.7612001156935624,89.0,1.96,89.0,6.3,5.810908447976136,16.623535678399964,6.5,6.4,0.459,10.7,Malawi,0
2014,57.6,377.0,3.332204510175204,0.01,4.102435887812406,91.0,1.3862943611198906,19.2,3.713572066704308,87.0,11.38,91.0,5.1,5.874159073931732,14.385833957128977,6.5,6.3,0.466,10.7,Malawi,0
2015,58.3,365.0,3.295836866004329,0.01,0.0,88.0,0.0,19.6,3.6635616461296463,88.0,11.38,88.0,4.8,5.896212612707361,14.379327793160675,6.4,6.2,0.473,10.8,Malawi,0
2000,72.4,149.0,1.6094379124341003,0.54,3.1934214857178014,97.0,8.730367211692958,26.0,1.791759469228055,98.0,3.4,98.0,0.1,6.100710601772685,14.656460742991905,9.8,9.6,0.715,11.6,Malaysia,0
2001,72.7,144.0,1.6094379124341003,0.53,5.353002976471368,95.0,7.695757990554761,27.0,1.791759469228055,95.0,3.4,96.0,0.1,8.27285548738327,14.67835747421047,9.7,9.4,0.725,11.9,Malaysia,0
2002,72.9,14.0,1.6094379124341003,0.49,5.383131510179126,95.0,6.013715156042802,27.9,1.6094379124341003,94.0,3.4,94.0,0.1,8.335279004515899,17.001814099012826,9.5,9.3,0.723,12.0,Malaysia,0
2003,73.1,138.0,1.3862943611198906,0.48,5.580671318115082,95.0,6.450470422144176,28.8,1.6094379124341003,96.0,3.95,96.0,0.1,8.403951902322074,14.719272734218293,9.3,9.1,0.724,12.1,Malaysia,0
2004,73.2,137.0,1.3862943611198906,0.49,5.757841060731299,94.0,8.653470809708786,29.8,1.6094379124341003,95.0,3.74,95.0,0.1,8.508450634995807,14.738745125512837,9.2,8.9,0.731,12.7,Malaysia,0
2005,73.4,135.0,1.3862943611198906,0.46,5.699076027689388,96.0,7.249925536717988,3.7,1.6094379124341003,96.0,3.29,96.0,0.1,8.629596983963193,17.06042030034912,9.0,8.8,0.734,12.9,Malaysia,0
2006,73.6,134.0,1.3862943611198906,0.42,5.90512039601909,95.0,6.336825731146441,31.6,1.6094379124341003,95.0,3.65,95.0,0.1,8.736165327261933,17.07911371438721,8.8,8.6,0.732,12.7,Malaysia,0
2007,73.7,133.0,1.3862943611198906,0.43,6.018547598613997,96.0,5.978885764901122,32.5,1.6094379124341003,97.0,3.61,97.0,0.1,8.891535110828206,17.097392956136947,8.7,8.5,0.736,12.3,Malaysia,0
2008,73.8,132.0,1.3862943611198906,0.47,6.085528317284632,97.0,5.814130531825066,33.4,1.6094379124341003,97.0,3.47,97.0,0.1,9.049541085514997,14.812890834002783,8.5,8.3,0.747,12.5,Malaysia,0
2009,74.0,131.0,1.3862943611198906,0.47,6.069686938703342,96.0,5.0369526024136295,34.4,1.6094379124341003,97.0,3.97,97.0,0.1,8.899423030609352,14.832690062138475,8.3,8.2,0.756,12.6,Malaysia,0
2010,74.1,131.0,1.3862943611198906,0.49,4.198202899474689,96.0,4.30406509320417,35.3,1.6094379124341003,96.0,3.99,96.0,0.1,6.8797230076092415,17.151717405235146,8.2,8.0,0.764,12.8,Malaysia,0
2011,74.3,13.0,1.3862943611198906,0.51,2.32532715278525,96.0,7.358830898342354,36.3,1.6094379124341003,96.0,3.89,96.0,0.1,4.984470631905648,17.170144808776374,8.0,7.8,0.774,13.0,Malaysia,0
2012,74.5,129.0,1.3862943611198906,0.53,4.630928035889734,97.0,7.533158807455563,37.4,1.6094379124341003,97.0,4.1,97.0,0.1,7.48464748642824,14.886222904388132,7.9,7.7,0.776,12.9,Malaysia,0
2013,74.6,128.0,1.3862943611198906,0.53,4.715619471764511,96.0,5.278114659230517,38.5,1.6094379124341003,97.0,4.2,97.0,0.1,7.540769377525164,14.906334260857058,7.8,7.6,0.779,12.9,Malaysia,0
2014,74.8,126.0,1.6094379124341003,0.52,6.582531303290787,96.0,5.402677381872279,39.5,1.6094379124341003,97.0,4.17,97.0,0.1,9.3223254684647,12.684843975905068,7.6,7.4,0.783,13.0,Malaysia,0
2015,75.0,123.0,1.6094379124341003,0.52,0.0,99.0,7.1846291527173145,4.6,1.6094379124341003,99.0,4.17,99.0,0.1,9.174158085158906,15.130082253669187,7.5,7.3,0.787,13.1,Malaysia,0
2000,69.6,139.0,0.0,1.83,5.7076486666284225,96.0,3.044522437723423,15.2,0.0,98.0,8.0,98.0,0.1,7.688912013603847,5.659482215759621,14.8,14.8,0.577,11.3,Maldives,0
2001,78.0,129.0,0.0,1.98,3.7449499103842836,98.0,0.0,15.6,0.0,97.0,5.84,98.0,0.1,5.70270182429721,5.680172609017068,14.7,14.8,0.587,11.8,Maldives,0
2002,71.8,124.0,0.0,1.95,1.6675281993232343,98.0,6.831953565565855,16.2,0.0,98.0,5.78,98.0,0.1,3.5077289114152674,5.697093486505405,14.6,14.7,0.597,12.0,Maldives,0
2003,72.7,112.0,0.0,1.75,6.199490177963379,98.0,4.330733340286331,16.7,0.0,98.0,5.9,98.0,0.1,8.141261984559979,3.5553480614894135,14.6,14.7,0.601,11.8,Maldives,0
2004,73.4,16.0,0.0,1.6,6.418217056487087,97.0,3.6375861597263857,17.3,0.0,96.0,5.89,96.0,0.1,8.25695337351326,5.746203190540153,14.5,14.6,0.617,12.2,Maldives,0
2005,74.3,93.0,0.0,1.47,6.432862743927902,98.0,7.241366283322318,18.0,0.0,98.0,9.52,98.0,0.1,8.15751195281297,5.7745515455444085,14.4,14.5,0.625,12.1,Maldives,0
2006,75.0,88.0,0.0,1.62,6.49352675173933,98.0,3.871201010907891,18.7,0.0,98.0,7.37,98.0,0.1,8.39604715927094,5.811140992976701,14.3,14.5,0.622,12.0,Maldives,0
2007,75.4,82.0,0.0,1.78,2.013767522508313,98.0,3.044522437723423,19.5,0.0,98.0,6.64,98.0,0.1,3.9864305112885963,5.857933154483459,14.3,14.4,0.632,11.9,Maldives,0
2008,75.9,81.0,0.0,1.76,6.983523101108116,98.0,0.0,2.3,0.0,98.0,9.3,98.0,0.1,8.670707332810172,5.8944028342648505,14.2,14.3,0.641,11.8,Maldives,0
2009,76.3,75.0,0.0,1.59,4.620088561585715,98.0,1.9459101490553132,21.2,0.0,98.0,9.22,98.0,0.1,6.393868140224666,3.6109179126442243,14.1,14.2,0.651,11.8,Maldives,0
2010,76.7,73.0,0.0,1.83,4.52330610024544,97.0,0.0,22.1,0.0,97.0,7.93,96.0,0.1,6.4533020806184656,5.908082938168931,14.0,14.1,0.653,11.6,Maldives,0
2011,77.3,67.0,0.0,1.92,6.985543335454197,96.0,0.0,23.1,0.0,96.0,8.11,96.0,0.1,8.779335035765593,5.934894195619588,13.9,14.0,0.663,11.8,Maldives,0
2012,77.6,65.0,0.0,0.01,7.139613051738394,99.0,0.0,24.1,0.0,99.0,9.16,99.0,0.1,8.78611231042363,5.955837369464831,13.8,13.9,0.675,12.1,Maldives,0
2013,77.9,64.0,0.0,0.01,7.3948564007774085,99.0,0.0,25.1,0.0,99.0,11.16,99.0,0.1,8.869726575925158,5.976350909297934,13.7,13.8,0.683,12.4,Maldives,0
2014,78.2,62.0,0.0,0.01,7.626934961884006,99.0,0.0,26.2,0.0,99.0,13.73,99.0,0.1,8.95121226051245,3.7376696182833684,13.6,13.7,0.693,12.7,Maldives,0
2015,78.5,61.0,0.0,0.01,0.0,99.0,0.0,27.4,0.0,99.0,13.73,99.0,0.1,9.0356041970537,10.802916927334872,13.6,13.6,0.701,12.7,Maldives,0
2000,49.8,37.0,4.110873864173311,0.47,3.2166762571918652,79.0,7.364547014255642,15.6,4.718498871295094,53.0,6.29,43.0,2.5,5.599711434304669,12.189790812955891,11.0,1.9,0.291,4.4,Mali,0
2001,55.0,34.0,4.110873864173311,0.51,1.685636758914407,79.0,8.4040244933106,16.1,4.709530201312334,56.0,6.39,49.0,2.4,3.6335602693254008,16.239716557004048,1.8,1.7,0.297,4.6,Mali,0
2002,51.2,31.0,4.110873864173311,0.53,1.542542645150707,79.0,6.576469569048224,16.5,4.6913478822291435,65.0,6.32,61.0,2.3,5.814799442382866,16.269866071643634,1.5,1.5,0.308,4.9,Mali,0
2003,52.0,299.0,4.0943445622221,0.54,2.03607096073395,79.0,5.4510384535657,17.0,4.672828834461906,67.0,6.25,63.0,2.2,5.97327837918711,11.737100484138523,1.3,1.2,0.318,5.2,Mali,0
2004,52.8,296.0,4.07753744390572,0.49,4.062448722071939,73.0,5.153291594497779,17.5,4.6443908991413725,7.0,6.28,69.0,2.0,6.087586425577613,14.029974147165145,1.1,1.0,0.333,5.5,Mali,0
2005,53.6,29.0,4.060443010546419,0.55,4.114345068795094,83.0,3.5263605246161616,18.0,4.624972813284271,78.0,6.34,77.0,1.9,6.1922450101818125,16.364859161727388,9.9,9.7,0.338,5.8,Mali,0
2006,54.3,288.0,4.060443010546419,0.53,4.229883205241819,9.0,4.859812404361672,18.5,4.59511985013459,79.0,6.56,78.0,1.8,6.25889782623132,14.09523480071342,9.7,9.5,0.35,6.1,Mali,0
2007,55.0,282.0,4.04305126783455,0.55,4.416917080690673,74.0,1.0986122886681098,19.0,4.574710978503383,76.0,6.97,74.0,1.7,6.391308606514294,14.12854380659362,9.4,9.3,0.363,6.4,Mali,0
2008,55.5,278.0,4.02535169073515,0.57,4.636100614110914,74.0,4.59511985013459,19.6,4.553876891600541,74.0,6.74,74.0,1.6,6.537674335994972,16.464392114300864,9.2,9.0,0.36,5.8,Mali,0
2009,56.0,276.0,4.02535169073515,0.59,4.45008694604512,71.0,7.986164860332727,2.2,4.543294782270004,77.0,6.85,73.0,1.6,6.548438454061284,14.198455990942556,9.0,8.8,0.385,7.1,Mali,0
2010,56.5,273.0,4.007333185232471,0.6,2.35949311269911,72.0,7.450079569807499,2.7,4.5217885770490405,77.0,6.35,73.0,1.5,4.3742166157182245,11.967726619972767,8.8,8.5,0.396,7.3,Mali,0
2011,56.8,271.0,4.007333185232471,0.61,4.63289623792369,66.0,3.2188758248682006,21.3,4.51085950651685,72.0,6.59,66.0,1.5,6.729692616210553,14.256979672706626,8.5,8.3,0.404,7.5,Mali,0
2012,57.2,27.0,3.9889840465642745,0.01,4.580330035189494,66.0,5.834810737062605,21.9,4.48863636973214,72.0,6.47,66.0,1.5,6.657173322549646,9.721245992542345,8.3,8.1,0.411,7.7,Mali,0
2013,57.3,275.0,3.9889840465642745,0.01,3.6339226992843012,69.0,5.402677381872279,22.5,4.465908118654584,7.0,6.58,69.0,1.6,6.657573387853142,16.617525731454585,8.1,7.9,0.421,8.0,Mali,0
2014,57.8,272.0,3.970291913552122,0.01,3.862040782158501,73.0,5.673323267171493,23.2,4.454347296253507,74.0,6.86,73.0,1.6,6.717288227336221,16.64653603980622,7.9,7.7,0.43,8.2,Mali,0
2015,58.2,266.0,3.970291913552122,0.01,0.0,64.0,5.375278407684165,23.8,4.442651256490317,66.0,6.86,64.0,1.5,6.59403765453372,14.373293810689386,7.7,7.5,0.438,8.4,Mali,0
2000,77.5,8.0,0.0,5.59,4.907898927161291,89.0,1.0986122886681098,62.3,0.0,94.0,6.83,94.0,0.1,7.039279120323399,8.291045131081729,0.8,0.7,0.779,13.8,Malta,1
2001,77.8,79.0,0.0,5.62,4.875312118901949,89.0,1.0986122886681098,62.8,0.0,95.0,7.11,95.0,0.1,7.023568696213011,10.579717439219063,0.7,0.7,0.783,13.7,Malta,1
2002,78.2,75.0,0.0,5.73,7.348420482870309,89.0,2.0794415416798357,63.4,0.0,95.0,7.86,95.0,0.1,9.379655983612215,12.88909372979111,0.7,0.7,0.786,13.8,Malta,1
2003,78.5,71.0,0.0,6.7,7.426187562417589,89.0,1.6094379124341003,63.9,0.0,94.0,8.6,94.0,0.1,9.524493230496246,12.895671036578872,0.7,0.7,0.79,13.8,Malta,1
2004,78.7,69.0,0.0,6.53,5.319666590873676,85.0,1.6094379124341003,64.5,0.0,89.0,8.46,89.0,0.1,7.326827193199469,10.627866891777025,0.7,0.7,0.797,14.2,Malta,1
2005,79.0,67.0,0.0,6.41,7.71781208811174,85.0,1.9459101490553132,65.0,0.0,94.0,8.83,92.0,0.1,9.67006299924683,10.688187864022686,0.7,0.7,0.805,14.8,Malta,1
2006,79.3,66.0,0.0,8.84,7.775569711746069,86.0,0.6931471805599453,65.6,0.0,83.0,8.93,85.0,0.1,9.721519965087632,8.420462002456466,0.7,0.7,0.809,14.8,Malta,1
2007,79.6,65.0,0.0,7.45,7.855501387831374,82.0,1.0986122886681098,66.1,0.0,76.0,8.36,74.0,0.1,9.871819862553187,10.752034632323763,0.7,0.7,0.808,14.4,Malta,1
2008,80.0,64.0,0.0,7.14,7.8847924827545866,86.0,0.6931471805599453,66.6,0.0,72.0,8.15,72.0,0.1,9.995600216640488,10.807300762899171,0.7,0.7,0.813,14.6,Malta,1
2009,82.0,63.0,0.0,7.38,5.818651808269174,86.0,0.6931471805599453,67.1,0.0,73.0,8.33,73.0,0.1,7.892296106820459,12.929938150001266,0.8,0.7,0.815,14.4,Malta,1
2010,83.0,62.0,0.0,7.91,5.631458006344329,75.0,0.0,67.6,0.0,76.0,8.3,76.0,0.1,7.691106301438446,10.632460266065506,0.8,0.7,0.819,14.6,Malta,1
2011,87.0,59.0,0.0,6.91,8.189324327382314,82.0,1.3862943611198906,68.0,0.0,96.0,9.6,96.0,0.1,10.03551737461766,12.939086964880705,0.8,0.7,0.826,14.8,Malta,1
2012,81.0,58.0,0.0,7.67,5.841000299448989,93.0,0.0,68.4,0.0,99.0,9.95,99.0,0.1,7.693884294490396,12.946713912618431,0.8,0.7,0.821,14.1,Malta,1
2013,81.1,57.0,0.0,8.58,5.9277116594129575,94.0,0.0,68.8,0.0,99.0,9.89,99.0,0.1,7.780799746834562,12.956013590120072,0.8,0.7,0.828,14.2,Malta,1
2014,81.4,55.0,0.0,8.49,6.017619564984247,9.0,0.0,69.2,0.0,99.0,9.75,99.0,0.1,7.870901348264555,12.965393728013272,0.8,0.8,0.847,14.3,Malta,1
2015,81.7,54.0,0.0,8.49,0.0,95.0,1.0986122886681098,69.6,0.0,97.0,9.75,97.0,0.1,10.078300305356336,12.975891473504072,0.8,0.8,0.853,14.6,Malta,1
2000,60.0,23.0,2.0794415416798357,0.03,2.2611973376279675,42.0,0.0,21.1,2.4849066497880004,58.0,5.26,51.0,1.1,6.170606312051427,12.540256551633375,1.9,1.7,0.443,6.4,Mauritania,0
2001,61.0,229.0,2.0794415416798357,0.01,3.3939124105796803,42.0,7.243512974665482,21.7,2.5649493574615367,75.0,4.34,75.0,1.2,6.142531386784359,12.541580131214536,1.7,1.5,0.444,6.5,Mauritania,0
2002,62.0,228.0,2.0794415416798357,0.02,1.6318236205066794,42.0,6.784457062637643,22.3,2.5649493574615367,91.0,5.31,89.0,1.2,3.8702470602082406,14.870947042407638,1.5,1.3,0.446,6.5,Mauritania,0
2003,63.0,226.0,2.1972245773362196,0.01,3.422753666153954,42.0,8.192016914536875,22.9,2.5649493574615367,75.0,4.53,76.0,1.3,6.27209672673534,14.899725703347853,1.3,1.1,0.447,6.6,Mauritania,0
2004,64.0,224.0,2.1972245773362196,0.01,1.79238975055904,42.0,8.525161361065415,23.6,2.5649493574615367,68.0,4.7,7.0,1.3,4.1517842901932225,12.74497247492367,1.0,9.8,0.451,6.7,Mauritania,0
2005,66.0,223.0,2.1972245773362196,0.01,4.027525588784179,42.0,4.852030263919617,24.2,2.5649493574615367,71.0,4.21,71.0,1.3,6.549286153461804,10.353702929382365,9.8,9.6,0.461,7.2,Mauritania,0
2006,69.0,221.0,2.1972245773362196,0.01,4.039507622674332,68.0,3.1354942159291497,24.8,2.5649493574615367,68.0,3.21,68.0,1.3,6.851327616784041,12.684335820621712,9.6,9.4,0.466,7.2,Mauritania,0
2007,61.2,219.0,2.1972245773362196,0.02,2.122740552261238,74.0,2.4849066497880004,25.5,2.5649493574615367,75.0,3.54,75.0,1.3,4.73893855053255,15.013263861228538,9.4,9.1,0.475,7.4,Mauritania,0
2008,61.4,217.0,2.1972245773362196,0.02,4.13935995932694,74.0,1.6094379124341003,26.1,2.5649493574615367,73.0,3.23,74.0,1.3,7.063506696088449,12.758640799992955,9.2,8.9,0.475,7.2,Mauritania,0
2009,61.7,215.0,2.1972245773362196,0.01,2.4969210955891046,64.0,5.777652323222656,26.8,2.5649493574615367,63.0,3.79,64.0,1.2,4.9961205293793824,12.783497478257402,8.9,8.7,0.476,7.1,Mauritania,0
2010,62.0,214.0,2.1972245773362196,0.01,2.23570514464058,64.0,7.164720378771857,27.4,2.5649493574615367,52.0,3.28,64.0,1.2,4.823370941790145,12.820025092118572,8.7,8.5,0.484,7.6,Mauritania,0
2011,62.2,212.0,2.1972245773362196,0.01,4.385477979924001,75.0,5.459585514144159,28.1,2.5649493574615367,73.0,2.87,75.0,1.2,7.240120230099717,15.128608492884625,8.5,8.3,0.487,7.7,Mauritania,0
2012,62.5,29.0,2.1972245773362196,0.01,4.150790985471708,8.0,3.58351893845611,28.8,2.5649493574615367,8.0,3.36,8.0,1.2,7.219117557811584,12.85641670376481,8.3,8.1,0.491,7.8,Mauritania,0
2013,62.7,28.0,2.1972245773362196,0.01,2.290540970868982,8.0,4.143134726391533,29.4,2.5649493574615367,8.0,3.63,8.0,1.1,4.987560302451366,12.885673487343764,8.1,7.9,0.501,8.2,Mauritania,0
2014,63.0,26.0,2.1972245773362196,0.01,4.405826141490824,84.0,2.70805020110221,3.1,2.5649493574615367,84.0,3.77,84.0,0.9,7.1911799164052645,10.744903864764554,8.0,7.7,0.509,8.5,Mauritania,0
2015,63.1,25.0,2.1972245773362196,0.01,0.0,73.0,0.6931471805599453,3.8,2.5649493574615367,67.0,3.77,73.0,0.9,7.055534103588111,15.246381934680077,7.8,7.5,0.513,8.5,Mauritania,0
2000,71.0,177.0,0.0,4.6,5.821035985250043,88.0,0.0,25.3,0.0,88.0,3.78,88.0,0.1,8.259024390072387,13.986833517999623,8.1,8.1,0.667,12.1,Mauritius,0
2001,71.5,177.0,0.0,4.38,4.2648657933675675,92.0,0.0,25.8,0.0,93.0,3.87,92.0,0.1,8.240960563736454,13.99473398717999,8.0,8.0,0.673,12.2,Mauritius,0
2002,71.5,179.0,0.0,4.14,5.915208875490272,88.0,0.0,26.4,0.0,88.0,4.24,88.0,0.1,8.28362371857354,11.733040434757749,7.9,7.9,0.683,12.5,Mauritius,0
2003,71.5,174.0,0.0,4.08,6.013175308639919,97.0,6.656726524178391,26.9,0.0,99.0,4.15,99.0,0.1,8.439090589619607,11.706335318749604,7.9,7.8,0.687,12.6,Mauritius,0
2004,71.9,168.0,0.0,4.16,6.235175128194226,98.0,3.367295829986474,27.5,0.0,98.0,4.29,98.0,0.1,8.56233417933844,9.41033811378308,7.8,7.7,0.696,12.8,Mauritius,0
2005,72.1,168.0,0.0,3.94,6.175708021875499,97.0,2.0794415416798357,28.0,0.0,97.0,4.47,97.0,0.1,8.54041237562932,14.021105020855094,7.7,7.6,0.704,13.0,Mauritius,0
2006,71.8,165.0,0.0,3.73,6.22135428087603,97.0,1.3862943611198906,28.6,0.0,98.0,4.38,97.0,0.1,8.647689615404115,14.0257690523262,7.6,7.5,0.713,13.4,Mauritius,0
2007,72.9,161.0,0.0,3.24,6.369069086041864,97.0,2.6390573296152584,29.1,0.0,96.0,4.24,97.0,0.1,8.791129371181722,11.727746479854769,7.5,7.4,0.72,13.5,Mauritius,0
2008,72.7,166.0,0.0,2.49,2.034572632456343,99.0,2.5649493574615367,29.7,0.0,99.0,4.6,99.0,0.1,4.438347892641061,14.03394061821219,7.4,7.3,0.728,13.6,Mauritius,0
2009,72.8,166.0,0.0,2.83,6.4381294708330215,99.0,2.772588722239781,3.2,0.0,99.0,4.97,99.0,0.1,8.898246256937252,14.036595992809012,7.3,7.3,0.734,13.8,Mauritius,0
2010,73.3,163.0,0.0,2.95,0.10260710419715835,99.0,2.5649493574615367,3.7,0.0,99.0,5.29,99.0,0.2,2.2381993068585566,7.134890851565884,7.2,7.2,0.74,14.0,Mauritius,0
2011,73.6,158.0,0.0,3.03,6.824164131787131,98.0,1.0986122886681098,31.3,0.0,98.0,5.2,98.0,0.1,9.126770671435972,11.7380270979906,7.1,7.1,0.748,14.1,Mauritius,0
2012,73.9,154.0,0.0,0.01,6.820219314056677,98.0,0.0,31.8,0.0,98.0,4.76,98.0,0.1,9.136933589823592,14.043349468805042,7.1,7.0,0.756,14.3,Mauritius,0
2013,74.1,147.0,0.0,0.01,6.82270665961383,98.0,0.0,32.3,0.0,98.0,4.82,98.0,0.1,9.17349639215327,14.04555345396946,7.0,7.0,0.765,14.7,Mauritius,0
2014,74.2,148.0,0.0,0.01,4.755987558227454,97.0,0.0,32.8,0.0,98.0,4.81,97.0,0.1,7.051802132347808,11.751430423397137,7.0,6.9,0.769,14.7,Mauritius,0
2015,74.6,146.0,0.0,0.01,0.0,97.0,0.0,33.3,0.0,98.0,4.81,97.0,0.1,9.132715772654008,11.746146071780966,6.9,6.8,0.779,15.2,Mauritius,0
2000,74.8,129.0,4.02535169073515,4.99,2.418446388178388,97.0,3.4339872044851463,52.4,4.204692619390966,97.0,4.98,97.0,0.1,6.513113086261035,16.27677952602662,2.0,1.9,0.694,11.4,Mexico,0
2001,75.0,126.0,3.970291913552122,4.86,2.661035132917276,97.0,1.3862943611198906,53.2,4.143134726391533,97.0,5.35,97.0,0.1,6.5962979538366975,11.826048650303937,1.9,1.9,0.7,11.6,Mexico,0
2002,75.0,127.0,3.912023005428146,4.77,2.579153559976024,97.0,0.0,54.1,4.07753744390572,98.0,5.52,97.0,0.1,6.576221488139424,14.177071844263734,1.9,1.8,0.703,11.6,Mexico,0
2003,75.0,127.0,3.8501476017100584,4.88,6.66211849450598,98.0,3.8066624897703196,54.9,4.02535169073515,98.0,6.2,98.0,0.1,8.817741979567426,14.263047439293842,1.9,1.8,0.708,11.9,Mexico,0
2004,75.4,124.0,3.8066624897703196,4.9,6.826359101573198,98.0,4.174387269895637,55.7,3.970291913552122,98.0,6.11,98.0,0.1,8.881919169626334,16.648464103569914,1.8,1.8,0.714,12.1,Mexico,0
2005,75.3,126.0,3.7612001156935624,4.93,6.907104872413634,98.0,1.9459101490553132,56.4,3.912023005428146,98.0,6.4,98.0,0.1,8.985670461242888,16.731779027081245,1.8,1.7,0.719,12.2,Mexico,0
2006,75.8,125.0,3.713572066704308,5.11,6.888831085038382,98.0,3.1780538303479458,57.2,3.871201010907891,98.0,5.83,98.0,0.1,9.078969224911553,13.991461029091216,1.8,1.7,0.723,12.2,Mexico,0
2007,76.0,123.0,3.6635616461296463,5.35,4.670467292139782,98.0,0.0,57.9,3.828641396489095,98.0,5.92,98.0,0.1,6.839842203234448,18.53254717318386,1.7,1.7,0.731,12.3,Mexico,0
2008,75.6,127.0,3.6375861597263857,5.36,5.080641505136768,97.0,0.0,58.7,3.784189633918261,96.0,6.6,96.0,0.1,9.178904282342804,16.246153717222448,1.7,1.6,0.735,12.3,Mexico,0
2009,75.7,13.0,3.6109179126442243,5.27,6.783026665333264,95.0,0.0,59.4,3.7612001156935624,95.0,6.6,95.0,0.1,8.955334994658374,16.26264861975473,1.7,1.6,0.738,12.5,Mexico,0
2010,75.6,127.0,3.58351893845611,5.21,6.941228484697452,93.0,0.0,6.1,3.713572066704308,95.0,6.39,95.0,0.1,9.100590394042271,18.580406783962626,1.6,1.6,0.739,12.5,Mexico,0
2011,76.1,124.0,3.5553480614894135,5.3,7.019472038155404,98.0,1.3862943611198906,6.8,3.6888794541139363,97.0,6.4,97.0,0.1,9.193750791589931,11.694563454852213,1.6,1.6,0.745,12.6,Mexico,0
2012,76.3,123.0,3.5263605246161616,5.29,4.733532494386194,99.0,0.0,61.5,3.6635616461296463,99.0,6.21,99.0,0.1,6.891150755735209,14.064585369062737,1.6,1.5,0.748,12.7,Mexico,0
2013,76.6,12.0,3.4965075614664802,5.23,5.019983958836148,82.0,0.0,62.1,3.6375861597263857,83.0,6.3,83.0,0.1,7.170017738267656,18.623915177500486,1.6,1.5,0.753,12.9,Mexico,0
2014,76.6,122.0,3.4657359027997265,5.26,5.130926311025658,84.0,1.3862943611198906,62.8,3.6109179126442243,87.0,6.3,87.0,0.1,7.281576739601776,14.032408244410572,1.6,1.5,0.754,13.1,Mexico,0
2015,76.7,122.0,3.4339872044851463,5.26,0.0,82.0,0.0,63.5,3.58351893845611,87.0,6.3,87.0,0.1,9.12086725765063,16.348409434606765,1.5,1.5,0.758,13.3,Mexico,0
2000,67.0,185.0,0.0,2.23,0.0,87.0,0.0,61.5,0.0,85.0,7.88,85.0,0.1,7.1137238128557545,14.149783234468618,0.3,0.3,0.0,0.0,Micronesia (Federated States of),0
2001,67.2,183.0,0.0,2.82,0.0,81.0,0.0,62.0,0.0,79.0,8.58,75.0,0.1,7.1137238128557545,14.149783234468618,0.3,0.2,0.604,10.1,Micronesia (Federated States of),0
2002,66.2,21.0,0.0,2.78,0.0,85.0,0.0,62.4,0.0,84.0,8.2,84.0,0.1,7.1137238128557545,14.149783234468618,0.2,0.2,0.608,10.2,Micronesia (Federated States of),0
2003,67.5,18.0,0.0,3.15,0.0,89.0,0.0,62.8,0.0,88.0,9.69,92.0,0.1,7.1137238128557545,14.149783234468618,0.2,0.2,0.612,10.4,Micronesia (Federated States of),0
2004,67.7,179.0,0.0,2.02,0.0,8.0,0.0,63.2,0.0,82.0,1.64,78.0,0.1,7.1137238128557545,14.149783234468618,0.2,0.2,0.616,10.5,Micronesia (Federated States of),0
2005,67.9,178.0,0.0,1.9,0.0,91.0,0.0,63.6,0.0,94.0,12.11,94.0,0.1,7.1137238128557545,14.149783234468618,0.2,0.2,0.617,10.7,Micronesia (Federated States of),0
2006,68.0,176.0,0.0,1.73,0.0,84.0,0.0,64.1,0.0,81.0,11.92,67.0,0.1,7.1137238128557545,14.149783234468618,0.2,0.2,0.622,10.9,Micronesia (Federated States of),0
2007,68.2,175.0,0.0,1.64,0.0,9.0,0.0,64.7,0.0,79.0,11.99,79.0,0.1,7.1137238128557545,14.149783234468618,0.2,0.2,0.625,11.0,Micronesia (Federated States of),0
2008,68.4,174.0,0.0,1.97,0.0,89.0,0.0,65.2,0.0,88.0,12.94,85.0,0.1,7.1137238128557545,14.149783234468618,0.2,0.2,0.628,11.2,Micronesia (Federated States of),0
2009,68.5,172.0,0.0,2.06,0.0,89.0,0.0,65.8,0.0,81.0,13.44,91.0,0.1,7.1137238128557545,14.149783234468618,0.2,0.2,0.629,11.4,Micronesia (Federated States of),0
2010,68.7,171.0,0.0,1.76,0.0,88.0,0.0,66.4,0.0,85.0,13.83,85.0,0.1,7.1137238128557545,14.149783234468618,0.2,0.2,0.633,11.5,Micronesia (Federated States of),0
2011,68.9,169.0,0.0,1.89,0.0,83.0,0.0,67.0,0.0,83.0,13.76,84.0,0.1,7.1137238128557545,14.149783234468618,0.2,0.2,0.638,11.7,Micronesia (Federated States of),0
2012,69.0,168.0,0.0,2.98,0.0,82.0,0.0,67.5,0.0,81.0,12.77,81.0,0.1,7.1137238128557545,14.149783234468618,0.2,0.2,0.64,11.7,Micronesia (Federated States of),0
2013,69.2,166.0,0.0,1.67,0.0,83.0,0.0,68.1,0.0,81.0,13.38,81.0,0.1,7.1137238128557545,14.149783234468618,0.2,0.2,0.641,11.7,Micronesia (Federated States of),0
2014,69.4,164.0,0.0,1.58,0.0,81.0,4.948759890378168,68.7,0.0,76.0,13.71,77.0,0.1,7.1137238128557545,14.149783234468618,0.2,0.2,0.639,11.7,Micronesia (Federated States of),0
2015,69.4,166.0,0.0,1.58,0.0,78.0,0.0,69.4,0.0,71.0,13.71,72.0,0.1,7.1137238128557545,14.149783234468618,0.2,0.2,0.637,11.7,Micronesia (Federated States of),0
2000,62.8,274.0,1.0986122886681098,2.79,4.05059096572509,93.0,6.8308742346461795,38.5,1.3862943611198906,94.0,4.92,94.0,0.1,6.163763831838145,14.689910808022212,2.6,2.6,0.582,8.9,Mongolia,0
2001,63.2,266.0,1.0986122886681098,2.87,4.140738509024288,95.0,9.275940829060131,39.1,1.3862943611198906,95.0,5.45,95.0,0.1,6.263676174446737,14.699185945126581,2.5,2.6,0.588,9.4,Mongolia,0
2002,63.8,263.0,1.0986122886681098,2.43,4.03616413501024,98.0,7.095064377287131,39.8,1.0986122886681098,98.0,5.81,98.0,0.1,6.350045625717198,14.70900747339312,2.4,2.5,0.599,10.1,Mongolia,0
2003,64.0,271.0,1.0986122886681098,1.31,4.044048389490847,98.0,2.9444389791664403,4.5,1.0986122886681098,98.0,6.18,98.0,0.1,6.473213453185995,14.719440002965086,2.4,2.5,0.609,10.5,Mongolia,0
2004,64.0,284.0,1.0986122886681098,1.75,4.307323358073162,98.0,0.0,41.3,1.0986122886681098,99.0,5.99,99.0,0.1,6.6831578503002325,14.730533686769018,2.3,2.4,0.621,11.2,Mongolia,0
2005,64.5,274.0,1.0986122886681098,2.75,4.602001967580178,98.0,0.0,42.1,1.0986122886681098,99.0,5.9,99.0,0.1,6.9075779303567995,14.74232452585702,2.3,2.4,0.637,11.8,Mongolia,0
2006,65.0,271.0,1.0986122886681098,2.91,4.813164756735725,98.0,3.295836866004329,43.0,1.0986122886681098,98.0,4.68,99.0,0.1,7.197174763259521,12.452201987789408,2.2,2.4,0.649,12.7,Mongolia,0
2007,65.9,26.0,1.0986122886681098,3.79,4.8496689547847645,98.0,2.5649493574615367,43.9,1.0986122886681098,99.0,5.6,95.0,0.1,7.399896008275815,12.465231779048716,2.2,2.4,0.661,13.0,Mongolia,0
2008,67.4,225.0,1.0986122886681098,4.26,5.204074423244188,96.0,3.4657359027997265,44.9,1.0986122886681098,95.0,5.58,96.0,0.1,7.66885341622427,14.781783885635742,2.2,2.3,0.673,13.4,Mongolia,0
2009,66.9,235.0,0.6931471805599453,4.61,4.906517659075534,97.0,2.1972245773362196,45.9,1.0986122886681098,96.0,5.29,95.0,0.1,7.4494391095240315,14.79694837576288,2.2,2.3,0.686,13.8,Mongolia,0
2010,66.3,25.0,0.6931471805599453,5.8,3.1491502301479906,96.0,2.0794415416798357,46.9,1.0986122886681098,96.0,4.7,96.0,0.1,5.584824970832005,12.510855168272306,2.2,2.3,0.693,14.3,Mongolia,0
2011,67.3,235.0,0.6931471805599453,0.01,5.55621132870169,99.0,0.0,48.0,1.0986122886681098,99.0,4.45,99.0,0.1,8.23498816055128,14.831290724379027,2.2,2.3,0.701,14.6,Mongolia,0
2012,67.8,231.0,0.6931471805599453,0.01,5.540591107750511,99.0,0.0,49.2,1.0986122886681098,99.0,4.22,99.0,0.1,8.382477664838893,14.850198181491107,2.2,2.3,0.712,14.7,Mongolia,0
2013,68.1,227.0,0.6931471805599453,0.01,5.4897467562415905,98.0,0.0,5.4,0.6931471805599453,98.0,4.21,98.0,0.1,8.386259417485658,12.566951739631941,2.2,2.3,0.72,14.7,Mongolia,0
2014,68.4,225.0,0.6931471805599453,0.01,5.641915578703341,99.0,0.0,51.5,0.6931471805599453,99.0,4.73,99.0,0.1,8.338684354001463,14.888427873513171,2.2,2.3,0.729,14.8,Mongolia,0
2015,68.8,222.0,0.6931471805599453,0.01,0.0,99.0,9.921327470664458,52.7,0.6931471805599453,99.0,4.73,99.0,0.1,8.280250848163066,14.906385658304968,2.2,2.3,0.733,14.8,Mongolia,0
2000,73.0,144.0,0.0,0.01,5.61875915834551,9.0,0.0,51.9,0.0,9.0,7.32,9.0,0.1,7.395370982376195,8.778941881841513,2.6,2.7,0.0,0.0,Montenegro,0
2001,73.3,136.0,0.0,0.01,3.5458693818341875,9.0,0.0,52.7,0.0,9.0,8.23,9.0,0.1,5.301232897254883,11.118251917940263,2.5,2.6,0.0,0.0,Montenegro,0
2002,73.4,136.0,0.0,0.01,3.6238138693027064,9.0,0.0,53.5,0.0,9.0,8.33,9.0,0.1,5.381017803942419,11.153804675244917,2.5,2.5,0.0,0.0,Montenegro,0
2003,73.5,134.0,0.0,0.01,6.206733769710616,9.0,0.0,54.2,0.0,9.0,8.91,9.0,0.1,7.933859059261847,13.324925374137251,2.4,2.4,0.0,0.0,Montenegro,0
2004,73.5,134.0,0.0,0.01,4.062542554271533,9.0,0.0,55.0,0.0,9.0,8.45,9.0,0.1,5.826588533044167,13.326697536001546,2.3,2.4,0.74,12.6,Montenegro,0
2005,73.6,133.0,0.0,2.695,6.269678826305975,9.0,0.0,55.7,0.0,9.0,8.46,9.0,0.1,8.20947654009759,13.328176826212136,2.3,2.3,0.746,12.8,Montenegro,0
2006,73.8,13.0,0.0,5.38,6.391465909940591,9.0,0.0,56.5,0.0,9.0,8.1,9.0,0.1,8.38585276145061,11.027215128682634,2.2,2.2,0.751,13.2,Montenegro,0
2007,74.2,125.0,0.0,4.98,6.521385039532793,9.0,0.0,57.2,0.0,92.0,6.74,92.0,0.1,8.692514586314296,13.330800923551056,2.1,2.2,0.762,13.6,Montenegro,0
2008,74.6,121.0,0.0,6.17,6.565449632984109,93.0,0.0,57.8,0.0,95.0,6.13,95.0,0.1,8.899285230420134,13.332575679339131,2.1,2.1,0.774,14.2,Montenegro,0
2009,75.0,117.0,0.0,6.45,6.195795994991235,87.0,0.0,58.5,0.0,91.0,6.7,92.0,0.1,8.809832116848467,13.334720968824653,2.0,2.1,0.785,14.6,Montenegro,0
2010,75.3,115.0,0.0,6.56,6.455960754088251,9.0,1.791759469228055,59.1,0.0,93.0,6.9,94.0,0.1,8.80736433725309,13.336553364927985,2.0,2.0,0.787,15.0,Montenegro,0
2011,75.4,113.0,0.0,6.56,6.503895038035478,91.0,1.791759469228055,59.7,0.0,95.0,6.92,95.0,0.1,8.898330421773524,8.745125259462244,1.9,2.0,0.792,15.1,Montenegro,0
2012,75.6,11.0,0.0,0.01,6.475637900737152,9.0,0.0,6.2,0.0,94.0,7.25,94.0,0.1,8.792962481100112,8.742254901886351,1.9,1.9,0.797,15.1,Montenegro,0
2013,75.8,19.0,0.0,0.01,6.5626484386330795,9.0,0.0,6.7,0.0,94.0,6.43,94.0,0.1,8.880088916292674,11.036952051971449,1.8,1.9,0.799,15.1,Montenegro,0
2014,75.9,17.0,0.0,0.01,6.588966609327953,87.0,0.0,61.3,0.0,91.0,6.42,91.0,0.1,8.906440199431536,11.03782084777865,1.8,1.9,0.803,15.1,Montenegro,0
2015,76.1,16.0,0.0,0.01,0.0,82.0,0.0,61.8,0.0,89.0,6.42,89.0,0.1,8.773723943835883,13.340952573368824,1.8,1.8,0.804,15.1,Montenegro,0
2000,68.6,16.0,3.332204510175204,0.45,4.1654458797736265,43.0,8.905037290767,44.8,3.4965075614664802,95.0,4.18,95.0,0.1,7.195474119257973,17.177607448579515,6.7,6.6,0.519,8.0,Morocco,0
2001,69.0,155.0,3.295836866004329,0.46,4.278282173607238,84.0,7.9102237070973445,45.7,3.4339872044851463,93.0,4.44,96.0,0.1,7.198763346176144,17.189056916083953,6.7,6.5,0.53,8.5,Morocco,0
2002,69.5,15.0,3.258096538021482,0.46,4.215519449558891,92.0,8.699681400989514,46.5,3.4011973816621555,94.0,5.31,94.0,0.1,7.254713188284023,17.200320021568935,6.6,6.5,0.54,8.8,Morocco,0
2003,69.9,146.0,3.2188758248682006,0.58,4.490489278889152,9.0,9.291182759820284,47.3,3.367295829986474,91.0,5.25,91.0,0.1,7.45180706694102,17.211492295101877,6.6,6.4,0.551,9.3,Morocco,0
2004,72.0,142.0,3.1780538303479458,0.56,4.618716343111919,95.0,8.764053269347762,48.2,3.332204510175204,97.0,5.22,97.0,0.1,7.575488377692843,14.97216720124422,6.5,6.4,0.561,9.6,Morocco,0
2005,77.0,137.0,3.1354942159291497,0.47,2.348453971885413,96.0,0.0,49.1,3.295836866004329,98.0,5.6,98.0,0.1,5.369500446443183,10.469312594520723,6.5,6.3,0.569,9.8,Morocco,0
2006,71.0,133.0,3.1354942159291497,0.58,4.857975062443534,95.0,7.1049654482698426,49.9,3.258096538021482,97.0,5.23,97.0,0.1,7.692787948599925,15.168596316918677,6.4,6.3,0.575,10.0,Morocco,0
2007,71.4,128.0,3.091042453358316,0.56,5.066657305623769,95.0,7.718240951959316,5.8,3.258096538021482,95.0,5.48,95.0,0.1,7.822185702354943,17.256757860174265,6.4,6.3,0.581,10.0,Morocco,0
2008,71.8,123.0,3.091042453358316,0.51,5.149619524856757,97.0,7.283448228756631,51.7,3.2188758248682006,99.0,5.41,99.0,0.1,7.967608637991887,17.26856817993643,6.4,6.3,0.589,10.3,Morocco,0
2009,72.3,116.0,3.044522437723423,0.62,5.243281742054463,98.0,6.727431724850855,52.7,3.1780538303479458,99.0,5.67,99.0,0.1,7.95946968698256,17.280930723424213,6.4,6.2,0.596,10.5,Morocco,0
2010,72.8,11.0,3.044522437723423,0.56,5.218512064774822,98.0,6.452048954437226,53.6,3.1780538303479458,99.0,5.86,99.0,0.1,7.949884408127718,14.994054778939788,6.3,6.2,0.603,10.7,Morocco,0
2011,73.3,14.0,2.995732273553991,0.54,3.139596676275886,98.0,6.890609120147166,54.6,3.1354942159291497,98.0,5.99,99.0,0.1,5.8316365819510985,17.307730881740653,6.3,6.2,0.612,11.2,Morocco,0
2012,73.6,99.0,2.995732273553991,0.55,3.0036278869996016,99.0,6.505784060128229,55.5,3.1354942159291497,99.0,6.15,99.0,0.1,5.689503439399156,17.32208215519041,6.3,6.2,0.623,11.6,Morocco,0
2013,73.9,97.0,2.9444389791664403,0.45,5.197722670199703,99.0,4.532599493153256,56.5,3.091042453358316,99.0,5.94,99.0,0.1,8.043265998893023,17.33670393229365,6.4,6.2,0.634,12.1,Morocco,0
2014,74.1,96.0,2.9444389791664403,0.43,5.296988231138781,99.0,2.3978952727983707,57.5,3.091042453358316,99.0,5.91,99.0,0.1,8.056906514188988,15.048619648099791,6.4,6.2,0.64,12.1,Morocco,0
2015,74.3,95.0,2.8903717578961645,0.43,0.0,99.0,2.8903717578961645,58.5,3.044522437723423,99.0,5.91,99.0,0.1,7.95447253751921,15.063497281195406,6.4,6.2,0.645,12.1,Morocco,0
2000,49.0,43.0,4.543294782270004,1.14,3.8747884678656024,25.0,8.90598676523643,16.5,4.919980925828125,69.0,6.16,7.0,12.2,5.629951701874055,14.440211860266334,4.2,4.1,0.291,5.4,Mozambique,0
2001,49.5,48.0,4.51085950651685,2.09,3.6590674433378165,25.0,8.865876285425417,16.9,4.890349128221754,72.0,5.64,73.0,13.4,5.550792460107437,16.73806760114872,4.1,4.0,0.298,5.8,Mozambique,0
2002,49.8,416.0,4.477336814478207,2.16,3.733517456884466,76.0,8.87570644462861,17.3,4.852030263919617,76.0,6.45,76.0,14.5,5.575511700681622,16.76727312773842,4.0,4.0,0.311,6.2,Mozambique,0
2003,51.0,424.0,4.454347296253507,1.68,3.7733790364577695,76.0,10.271562271425733,17.7,4.8283137373023015,67.0,6.39,85.0,15.3,5.652107208379308,16.79697142776201,4.0,3.9,0.318,6.7,Mozambique,0
2004,54.0,429.0,4.418840607796598,1.54,3.8624536202548674,76.0,9.148145768383065,18.1,4.795790545596741,69.0,5.91,83.0,15.9,5.82106705869881,12.351367081487052,3.9,3.8,0.332,7.0,Mozambique,0
2005,58.0,434.0,4.394449154672439,1.23,4.224404334594568,75.0,9.44137272471063,18.5,4.770684624465665,71.0,6.87,8.0,16.2,5.913920583035287,10.28322451207156,3.9,3.8,0.341,7.3,Mozambique,0
2006,51.2,434.0,4.3694478524670215,1.2,4.087595922459967,75.0,5.214935757608986,18.9,4.736198448394496,73.0,6.51,78.0,16.3,5.957795849612765,16.88576868777483,3.8,3.7,0.353,7.9,Mozambique,0
2007,52.1,425.0,4.31748811353631,1.03,4.006428756359953,75.0,5.5909869805108565,19.3,4.6913478822291435,75.0,5.25,75.0,14.1,6.047717644897993,16.915079646934238,3.8,3.7,0.36,8.2,Mozambique,0
2008,53.2,45.0,4.290459441148391,1.48,0.5860717424851188,75.0,1.6094379124341003,19.7,4.653960350157523,74.0,4.91,75.0,12.6,3.99134642062671,16.94431982717012,3.7,3.7,0.372,8.8,Mozambique,0
2009,53.8,4.0,4.2626798770413155,1.18,3.707509074098116,74.0,4.110873864173311,2.1,4.624972813284271,74.0,5.43,74.0,11.3,6.141720404810284,14.670973847455294,3.7,3.6,0.382,9.2,Mozambique,0
2010,54.0,47.0,4.248495242049359,0.96,1.9085633091843255,74.0,7.7501841622578365,2.5,4.59511985013459,73.0,5.38,74.0,10.8,6.040792221316816,14.700164482038065,3.7,3.6,0.39,9.3,Mozambique,0
2011,54.3,47.0,4.204692619390966,0.94,3.7330441697516106,76.0,5.181783550292085,2.9,4.553876891600541,73.0,6.23,76.0,9.6,6.2682082980864315,12.426797273607074,3.7,3.6,0.397,9.5,Mozambique,0
2012,54.8,48.0,4.174387269895637,1.19,3.9300568577952038,76.0,4.983606621708336,21.3,4.51085950651685,73.0,5.58,76.0,6.9,6.341265194871742,14.758508262486535,3.6,3.5,0.4,9.2,Mozambique,0
2013,55.3,46.0,4.143134726391533,1.16,1.9188822343970482,78.0,2.1972245773362196,21.8,4.477336814478207,78.0,5.9,78.0,5.1,4.204478880132448,17.090175728815453,3.6,3.5,0.405,9.1,Mozambique,0
2014,56.7,375.0,4.127134385045092,0.01,4.023771778151708,79.0,2.302585092994046,22.2,4.442651256490317,79.0,6.98,79.0,4.1,6.436610381297255,17.11918268502098,3.6,3.5,0.409,9.1,Mozambique,0
2015,57.6,355.0,4.110873864173311,0.01,0.0,8.0,4.382026634673881,22.6,4.406719247264253,8.0,6.98,8.0,3.9,6.271579107469626,12.54856955445517,3.6,3.5,0.414,9.1,Mozambique,0
2000,62.1,243.0,4.30406509320417,0.35,1.2560254385619978,8.0,6.740519359606223,13.6,4.61512051684126,88.0,1.84,82.0,0.4,5.26882410475867,15.362107281310763,13.3,13.7,0.417,7.5,Myanmar,0
2001,62.5,239.0,4.290459441148391,0.38,1.0706119114512191,8.0,7.832014180505469,14.1,4.59511985013459,77.0,1.8,73.0,0.4,4.941106046642574,17.65771166979015,13.3,13.7,0.427,7.6,Myanmar,0
2002,62.8,235.0,4.276666119016055,0.41,1.486565157151922,8.0,6.602587892189336,14.6,4.574710978503383,84.0,2.5,79.0,0.4,4.975191243035013,13.063511059129741,13.3,13.7,0.435,7.6,Myanmar,0
2003,63.2,231.0,4.248495242049359,0.4,1.573647503231061,8.0,6.7226297948554485,15.2,4.543294782270004,86.0,1.97,78.0,0.5,5.39717726590929,17.6788661866843,13.3,13.6,0.445,7.7,Myanmar,0
2004,63.5,228.0,4.204692619390966,0.44,1.6398732507939437,39.0,7.1929342212158,15.7,4.51085950651685,92.0,1.97,82.0,0.5,5.397328275653247,13.096795281690422,13.3,13.6,0.455,7.8,Myanmar,0
2005,63.9,224.0,4.174387269895637,0.28,1.3333795390824763,62.0,5.752572638825633,16.4,4.477336814478207,86.0,1.83,73.0,0.5,5.514407138350957,17.696715838039612,13.2,13.6,0.465,7.9,Myanmar,0
2006,64.2,22.0,4.127134385045092,0.28,1.7286024474251294,75.0,6.634633357861686,17.0,4.430816798843313,82.0,1.78,82.0,0.6,5.69700234141222,17.704192774176963,13.2,13.5,0.474,8.0,Myanmar,0
2007,64.5,217.0,4.07753744390572,0.26,0.4256420444269478,85.0,6.9930151229329605,17.6,4.3694478524670215,84.0,1.68,86.0,0.6,3.7483504696059224,17.710826514645184,13.2,13.5,0.484,8.1,Myanmar,0
2008,59.2,296.0,4.0943445622221,0.3,2.3542739395405254,85.0,5.811140992976701,18.3,4.574710978503383,85.0,1.87,85.0,0.6,6.469174923256077,17.717074113560177,13.2,13.4,0.493,8.2,Myanmar,0
2009,65.2,211.0,3.970291913552122,0.28,2.4892703674081367,91.0,5.799092654460526,19.1,4.248495242049359,9.0,2.5,9.0,0.6,6.61039602124954,10.817174898540168,13.1,13.4,0.504,8.5,Myanmar,0
2010,65.4,29.0,3.912023005428146,0.3,2.9168480102912158,92.0,5.25227342804663,19.8,4.189654742026425,9.0,1.92,9.0,0.5,6.896427949533414,15.455651666115534,13.1,13.3,0.515,8.8,Myanmar,0
2011,65.6,27.0,3.871201010907891,0.33,3.1017570496919666,4.0,7.624130585661289,2.5,4.127134385045092,9.0,1.87,84.0,0.5,7.07954148080468,13.227321412077549,13.0,13.3,0.526,9.1,Myanmar,0
2012,65.9,25.0,3.8066624897703196,0.55,3.6744738980421436,58.0,7.685243607975833,21.3,4.07753744390572,87.0,2.22,84.0,0.5,7.066963920015749,15.605019997773582,13.0,13.2,0.533,9.1,Myanmar,0
2013,66.2,22.0,3.7612001156935624,0.7,3.672189310820117,75.0,6.918695219020472,22.1,4.02535169073515,76.0,2.16,75.0,0.4,7.0646218132501115,17.756085975898507,12.9,13.2,0.54,9.1,Myanmar,0
2014,66.4,21.0,3.713572066704308,0.01,3.835959915245361,88.0,4.812184355372417,22.9,3.970291913552122,88.0,2.28,88.0,0.3,7.141952537947965,17.7652951933706,12.9,13.1,0.547,9.1,Myanmar,0
2015,66.6,199.0,3.6888794541139363,0.01,0.0,89.0,1.9459101490553132,23.8,3.9318256327243257,89.0,2.28,89.0,0.3,7.086396212250577,15.472532192823826,12.8,13.0,0.552,9.1,Myanmar,0
2000,57.4,41.0,1.3862943611198906,5.73,3.6057637098297457,83.0,6.152732694704104,24.5,1.6094379124341003,8.0,6.11,79.0,22.8,5.556810957306154,14.456973841545619,15.7,15.9,0.559,11.5,Namibia,0
2001,56.5,426.0,1.3862943611198906,5.09,5.331790262313899,83.0,6.0330862217988015,25.1,1.6094379124341003,79.0,6.18,78.0,23.9,7.514960434228455,14.47489255686007,15.2,15.4,0.556,11.7,Namibia,0
2002,55.7,452.0,1.3862943611198906,5.09,5.321703219846613,83.0,7.153833801578843,25.8,1.6094379124341003,78.0,6.17,77.0,24.6,7.446862738558663,14.489550349493898,14.7,14.8,0.556,11.8,Namibia,0
2003,55.0,471.0,1.3862943611198906,5.28,5.689200523563702,83.0,5.572154032177765,26.5,1.6094379124341003,82.0,6.52,79.0,24.7,7.817371232000516,14.501902976398283,14.2,14.3,0.554,11.7,Namibia,0
2004,54.7,483.0,1.3862943611198906,4.8,5.911568231926875,83.0,1.6094379124341003,27.2,1.6094379124341003,81.0,6.47,81.0,24.0,8.09841709578786,10.282916646093451,13.7,13.7,0.559,11.7,Namibia,0
2005,55.1,477.0,1.3862943611198906,4.89,6.128440115929961,83.0,1.6094379124341003,27.9,1.6094379124341003,86.0,7.32,86.0,22.1,8.181481653750195,12.355341428265826,13.1,13.1,0.565,11.6,Namibia,0
2006,57.0,431.0,1.3862943611198906,4.94,6.131568256943553,83.0,1.3862943611198906,28.7,1.6094379124341003,74.0,7.2,86.0,19.2,8.26418184275141,12.45189703106744,12.6,12.6,0.57,11.4,Namibia,0
2007,60.0,356.0,1.3862943611198906,5.12,4.144885462165259,83.0,3.091042453358316,29.4,1.6094379124341003,81.0,6.99,86.0,15.2,6.048599982906159,12.542244837142384,12.0,12.0,0.578,11.3,Namibia,0
2008,61.7,317.0,1.3862943611198906,6.28,4.103475010198453,83.0,0.0,3.2,1.6094379124341003,83.0,7.15,83.0,11.7,6.0653098597697195,12.284772914073839,11.5,11.4,0.589,11.3,Namibia,0
2009,62.4,36.0,1.3862943611198906,7.99,6.357278514735646,83.0,8.313116702819253,31.0,1.6094379124341003,83.0,8.5,83.0,8.7,8.331946854018375,9.969977293804961,1.9,1.9,0.598,11.4,Namibia,0
2010,63.0,299.0,1.3862943611198906,7.58,6.580019689017104,83.0,8.051659556841953,31.8,1.6094379124341003,83.0,7.89,83.0,6.2,8.554986696207395,12.289116997604522,1.4,1.4,0.604,11.4,Namibia,0
2011,64.3,268.0,1.3862943611198906,7.84,2.1856281457701368,82.0,4.382026634673881,32.5,1.6094379124341003,85.0,8.78,82.0,4.7,4.059949647483565,14.611043734681967,9.9,9.9,0.612,11.5,Namibia,0
2012,65.8,232.0,1.3862943611198906,0.01,6.681949971210184,84.0,4.465908118654584,33.3,1.6094379124341003,84.0,8.24,84.0,3.7,8.65703296032805,14.632615007645713,9.5,9.4,0.619,11.5,Namibia,0
2013,66.1,232.0,1.3862943611198906,0.01,6.635493769861281,89.0,6.9363427358340495,34.1,1.3862943611198906,89.0,8.53,89.0,2.5,8.610525363889618,12.35299584133292,9.0,8.9,0.625,11.6,Namibia,0
2014,65.9,242.0,1.0986122886681098,0.01,6.623265800640612,88.0,6.169610732491456,34.9,1.3862943611198906,88.0,8.93,88.0,2.2,8.598283464601375,12.379996540456371,8.6,8.5,0.632,11.7,Namibia,0
2015,65.8,248.0,1.0986122886681098,0.01,0.0,92.0,5.3612921657094255,35.7,1.3862943611198906,92.0,8.93,92.0,2.1,8.463511776157695,14.70157380808056,8.2,8.1,0.637,11.7,Namibia,0
2000,62.5,238.0,3.8501476017100584,0.08,2.9398144498637593,2.0,9.14825217966276,11.4,4.143134726391533,74.0,5.43,74.0,0.1,5.448569915669329,14.680470942132834,18.5,19.2,0.439,8.9,Nepal,0
2001,63.2,23.0,3.784189633918261,0.09,3.132364925237064,2.0,9.291920358968605,11.9,4.07753744390572,73.0,5.36,72.0,0.1,5.519933167045041,17.000282521038308,18.3,19.0,0.446,9.0,Nepal,0
2002,63.1,238.0,3.713572066704308,0.19,3.1856890221124354,2.0,8.817297783866575,12.4,4.007333185232471,72.0,5.6,72.0,0.1,5.510907914278346,17.016887893370743,18.2,18.8,0.447,8.6,Nepal,0
2003,64.3,22.0,3.6635616461296463,0.2,1.332620688510292,2.0,9.498897061838624,12.9,3.9318256327243257,76.0,5.48,78.0,0.1,5.5401810771483255,14.730049356098315,18.0,18.6,0.457,9.2,Nepal,0
2004,64.7,218.0,3.58351893845611,0.21,3.494440977855824,27.0,9.398892478520773,13.4,3.871201010907891,8.0,5.82,8.0,0.2,5.664402495487428,14.747458080114466,17.8,18.4,0.463,9.3,Nepal,0
2005,65.4,28.0,3.5263605246161616,0.2,1.6600839784945778,41.0,8.521981708148035,13.9,3.8066624897703196,78.0,5.72,75.0,0.2,5.7648524247502575,14.757191415207753,17.6,18.2,0.469,9.4,Nepal,0
2006,66.0,21.0,3.4657359027997265,0.2,3.8475889965889745,69.0,7.951207156472972,14.4,3.7376696182833684,91.0,5.7,89.0,0.2,5.856879609413985,14.768950242993647,17.4,18.0,0.476,9.6,Nepal,0
2007,66.6,194.0,3.4011973816621555,0.2,3.974604582686996,82.0,7.255591274253665,14.9,3.6635616461296463,82.0,5.84,82.0,0.2,5.978592941779452,17.081836525764828,17.2,17.8,0.486,10.0,Nepal,0
2008,67.0,189.0,3.332204510175204,0.21,4.266491361701986,82.0,7.644919344958857,15.4,3.58351893845611,82.0,6.44,82.0,0.2,6.162987274613262,17.091743932399144,17.0,17.6,0.492,10.1,Nepal,0
2009,67.5,183.0,3.258096538021482,0.22,1.9731876117685434,89.0,5.247024072160486,15.9,3.4965075614664802,93.0,6.41,89.0,0.2,3.9066063618659888,14.799128668495186,16.9,17.4,0.502,10.5,Nepal,0
2010,68.0,178.0,3.1780538303479458,0.24,4.449954233425926,82.0,5.25227342804663,16.4,3.4339872044851463,83.0,6.43,82.0,0.2,6.385503831051236,14.817295449769462,16.7,17.2,0.515,11.1,Nepal,0
2011,68.4,172.0,3.1354942159291497,0.27,4.728474863063714,92.0,7.7664168980196555,16.9,3.332204510175204,92.0,6.73,92.0,0.2,6.54119836048532,17.123391198269438,16.5,16.9,0.529,12.0,Nepal,0
2012,68.9,167.0,3.044522437723423,0.26,4.401680767611986,9.0,8.12058871174027,17.4,3.258096538021482,9.0,5.89,9.0,0.2,6.526191133802179,17.135133609618006,16.3,16.7,0.538,12.3,Nepal,0
2013,69.3,162.0,2.995732273553991,0.27,4.396361537864443,92.0,7.529406457837013,18.0,3.2188758248682006,92.0,5.69,92.0,0.1,6.536136775300082,14.844605551945335,16.1,16.5,0.545,12.3,Nepal,0
2014,69.6,158.0,2.9444389791664403,0.01,2.2537610005640567,92.0,7.154615356913663,18.5,3.1354942159291497,92.0,5.8,92.0,0.1,4.3469005969831676,17.159193297638886,15.9,16.3,0.551,12.4,Nepal,0
2015,69.2,165.0,2.8903717578961645,0.01,0.0,91.0,7.3777589082278725,19.1,3.091042453358316,9.0,5.8,91.0,0.1,6.613069200847283,17.170883279001593,15.7,16.1,0.555,12.2,Nepal,0
2000,78.1,84.0,0.6931471805599453,10.06,7.988081435453891,2.0,6.927557906278317,51.8,0.6931471805599453,97.0,7.42,97.0,0.1,10.1628522435471,16.583433035196766,1.1,1.1,0.873,16.5,Netherlands,1
2001,78.3,82.0,0.6931471805599453,9.95,8.024703623978324,2.0,0.0,52.6,0.6931471805599453,97.0,7.79,97.0,0.1,10.18810700332123,12.011388991912145,1.1,1.1,0.878,16.7,Netherlands,1
2002,78.4,81.0,0.6931471805599453,9.68,8.147924145948965,2.0,1.3862943611198906,53.4,0.6931471805599453,97.0,8.34,97.0,0.1,10.268766686389705,16.597364351568086,1.1,1.0,0.882,16.9,Netherlands,1
2003,78.7,8.0,0.6931471805599453,9.56,8.405951280879451,2.0,1.6094379124341003,54.2,0.6931471805599453,98.0,8.46,98.0,0.1,10.470111999484077,14.2994990663366,1.1,1.0,0.881,16.5,Netherlands,1
2004,79.2,77.0,0.6931471805599453,9.56,8.550846648232268,2.0,2.4849066497880004,55.0,0.6931471805599453,98.0,8.52,98.0,0.1,10.595525173262166,16.605557249171195,1.0,1.0,0.885,16.5,Netherlands,1
2005,79.4,72.0,0.6931471805599453,9.69,8.791563271561227,2.0,1.6094379124341003,55.8,0.6931471805599453,96.0,9.6,96.0,0.1,10.635330524848372,16.607893880507234,1.0,1.0,0.888,16.4,Netherlands,1
2006,79.8,71.0,0.6931471805599453,9.79,9.029419081391746,2.0,0.6931471805599453,56.5,0.6931471805599453,96.0,9.36,96.0,0.1,10.702232072483946,14.306916025282785,1.0,1.0,0.893,16.5,Netherlands,1
2007,82.0,68.0,0.6931471805599453,9.53,9.178925324729377,2.0,2.3978952727983707,57.3,0.6931471805599453,97.0,9.36,97.0,0.1,10.84432094663671,16.611675232976488,1.0,1.0,0.899,16.6,Netherlands,1
2008,83.0,68.0,0.6931471805599453,9.62,9.294167191474303,2.0,4.700480365792417,57.9,0.6931471805599453,97.0,9.57,97.0,0.1,10.94957464447684,16.615568157354307,1.0,0.9,0.905,16.8,Netherlands,1
2009,86.0,65.0,0.6931471805599453,9.23,4.583523462090493,2.0,2.772588722239781,58.6,0.6931471805599453,97.0,1.29,97.0,0.1,6.2544997402986064,14.31833767882104,1.0,0.9,0.906,16.9,Netherlands,1
2010,88.0,64.0,0.6931471805599453,9.33,6.943722085649822,2.0,2.772588722239781,59.3,0.6931471805599453,97.0,1.48,97.0,0.1,8.58284137727312,16.625840233186707,1.0,0.9,0.906,17.0,Netherlands,1
2011,81.1,63.0,0.6931471805599453,8.96,6.954992088749633,2.0,3.9512437185814275,59.9,0.6931471805599453,97.0,1.53,97.0,0.1,8.585908029588841,14.327959862846363,1.0,0.9,0.911,17.2,Netherlands,1
2012,81.1,62.0,0.6931471805599453,9.05,7.059322711955602,2.0,2.3978952727983707,6.5,0.6931471805599453,97.0,11.1,97.0,0.1,10.809238052819882,16.634205070855078,1.0,0.9,0.921,18.1,Netherlands,1
2013,81.4,6.0,0.6931471805599453,8.68,7.297111599121802,51.0,7.87587915949631,61.0,0.6931471805599453,97.0,11.4,97.0,0.1,10.850801827375765,14.336939566623949,1.0,0.9,0.922,18.1,Netherlands,1
2014,81.7,58.0,0.6931471805599453,0.01,7.308344254723033,92.0,4.948759890378168,61.6,0.6931471805599453,96.0,1.9,96.0,0.1,10.862041838424188,12.03563420402295,1.0,0.9,0.923,18.1,Netherlands,1
2015,81.9,57.0,0.6931471805599453,0.01,0.0,94.0,2.0794415416798357,62.1,0.6931471805599453,95.0,1.9,95.0,0.1,10.698601904292333,16.64518376075545,1.0,0.9,0.923,18.1,Netherlands,1
2000,78.6,87.0,0.0,8.91,7.67043835563115,9.0,4.189654742026425,58.9,0.0,82.0,7.47,9.0,0.1,9.520917872317215,13.970513160516582,0.3,0.3,0.864,17.2,New Zealand,1
2001,78.5,83.0,0.0,8.75,7.699383040128634,9.0,4.189654742026425,59.6,0.0,82.0,7.58,9.0,0.1,9.538482065058732,13.970513160516582,0.3,0.3,0.868,17.4,New Zealand,1
2002,78.7,83.0,0.0,9.13,7.970138181773105,89.0,3.091042453358316,6.3,0.0,84.0,7.89,9.0,0.1,9.733607023421314,13.970513160516582,0.3,0.3,0.873,17.5,New Zealand,1
2003,79.1,82.0,0.0,8.91,8.205981228830268,89.0,4.204692619390966,6.9,0.0,86.0,7.71,9.0,0.1,9.994916651589516,13.970513160516582,0.3,0.3,0.881,18.2,New Zealand,1
2004,79.2,79.0,0.0,9.15,6.094421522099764,88.0,3.5263605246161616,61.5,0.0,87.0,7.89,89.0,0.1,7.841256792023195,13.970513160516582,0.3,0.3,0.884,18.4,New Zealand,1
2005,79.9,78.0,0.0,9.31,6.198592230374567,87.0,3.044522437723423,62.1,0.0,89.0,8.25,89.0,0.1,7.929088730022162,13.970513160516582,0.3,0.3,0.886,18.9,New Zealand,1
2006,79.9,76.0,0.0,9.34,6.209038216791054,87.0,3.044522437723423,62.6,0.0,89.0,8.65,89.0,0.1,7.889408387531674,13.970513160516582,0.3,0.3,0.888,19.1,New Zealand,1
2007,81.0,76.0,0.0,9.19,6.4090404494316235,88.0,3.258096538021482,63.2,0.0,88.0,8.35,88.0,0.1,8.089707820134132,13.970513160516582,0.3,0.3,0.891,19.2,New Zealand,1
2008,81.0,75.0,0.0,9.49,8.819116716161334,9.0,0.0,63.8,0.0,89.0,1.7,89.0,0.1,10.351014802663656,13.970513160516582,0.3,0.3,0.894,19.5,New Zealand,1
2009,85.0,73.0,0.0,9.24,4.167859110370336,93.0,5.293304824724492,64.3,0.0,92.0,11.21,92.0,0.1,5.648769745423006,13.970513160516582,0.3,0.3,0.895,19.3,New Zealand,1
2010,89.0,71.0,0.0,9.62,8.804647544141849,9.0,3.784189633918261,64.8,0.0,93.0,11.2,93.0,0.1,10.425026039225084,13.970513160516582,0.3,0.3,0.899,20.3,New Zealand,1
2011,86.0,72.0,0.0,9.47,9.029226776982513,95.0,6.393590753950631,65.3,0.0,95.0,11.24,95.0,0.1,10.55653014003601,13.970513160516582,0.3,0.3,0.901,19.7,New Zealand,1
2012,81.1,7.0,0.0,9.2,6.83040475977327,93.0,4.23410650459726,65.9,0.0,93.0,11.53,93.0,0.1,8.293613605052562,13.970513160516582,0.3,0.3,0.904,19.5,New Zealand,1
2013,81.3,69.0,0.0,9.18,9.212345989380323,93.0,2.1972245773362196,66.4,0.0,92.0,11.17,92.0,0.1,10.666414527777734,13.970513160516582,0.3,0.3,0.908,19.3,New Zealand,1
2014,81.5,67.0,0.0,9.07,6.948204502591949,93.0,5.638354669333745,66.9,0.0,93.0,11.3,93.0,0.1,8.401613241433484,13.970513160516582,0.4,0.3,0.91,19.2,New Zealand,1
2015,81.6,66.0,0.0,8.7,0.0,92.0,2.3978952727983707,67.5,0.0,92.0,11.3,92.0,0.1,8.248762927921398,13.970513160516582,0.4,0.3,0.913,19.2,New Zealand,1
2000,73.0,192.0,1.6094379124341003,3.61,2.788412129204099,83.0,0.0,42.8,1.791759469228055,85.0,5.39,83.0,0.4,4.7645156353201354,13.174570554074228,2.2,2.1,0.562,10.1,Nicaragua,0
2001,73.0,193.0,1.6094379124341003,3.51,3.1508519614555284,87.0,0.0,43.5,1.791759469228055,89.0,5.26,87.0,0.4,4.974495377080004,8.551787836180736,2.2,2.1,0.57,10.4,Nicaragua,0
2002,75.0,197.0,1.6094379124341003,3.5,1.1289293447864581,85.0,0.0,44.2,1.791759469228055,85.0,5.71,85.0,0.4,2.49710502944265,15.458718780128875,2.2,2.1,0.577,10.7,Nicaragua,0
2003,76.0,198.0,1.6094379124341003,3.77,1.2648148824029266,86.0,0.0,44.9,1.791759469228055,86.0,6.12,86.0,0.3,4.758451751101692,13.17092494401876,2.1,2.0,0.583,11.0,Nicaragua,0
2004,71.0,194.0,1.6094379124341003,3.81,3.632737892956959,79.0,0.0,45.7,1.6094379124341003,8.0,6.13,79.0,0.3,5.260364013953981,10.896257728115502,2.1,2.0,0.587,11.0,Nicaragua,0
2005,71.2,194.0,1.3862943611198906,3.7,5.391678456747062,86.0,0.0,46.4,1.6094379124341003,87.0,6.11,86.0,0.3,7.069972954357445,15.498074203170042,2.0,1.9,0.592,11.0,Nicaragua,0
2006,73.0,17.0,1.3862943611198906,3.69,3.1095624085605045,88.0,0.0,47.1,1.6094379124341003,88.0,6.33,88.0,0.3,4.8362233099966145,13.208929988833752,2.0,1.9,0.597,11.0,Nicaragua,0
2007,72.5,173.0,1.3862943611198906,3.83,5.537337342604358,93.0,0.0,47.9,1.6094379124341003,93.0,6.91,93.0,0.2,7.204386223073371,13.221696363951434,2.0,1.9,0.601,11.0,Nicaragua,0
2008,72.5,169.0,1.3862943611198906,3.64,5.620634294992156,97.0,0.0,48.6,1.3862943611198906,97.0,6.98,97.0,0.2,7.326369464481278,13.234721949446444,1.9,1.8,0.607,11.1,Nicaragua,0
2009,73.2,163.0,1.3862943611198906,3.36,5.682739621998393,98.0,0.0,49.4,1.3862943611198906,99.0,6.82,98.0,0.2,7.2899502275670365,15.550096672064289,1.9,1.8,0.613,11.3,Nicaragua,0
2010,73.2,154.0,1.3862943611198906,3.38,5.716055324524702,98.0,0.0,5.2,1.3862943611198906,99.0,6.58,98.0,0.1,7.331386341126672,15.562573173983179,1.9,1.8,0.614,11.4,Nicaragua,0
2011,74.5,147.0,1.3862943611198906,3.39,5.776454266210389,98.0,0.0,5.9,1.3862943611198906,99.0,6.39,98.0,0.1,7.4289022087419045,10.981607976438474,1.8,1.8,0.62,11.5,Nicaragua,0
2012,73.9,157.0,1.0986122886681098,3.63,5.816567633112577,98.0,0.0,51.7,1.3862943611198906,99.0,8.4,98.0,0.1,7.491859895679215,13.284004221497929,1.8,1.7,0.625,11.5,Nicaragua,0
2013,73.9,157.0,1.0986122886681098,3.58,5.906680271195751,98.0,0.0,52.4,1.3862943611198906,99.0,8.43,98.0,0.1,7.52196665444246,15.598186900209166,1.8,1.7,0.63,11.5,Nicaragua,0
2014,74.5,148.0,1.0986122886681098,3.55,6.161468495181249,98.0,0.0,53.2,1.3862943611198906,99.0,9.4,98.0,0.1,7.589065058140747,13.327746949794983,1.8,1.7,0.636,11.6,Nicaragua,0
2015,74.8,145.0,1.0986122886681098,3.55,0.0,98.0,0.0,54.0,1.0986122886681098,99.0,9.4,98.0,0.1,5.693619297419516,11.13072756380041,1.8,1.7,0.642,11.7,Nicaragua,0
2000,50.0,284.0,4.07753744390572,0.1,2.6642960258274377,71.0,9.967400878279781,13.6,4.859812404361672,41.0,6.1,34.0,1.5,5.071767846501949,16.244990294000473,12.8,12.9,0.253,2.8,Niger,0
2001,56.0,283.0,4.060443010546419,0.11,1.0359669847522004,71.0,11.022049516511858,13.9,4.852030263919617,42.0,7.1,36.0,1.6,5.113536269563348,16.28123243454494,12.7,12.7,0.255,2.9,Niger,0
2002,51.4,282.0,4.060443010546419,0.1,2.922474634072638,71.0,10.360437603332802,14.3,4.8283137373023015,43.0,6.55,39.0,1.6,5.186426597343989,9.414341877762027,12.5,12.5,0.261,2.9,Niger,0
2003,52.1,28.0,4.04305126783455,0.1,3.0572395983793537,71.0,10.900270121979117,14.6,4.804021044733257,44.0,6.23,41.0,1.6,5.379228005152837,14.051126405815946,12.3,12.2,0.266,3.0,Niger,0
2004,52.9,279.0,4.04305126783455,0.11,3.084712658773983,71.0,11.051810216769898,15.0,4.77912349311153,45.0,6.61,43.0,1.6,5.453465366314964,14.0876065459953,12.1,12.0,0.27,3.1,Niger,0
2005,53.7,278.0,4.02535169073515,0.11,1.5585056985333545,71.0,7.688913336864796,15.4,4.74493212836325,46.0,7.15,45.0,1.6,3.2727475701921933,16.42693604897902,11.9,11.8,0.278,3.5,Niger,0
2006,54.5,277.0,4.007333185232471,0.11,3.793733281276825,71.0,4.0943445622221,15.7,4.709530201312334,52.0,7.39,51.0,1.5,5.558617475187859,14.161413188314574,11.6,11.5,0.286,3.7,Niger,0
2007,55.2,276.0,3.9889840465642745,0.1,3.605750462449237,71.0,5.645446897643238,16.1,4.672828834461906,57.0,6.94,57.0,1.4,5.682080753221739,16.501201919441602,11.4,11.3,0.293,3.8,Niger,0
2008,56.0,272.0,3.970291913552122,0.12,3.7227579581406895,71.0,7.183870715062453,16.5,4.634728988229636,68.0,6.76,67.0,1.3,5.874421049863144,16.53868093752181,11.2,11.0,0.298,4.0,Niger,0
2009,57.1,263.0,3.9512437185814275,0.11,1.8969307268777142,71.0,6.687108607866515,16.9,4.605170185988092,71.0,6.98,71.0,1.1,5.8356567586175885,16.576400743378922,11.0,1.8,0.307,4.2,Niger,0
2010,58.2,252.0,3.9318256327243257,0.12,1.929165092154487,7.0,5.921578419643816,17.3,4.564348191467836,75.0,6.36,7.0,0.9,5.855505956935551,16.614350372855196,1.7,1.6,0.312,4.5,Niger,0
2011,59.4,241.0,3.9318256327243257,0.15,3.503300631685399,75.0,6.648984550024776,17.7,4.543294782270004,4.0,6.66,75.0,0.7,5.931135783427463,14.38345556147506,1.5,1.3,0.323,4.8,Niger,0
2012,63.0,232.0,3.912023005428146,0.01,3.426058429497409,71.0,5.60947179518496,18.1,4.51085950651685,71.0,6.11,71.0,0.7,5.972576088032676,16.69086089038077,1.3,1.1,0.331,5.1,Niger,0
2013,69.0,227.0,3.912023005428146,0.01,3.4813149286890037,67.0,7.110696122978827,18.5,4.499809670330265,56.0,5.9,67.0,0.6,6.033441985845397,16.729293511580828,1.0,9.9,0.341,5.3,Niger,0
2014,61.4,223.0,3.912023005428146,0.01,1.4595540930302697,68.0,7.04141166379481,18.9,4.48863636973214,67.0,5.82,68.0,0.5,3.7987758719956983,16.767720318879128,9.8,9.6,0.345,5.3,Niger,0
2015,61.8,22.0,3.912023005428146,0.01,0.0,65.0,8.94819608331224,19.3,4.477336814478207,65.0,5.82,65.0,0.4,5.886096559200016,16.806077815759604,9.6,9.4,0.351,5.4,Niger,0
2000,47.1,45.0,6.3578422665081,9.23,3.156224633496163,18.0,12.26520910175375,16.9,6.8501261661455,31.0,2.84,29.0,4.9,5.940485220269567,14.017250681384445,14.3,14.4,0.0,7.6,Nigeria,0
2001,47.4,48.0,6.354370040797351,9.58,2.823221532930989,18.0,12.032361908984115,17.3,6.842683282238422,36.0,3.25,27.0,5.1,5.865900379120852,18.647524919502448,14.1,14.1,0.0,8.0,Nigeria,0
2002,47.7,49.0,6.349138991379798,9.61,2.8979956222473287,18.0,10.645615355317695,17.8,6.834108738813838,4.0,2.43,25.0,5.3,6.132219934331617,16.370150960274636,13.8,13.8,0.0,7.7,Nigeria,0
2003,48.1,41.0,6.342121418721152,9.75,3.440274125798549,18.0,11.858350363793017,18.3,6.823286122355687,42.0,4.5,29.0,5.4,6.241556097422768,18.698104383142304,13.5,13.6,0.0,8.1,Nigeria,0
2004,48.5,47.0,6.335054251498059,9.76,4.064324401812908,18.0,10.358440993735487,18.8,6.811244378601294,43.0,4.33,33.0,5.4,6.476689018135964,18.72369677552917,13.2,13.2,0.445,8.5,Nigeria,0
2005,49.2,4.0,6.322565239927284,9.71,2.0036739143870386,18.0,11.616636621182272,19.3,6.795705775173514,45.0,4.11,36.0,5.4,4.487443229009269,18.749548993401913,12.9,12.9,0.463,8.9,Nigeria,0
2006,49.8,396.0,6.309918278226516,9.66,2.4299042254256773,27.0,6.558197802812269,19.9,6.779921907472252,46.0,3.66,4.0,5.3,4.793666688502334,16.47307380616491,12.6,12.6,0.466,9.0,Nigeria,0
2007,55.0,388.0,6.297109319933935,9.55,4.658470586589692,42.0,7.868636894184167,2.4,6.761572768804055,54.0,4.47,42.0,5.2,7.0368779066440315,16.499385887425134,12.3,12.3,0.477,9.1,Nigeria,0
2008,59.0,386.0,6.285998094508865,9.3,4.668999670506097,41.0,9.206432747145165,21.0,6.744059186311348,6.0,4.0,53.0,5.0,7.23337841493471,14.243871543549343,12.0,11.9,0.481,9.2,Nigeria,0
2009,51.6,376.0,6.269096283706261,9.05,2.7451948376220483,63.0,7.149131598557407,21.6,6.725033642166843,66.0,4.24,63.0,4.9,5.291601978719912,16.552613413819522,11.7,11.6,0.487,9.3,Nigeria,0
2010,52.0,374.0,6.257667587882639,8.9,4.898757939525776,49.0,9.046879822823147,22.2,6.706862336602747,54.0,3.47,54.0,4.8,7.7529051340568325,18.881758795980527,11.3,11.2,0.492,9.5,Nigeria,0
2011,52.3,375.0,6.2422232654551655,8.75,5.23948688988396,46.0,9.843949839819931,22.8,6.688354713946762,48.0,3.69,48.0,4.7,7.835556431067659,16.60592550717776,11.0,1.9,0.5,9.6,Nigeria,0
2012,52.7,374.0,6.226536669287466,8.54,5.326509339958868,42.0,8.771525284186465,23.5,6.670766320845874,42.0,3.3,42.0,4.4,7.921643676731935,18.935282937493035,1.7,1.6,0.507,9.7,Nigeria,0
2013,53.2,367.0,6.212606095751519,8.3,5.274041517587138,46.0,10.87526975411497,24.1,6.651571873589727,46.0,3.7,46.0,3.9,8.005688777324211,16.65942723991586,1.4,1.2,0.514,9.8,Nigeria,0
2014,53.6,362.0,6.19644412779452,0.01,5.576748416564761,49.0,8.832879460277615,24.7,6.633318433280377,49.0,3.67,49.0,3.9,8.077968009623909,14.383464628454536,1.1,9.9,0.521,10.0,Nigeria,0
2015,54.5,344.0,6.182084906716632,0.01,0.0,49.0,9.427385364828522,25.4,6.617402977974478,49.0,3.67,49.0,3.7,7.88463598811967,19.01501120146492,9.8,9.7,0.525,10.0,Nigeria,0
2000,78.5,85.0,0.0,5.67,8.73104763755219,94.0,0.0,53.3,0.0,91.0,8.27,9.0,0.1,10.549221149991514,13.016931748106876,0.8,0.7,0.911,17.1,Norway,1
2001,78.8,82.0,0.0,5.49,8.757441975640923,94.0,1.6094379124341003,54.0,0.0,91.0,8.65,91.0,0.1,10.55972666655296,15.322639294664263,0.8,0.7,0.917,17.5,Norway,1
2002,78.9,81.0,0.0,5.89,6.620982577194157,94.0,1.791759469228055,54.6,0.0,93.0,9.62,93.0,0.1,8.380721205195467,15.32803220152321,0.8,0.7,0.916,17.1,Norway,1
2003,79.4,78.0,0.0,6.04,6.781895029699299,94.0,2.1972245773362196,55.3,0.0,92.0,9.85,92.0,0.1,8.539474010163685,15.333897527154416,0.8,0.7,0.918,17.1,Norway,1
2004,79.8,77.0,0.0,6.22,6.91852211897523,94.0,2.0794415416798357,55.9,0.0,92.0,9.44,92.0,0.1,8.658392215477297,13.037223702232948,0.8,0.7,0.924,17.5,Norway,1
2005,81.0,73.0,0.0,6.37,9.375306749278714,94.0,0.0,56.5,0.0,91.0,8.89,91.0,0.1,11.109104919826777,15.346617563424326,0.8,0.7,0.929,17.6,Norway,1
2006,84.0,7.0,0.0,6.47,9.45956126099894,94.0,0.0,57.0,0.0,94.0,8.43,94.0,0.1,11.213382626231725,13.05339479133677,0.8,0.7,0.931,17.5,Norway,1
2007,85.0,67.0,0.0,6.6,9.604435226384368,94.0,0.0,57.5,0.0,93.0,8.58,93.0,0.1,11.351930756668674,13.079777327853519,0.7,0.7,0.934,17.6,Norway,1
2008,86.0,67.0,0.0,6.75,7.4431548544449155,94.0,1.6094379124341003,58.0,0.0,94.0,8.4,94.0,0.1,9.178808021869544,15.377482159548315,0.7,0.7,0.936,17.6,Norway,1
2009,89.0,67.0,0.0,6.68,4.9654631751007186,94.0,1.0986122886681098,58.5,0.0,94.0,9.49,94.0,0.1,6.707811531451522,15.390093429813826,0.7,0.7,0.936,17.4,Norway,1
2010,81.0,66.0,0.0,6.59,9.633584129145197,94.0,1.3862943611198906,58.9,0.0,93.0,9.26,93.0,0.1,11.38108125921657,15.402550089045748,0.7,0.7,0.936,17.4,Norway,1
2011,81.1,67.0,0.0,6.53,5.628897464994706,94.0,3.6888794541139363,59.4,0.0,94.0,9.14,94.0,0.1,7.3626364505819755,13.113098591511507,0.7,0.7,0.939,17.6,Norway,1
2012,81.3,61.0,0.0,6.21,7.6473999785602915,94.0,1.6094379124341003,59.8,0.0,95.0,9.16,95.0,0.1,9.355714968680047,13.158838015851112,0.7,0.7,0.941,17.6,Norway,1
2013,81.5,62.0,0.0,6.21,5.4629113942894385,94.0,2.1972245773362196,6.3,0.0,94.0,9.39,94.0,0.1,7.164283314982597,13.270134896438877,0.8,0.7,0.942,17.5,Norway,1
2014,81.6,61.0,0.0,6.06,5.185363022846471,94.0,1.3862943611198906,6.8,0.0,93.0,9.72,93.0,0.1,6.883973275661268,15.452025165633179,0.8,0.7,0.945,17.7,Norway,1
2015,81.8,59.0,0.0,5.97,0.0,94.0,2.70805020110221,61.2,0.0,95.0,9.72,95.0,0.1,8.916807421805883,13.159404794539213,0.8,0.7,0.948,17.7,Norway,1
2000,72.6,138.0,0.6931471805599453,0.38,4.156796142838394,99.0,2.772588722239781,45.9,0.6931471805599453,99.0,3.7,99.0,0.1,6.759470978255607,14.149783234468618,7.2,6.9,0.0,10.4,Oman,0
2001,72.9,134.0,0.6931471805599453,0.55,6.337785564695089,99.0,2.772588722239781,46.5,0.6931471805599453,99.0,3.8,99.0,0.1,9.045184452203097,14.149783234468618,7.1,6.9,0.705,10.7,Oman,0
2002,73.3,13.0,0.6931471805599453,0.54,6.3748835739078755,99.0,1.791759469228055,47.3,0.6931471805599453,99.0,3.18,99.0,0.1,9.063013427089853,14.149783234468618,7.1,6.8,0.716,11.0,Oman,0
2003,73.6,127.0,0.6931471805599453,0.56,4.199549761118903,99.0,0.6931471805599453,48.1,0.6931471805599453,99.0,3.17,99.0,0.1,6.878133452754623,14.149783234468618,7.1,6.8,0.725,11.2,Oman,0
2004,74.0,122.0,0.6931471805599453,0.61,4.269244547994627,99.0,2.9444389791664403,48.9,0.6931471805599453,99.0,2.98,99.0,0.1,7.030228507357619,14.149783234468618,7.1,6.8,0.734,11.5,Oman,0
2005,74.3,118.0,0.6931471805599453,0.63,6.751115007792478,99.0,3.258096538021482,49.5,0.6931471805599453,99.0,2.59,99.0,0.1,9.423674314823366,14.149783234468618,7.0,6.8,0.742,11.5,Oman,0
2006,74.7,115.0,0.6931471805599453,0.58,4.375900533374566,99.0,2.6390573296152584,5.1,0.6931471805599453,98.0,2.31,98.0,0.1,7.279008442420112,14.149783234468618,7.0,6.8,0.748,11.6,Oman,0
2007,74.9,113.0,0.6931471805599453,0.57,4.493684059358779,99.0,3.2188758248682006,5.6,0.6931471805599453,97.0,2.43,99.0,0.1,7.369053790899447,14.149783234468618,7.0,6.8,0.753,11.5,Oman,0
2008,75.2,19.0,0.6931471805599453,0.57,4.821060534710455,99.0,2.9444389791664403,51.1,0.6931471805599453,97.0,2.1,99.0,0.1,7.730330143460258,14.149783234468618,6.9,6.8,0.765,11.9,Oman,0
2009,75.4,18.0,0.6931471805599453,0.56,6.948541556384543,98.0,2.995732273553991,51.5,0.6931471805599453,96.0,2.83,98.0,0.1,9.728261532376935,14.149783234468618,6.9,6.8,0.782,12.4,Oman,0
2010,75.6,16.0,0.6931471805599453,0.56,4.869271979308446,99.0,1.3862943611198906,51.8,0.6931471805599453,99.0,2.74,99.0,0.1,7.565144387322247,14.149783234468618,6.9,6.8,0.797,13.5,Oman,0
2011,75.8,15.0,0.6931471805599453,0.54,5.070645327091666,99.0,1.791759469228055,52.0,0.6931471805599453,99.0,2.49,99.0,0.1,8.002145333217026,14.149783234468618,6.9,6.8,0.797,13.6,Oman,0
2012,76.0,14.0,0.6931471805599453,0.51,6.963034337996146,98.0,2.6390573296152584,52.3,0.6931471805599453,99.0,2.52,98.0,0.1,10.004956726736035,14.149783234468618,7.0,6.8,0.797,13.7,Oman,0
2013,76.2,12.0,0.6931471805599453,0.46,7.05262889360204,98.0,0.0,52.8,0.6931471805599453,99.0,2.76,98.0,0.1,9.965041455378348,14.149783234468618,7.0,6.8,0.796,13.7,Oman,0
2014,76.4,11.0,0.6931471805599453,0.4,5.11913910123325,99.0,0.0,53.5,0.6931471805599453,99.0,3.55,99.0,0.1,7.807693945597731,14.149783234468618,7.1,6.9,0.796,13.7,Oman,0
2015,76.6,99.0,0.6931471805599453,0.4,0.0,99.0,0.0,54.6,0.6931471805599453,99.0,3.55,99.0,0.1,9.718865210765161,14.149783234468618,7.1,6.9,0.795,13.7,Oman,0
2000,62.8,19.0,5.955837369464831,0.02,2.987969376083039,63.0,7.632885505395133,16.4,6.206575926724928,65.0,2.79,62.0,0.1,6.2820095388675865,18.746548999423307,22.2,22.6,0.445,5.3,Pakistan,0
2001,63.0,189.0,5.934894195619588,0.01,1.0176419358926463,63.0,8.25582842728183,16.9,6.182084906716632,68.0,2.61,65.0,0.1,3.9637956831931223,16.46603319474594,22.0,22.4,0.45,5.4,Pakistan,0
2002,63.2,187.0,5.918893854273146,0.01,3.152474271870668,63.0,8.269756947532983,17.4,6.163314804034641,71.0,2.76,68.0,0.1,6.216333209561943,18.789856237437863,21.8,22.2,0.457,5.5,Pakistan,0
2003,63.5,185.0,5.905361848054571,0.01,3.2282143531628,63.0,8.464003362902119,17.9,6.1463292576688975,69.0,2.61,67.0,0.1,6.336107494515191,14.205755085149933,21.6,22.0,0.465,5.6,Pakistan,0
2004,63.7,183.0,5.8998973535824915,0.01,3.4006382650522573,65.0,8.354438940114811,18.4,6.135564891081739,65.0,2.56,65.0,0.1,6.478276485997514,9.66675204770245,21.4,21.8,0.474,5.6,Pakistan,0
2005,62.9,2.0,5.8998973535824915,0.04,3.452942150969565,7.0,8.000349495324684,18.9,6.131226489483141,78.0,2.91,77.0,0.1,6.568737730621598,16.54985650870991,21.2,21.7,0.487,6.1,Pakistan,0
2006,64.2,179.0,5.902633333401366,0.03,3.7225148868081024,78.0,8.941414628006845,19.5,6.129050210060545,77.0,3.4,78.0,0.1,6.773964112047762,16.575140299148494,21.0,21.5,0.501,6.5,Pakistan,0
2007,64.4,178.0,5.908082938168931,0.03,1.5918327504095988,75.0,7.938088726896952,2.1,6.131226489483141,75.0,3.35,75.0,0.1,4.568846321155184,16.60869662839062,2.8,21.3,0.505,6.7,Pakistan,0
2008,64.6,177.0,5.91350300563827,0.03,1.863635630171444,65.0,7.029972911706386,2.6,6.133398042996649,7.0,3.26,62.0,0.1,4.943874786173441,16.61062271255488,2.7,21.1,0.513,7.3,Pakistan,0
2009,64.8,175.0,5.918893854273146,0.03,0.5289890147186939,78.0,6.761572768804055,21.3,6.133398042996649,7.0,2.94,71.0,0.1,2.8701684836850605,14.331299245329783,2.5,2.9,0.514,7.3,Pakistan,0
2010,65.1,172.0,5.921578419643816,0.04,0.5113345242541686,82.0,8.371473537066832,21.9,6.135564891081739,82.0,3.2,82.0,0.1,2.7174900386395318,14.37865326187029,2.2,2.7,0.521,7.5,Pakistan,0
2011,65.5,167.0,5.918893854273146,0.04,4.075456684355061,74.0,8.386400901166214,22.5,6.131226489483141,75.0,3.1,74.0,0.1,7.112502909348692,18.97562429683387,2.0,2.4,0.525,7.5,Pakistan,0
2012,65.7,165.0,5.91350300563827,0.04,4.105268039711476,72.0,8.993054630146133,23.2,6.124683390894205,72.0,2.76,72.0,0.1,7.140682549250721,18.996796984710922,19.8,2.2,0.529,7.6,Pakistan,0
2013,66.0,163.0,5.902633333401366,0.04,4.113926383279632,72.0,9.07680897935166,23.9,6.111467339502679,72.0,2.7,72.0,0.1,7.149478443348737,19.017936854023656,19.6,2.0,0.538,7.7,Pakistan,0
2014,66.2,162.0,5.886104031450156,0.01,4.147784390722686,72.0,7.223295679562314,24.7,6.093569770045136,72.0,2.61,72.0,0.1,7.183862869811648,19.038814778196652,19.4,19.8,0.542,7.8,Pakistan,0
2015,66.4,161.0,5.8664680569332965,0.01,0.0,72.0,5.958424693029782,25.4,6.073044534100405,72.0,2.61,72.0,0.1,7.266998328014325,16.75670818435486,19.2,19.6,0.548,8.1,Pakistan,0
2000,75.7,121.0,1.0986122886681098,5.58,2.386100663599832,98.0,0.0,45.9,1.0986122886681098,99.0,7.76,98.0,0.2,3.8564965533315823,10.414753079530504,2.4,2.3,0.716,12.1,Panama,0
2001,75.5,124.0,1.0986122886681098,5.43,2.118724087176266,98.0,0.0,46.9,1.0986122886681098,95.0,7.72,99.0,0.1,6.103392325263338,12.87309399943896,2.3,2.3,0.721,12.4,Panama,0
2002,75.7,125.0,0.6931471805599453,5.52,4.379641319069234,98.0,0.0,47.8,1.0986122886681098,99.0,8.3,99.0,0.2,8.325341577945549,14.962679967776383,2.3,2.2,0.725,12.6,Panama,0
2003,75.5,126.0,0.6931471805599453,5.52,4.085299784430301,98.0,0.0,48.6,1.0986122886681098,95.0,7.6,98.0,0.1,8.358932425411387,12.704344803224544,2.2,2.2,0.728,12.8,Panama,0
2004,75.8,123.0,0.6931471805599453,5.69,6.270248044417599,95.0,0.0,49.5,1.0986122886681098,92.0,8.9,95.0,0.2,8.432265338962937,15.000160471901877,2.2,2.1,0.733,12.8,Panama,0
2005,75.8,122.0,0.6931471805599453,5.53,6.437607719858994,92.0,0.0,5.3,1.0986122886681098,88.0,7.48,92.0,0.1,8.500565486156914,12.717296190115173,2.1,2.1,0.74,12.9,Panama,0
2006,76.2,125.0,0.6931471805599453,5.72,6.449087430074424,88.0,0.0,51.1,1.0986122886681098,98.0,7.0,88.0,0.1,8.584761816959604,12.734333390377524,2.1,2.0,0.744,12.9,Panama,0
2007,76.4,124.0,0.6931471805599453,6.16,4.3470573209017145,85.0,0.0,51.9,1.0986122886681098,84.0,6.31,85.0,0.2,6.507078737366915,12.752423701763451,2.1,2.0,0.743,12.9,Panama,0
2008,76.5,127.0,0.6931471805599453,6.74,6.864662976449347,86.0,0.0,52.7,1.0986122886681098,86.0,6.75,86.0,0.1,8.850077341403903,15.07291104225543,2.0,2.0,0.75,12.8,Panama,0
2009,76.8,127.0,0.6931471805599453,6.87,6.9968236153129615,85.0,0.0,53.4,1.0986122886681098,85.0,7.56,85.0,0.1,8.913365693221678,15.090701835287751,2.0,1.9,0.755,12.8,Panama,0
2010,76.5,122.0,0.6931471805599453,6.94,7.090343446898855,94.0,0.0,54.2,1.0986122886681098,95.0,8.5,94.0,0.1,8.979449377956811,15.108379287402997,2.0,1.9,0.756,12.8,Panama,0
2011,77.3,121.0,0.6931471805599453,6.9,4.789260406939739,87.0,1.6094379124341003,54.9,0.6931471805599453,91.0,7.5,87.0,0.1,6.833810708400728,12.842075235684039,2.0,1.9,0.758,12.9,Panama,0
2012,77.2,12.0,0.6931471805599453,6.95,5.311969070543409,85.0,0.0,55.6,0.6931471805599453,87.0,7.25,85.0,0.1,7.372009367500408,15.143364831309789,1.9,1.9,0.765,12.8,Panama,0
2013,77.5,118.0,0.6931471805599453,6.89,7.435713542326713,8.0,0.0,56.3,0.6931471805599453,81.0,8.9,8.0,0.1,9.366230666082433,15.160582584021661,1.9,1.9,0.773,12.9,Panama,0
2014,77.6,119.0,0.6931471805599453,6.74,7.5194015711562825,8.0,0.0,57.1,0.6931471805599453,8.0,8.3,8.0,0.1,9.441034339025887,12.884073192811869,1.9,1.8,0.78,13.0,Panama,0
2015,77.8,118.0,0.6931471805599453,6.74,0.0,73.0,0.0,57.8,0.6931471805599453,72.0,8.3,73.0,0.1,9.483068948616836,15.194087717939757,1.9,1.8,0.785,13.0,Panama,0
2000,58.9,335.0,2.4849066497880004,0.73,4.152027424598205,57.0,8.872907674259846,37.5,2.70805020110221,51.0,3.98,59.0,1.1,6.450386457481802,15.533304634617245,1.6,1.5,0.418,6.2,Papua New Guinea,0
2001,59.1,331.0,2.4849066497880004,0.68,4.547252736777196,59.0,8.300031711779575,38.2,2.70805020110221,52.0,6.68,55.0,1.3,6.292337881037895,15.558806584643575,1.5,1.5,0.422,6.6,Papua New Guinea,0
2002,59.3,327.0,2.4849066497880004,0.61,4.7183230183338685,6.0,9.77684665156873,38.9,2.70805020110221,54.0,7.69,61.0,1.4,6.239624118223008,15.58405547589765,1.5,1.5,0.428,6.9,Papua New Guinea,0
2003,59.6,321.0,2.4849066497880004,0.59,4.83134064040545,67.0,8.259458195332408,39.6,2.70805020110221,62.0,6.79,68.0,1.4,6.379034249166723,11.03044431421338,1.5,1.4,0.433,7.2,Papua New Guinea,0
2004,59.9,314.0,2.4849066497880004,0.58,5.068916441139046,6.0,7.234177179749849,4.4,2.772588722239781,59.0,8.39,62.0,1.5,6.458904927630523,15.633833733722598,1.5,1.4,0.439,7.6,Papua New Guinea,0
2005,64.0,37.0,2.4849066497880004,0.84,2.569211030542152,63.0,7.109062135687172,41.1,2.772588722239781,61.0,6.42,72.0,1.5,4.364083472151031,13.355821549645663,1.4,1.4,0.446,7.9,Papua New Guinea,0
2006,68.0,299.0,2.4849066497880004,0.64,4.84901175734022,71.0,0.6931471805599453,41.9,2.70805020110221,67.0,5.92,72.0,1.5,6.751507142195791,13.380523431938014,1.4,1.4,0.454,8.2,Papua New Guinea,0
2007,61.1,295.0,2.4849066497880004,0.71,4.462656148220093,61.0,0.0,42.7,2.70805020110221,72.0,4.4,71.0,1.4,6.8645021566640585,15.7068020400803,1.4,1.3,0.461,8.6,Papua New Guinea,0
2008,61.4,29.0,2.4849066497880004,0.81,4.651364342491209,59.0,0.0,43.4,2.70805020110221,76.0,4.6,63.0,1.3,7.073036376678545,15.730547275316992,1.4,1.3,0.469,8.9,Papua New Guinea,0
2009,61.6,288.0,2.4849066497880004,0.82,3.0695994275347727,66.0,0.0,44.2,2.70805020110221,79.0,4.36,73.0,1.1,7.062759911231073,15.753884955864056,1.4,1.3,0.477,9.2,Papua New Guinea,0
2010,61.8,286.0,2.3978952727983707,0.79,2.9957132563731657,56.0,0.0,44.9,2.70805020110221,72.0,4.18,67.0,1.1,7.221016725856725,13.48455905401576,1.4,1.3,0.485,9.6,Papua New Guinea,0
2011,62.0,285.0,2.3978952727983707,0.88,3.194882794772921,66.0,0.0,45.7,2.6390573296152584,69.0,4.94,72.0,1.0,5.1866431782057925,15.799177299420432,1.3,1.3,0.494,9.9,Papua New Guinea,0
2012,62.2,284.0,2.3978952727983707,0.01,3.485408779031542,68.0,0.0,46.4,2.6390573296152584,81.0,4.55,74.0,1.0,5.606973222136954,13.519577203790876,1.3,1.3,0.501,9.9,Papua New Guinea,0
2013,62.4,281.0,2.3978952727983707,0.01,3.2849937337410817,73.0,2.5649493574615367,47.2,2.6390573296152584,8.0,4.78,79.0,0.8,5.442216997739638,15.842719680206114,1.3,1.3,0.506,10.0,Papua New Guinea,0
2014,62.7,278.0,2.3978952727983707,0.01,5.3434396709076415,67.0,7.7406644019172415,47.9,2.6390573296152584,64.0,4.26,73.0,0.7,7.688783550512508,15.863949703421994,1.3,1.3,0.511,10.0,Papua New Guinea,0
2015,62.9,275.0,2.3978952727983707,0.01,0.0,67.0,3.6635616461296463,48.6,2.5649493574615367,74.0,4.26,73.0,0.6,7.688783550512508,15.884879793852301,1.3,1.3,0.515,10.0,Papua New Guinea,0
2000,79.0,172.0,1.6094379124341003,6.78,5.615227641332243,86.0,0.0,39.1,1.791759469228055,86.0,8.1,86.0,0.1,7.343831336601606,8.580731212220226,2.5,2.4,0.625,11.6,Paraguay,0
2001,71.2,17.0,1.6094379124341003,6.66,5.4589421595764085,86.0,0.0,39.8,1.791759469228055,9.0,7.61,89.0,0.1,7.257190150736391,13.211518288715222,2.5,2.4,0.624,11.8,Paraguay,0
2002,71.5,168.0,1.6094379124341003,5.66,5.035844178598599,86.0,0.0,4.6,1.6094379124341003,87.0,6.77,87.0,0.1,7.046847329203555,13.233210414539593,2.4,2.3,0.632,12.2,Paraguay,0
2003,71.7,166.0,1.6094379124341003,6.64,5.0525658425834505,86.0,0.0,41.3,1.6094379124341003,86.0,5.99,86.0,0.1,7.069686480751802,10.947221179694248,2.4,2.3,0.642,12.7,Paraguay,0
2004,71.9,165.0,1.3862943611198906,6.2,3.0727317523773077,9.0,0.0,42.0,1.6094379124341003,92.0,5.78,92.0,0.2,5.007483505758808,10.957363947362847,2.3,2.2,0.639,12.1,Paraguay,0
2005,72.1,163.0,1.3862943611198906,6.38,3.0764073784530126,92.0,0.0,42.8,1.6094379124341003,96.0,6.7,96.0,0.2,5.063516703095298,15.572591449572233,2.3,2.2,0.646,12.3,Paraguay,0
2006,72.3,161.0,1.3862943611198906,5.61,3.3025080389791523,92.0,0.0,43.5,1.6094379124341003,98.0,6.43,98.0,0.2,5.250782212024445,15.587542887046922,2.2,2.2,0.648,12.1,Paraguay,0
2007,72.5,159.0,1.3862943611198906,5.61,5.767133369594878,86.0,0.0,44.2,1.6094379124341003,95.0,6.41,95.0,0.1,7.746384068178056,15.601614062336171,2.2,2.1,0.649,12.0,Paraguay,0
2008,72.7,157.0,1.3862943611198906,6.14,3.576249405983138,87.0,0.0,44.9,1.6094379124341003,85.0,7.6,89.0,0.1,5.888856307128966,13.380283937070171,2.1,2.1,0.654,11.9,Paraguay,0
2009,73.0,155.0,1.3862943611198906,5.39,3.4637087081784723,85.0,0.0,45.6,1.3862943611198906,81.0,9.14,85.0,0.1,7.863496028101996,15.628352554021795,2.1,2.0,0.663,12.1,Paraguay,0
2010,73.2,152.0,1.3862943611198906,5.65,5.888811584108,89.0,0.0,46.4,1.3862943611198906,85.0,9.1,89.0,0.1,8.079181674597463,13.35328142882133,2.1,2.0,0.664,12.4,Paraguay,0
2011,73.4,15.0,1.3862943611198906,5.79,6.159503936103215,89.0,0.0,47.1,1.3862943611198906,84.0,9.42,89.0,0.1,8.29132566845763,15.655073037619125,2.1,2.0,0.675,12.3,Paraguay,0
2012,73.6,148.0,1.3862943611198906,5.36,6.093218973534521,87.0,0.0,47.9,1.3862943611198906,83.0,1.33,87.0,0.1,8.257525100105127,15.668556390793679,2.0,2.0,0.679,12.3,Paraguay,0
2013,73.8,148.0,1.3862943611198906,5.03,6.353386423639346,86.0,0.0,48.6,1.3862943611198906,8.0,1.49,86.0,0.2,8.407592271270984,13.379444479746235,2.0,1.9,0.679,12.3,Paraguay,0
2014,73.9,147.0,1.3862943611198906,0.01,6.332868300394397,87.0,0.0,49.4,1.3862943611198906,83.0,9.81,87.0,0.2,8.458254479055478,15.695370186243595,2.0,1.9,0.688,12.3,Paraguay,0
2015,74.0,146.0,1.0986122886681098,0.01,0.0,93.0,0.0,5.2,1.3862943611198906,89.0,9.81,93.0,0.2,6.0411298615550075,15.708489982549242,2.0,1.9,0.692,12.3,Paraguay,0
2000,71.4,154.0,2.9444389791664403,4.59,5.698807565960368,65.0,0.6931471805599453,45.4,3.2188758248682006,93.0,4.83,98.0,0.5,7.599761653570328,17.07032787907236,1.4,1.4,0.674,13.5,Peru,0
2001,72.4,142.0,2.8903717578961645,4.22,5.715499909268041,65.0,0.0,46.1,3.1354942159291497,9.0,4.98,9.0,0.5,7.591984640230368,17.083609367607266,1.4,1.4,0.677,13.4,Peru,0
2002,72.6,144.0,2.833213344056216,4.03,3.7266033415727495,65.0,0.0,46.7,3.044522437723423,95.0,4.94,95.0,0.4,5.561423501915095,14.794388408227535,1.4,1.4,0.686,13.9,Peru,0
2003,72.1,152.0,2.772588722239781,4.5,3.575244108231385,65.0,0.0,47.4,2.995732273553991,95.0,4.6,94.0,0.4,5.390258103422522,17.109038798178673,1.3,1.3,0.686,13.3,Peru,0
2004,72.2,151.0,2.70805020110221,4.27,5.88036364385077,92.0,0.0,48.1,2.9444389791664403,81.0,4.56,86.0,0.4,7.80349381349465,17.121414909675046,1.3,1.3,0.685,12.8,Peru,0
2005,72.8,148.0,2.6390573296152584,4.44,6.022392715465849,94.0,0.0,48.8,2.833213344056216,66.0,4.72,77.0,0.4,7.921456855445842,12.528670505146891,1.3,1.3,0.692,13.0,Peru,0
2006,74.2,134.0,2.5649493574615367,4.22,6.108729773613232,94.0,0.0,49.5,2.772588722239781,94.0,4.47,94.0,0.4,8.06227474568773,17.145925789763805,1.2,1.2,0.693,13.0,Peru,0
2007,74.0,133.0,2.4849066497880004,4.29,6.248823424925403,93.0,0.0,5.2,2.772588722239781,93.0,4.6,93.0,0.3,8.19207635352339,17.158115262428236,1.2,1.2,0.696,13.2,Peru,0
2008,73.9,138.0,2.4849066497880004,4.85,4.085959072066833,93.0,0.6931471805599453,5.8,2.70805020110221,93.0,4.73,93.0,0.3,6.063501703387499,14.867799287889047,1.2,1.2,0.7,13.2,Peru,0
2009,73.8,14.0,2.3978952727983707,4.69,6.348182672014403,93.0,0.0,51.5,2.6390573296152584,92.0,5.36,93.0,0.3,8.335175717184494,10.280484596664767,1.2,1.2,0.706,13.3,Peru,0
2010,73.7,14.0,2.3978952727983707,4.72,4.2547519860265774,93.0,0.0,52.2,2.5649493574615367,92.0,5.3,93.0,0.2,6.260524023540235,17.195608469793353,1.1,1.1,0.708,13.3,Peru,0
2011,74.5,133.0,2.302585092994046,4.83,6.634026168960597,91.0,0.0,52.9,2.5649493574615367,91.0,4.93,91.0,0.2,8.660871953549844,17.208675431907604,1.1,1.1,0.721,13.4,Peru,0
2012,74.9,129.0,2.302585092994046,5.14,6.7878289940194225,95.0,0.0,53.6,2.4849066497880004,94.0,5.18,95.0,0.1,8.76229943243077,14.965755633385879,1.1,1.1,0.725,13.4,Peru,0
2013,75.3,125.0,2.1972245773362196,5.38,6.8539874691893266,88.0,0.0,54.2,2.4849066497880004,71.0,5.23,88.0,0.1,8.792415398337125,15.086875713627848,1.1,1.1,0.731,13.4,Peru,0
2014,75.3,125.0,2.1972245773362196,0.01,6.88215915021893,88.0,0.0,54.9,2.3978952727983707,78.0,5.47,88.0,0.1,8.77840671711469,15.195121383938634,1.1,1.1,0.735,13.4,Peru,0
2015,75.5,123.0,2.1972245773362196,0.01,0.0,9.0,1.6094379124341003,55.6,2.3978952727983707,88.0,5.47,9.0,0.1,4.164232173310166,17.26157524483297,1.1,1.1,0.737,13.4,Peru,0
2000,66.8,219.0,4.248495242049359,4.73,2.541369260085021,7.0,8.870803443982124,17.8,4.51085950651685,74.0,3.21,78.0,0.1,4.94106918691254,18.17211130189006,1.0,9.6,0.618,11.4,Philippines,0
2001,66.8,221.0,4.23410650459726,4.54,4.248786978061698,45.0,8.903951072058707,18.3,4.499809670330265,76.0,3.0,79.0,0.1,6.865147775764517,18.193344867109058,1.0,9.7,0.622,11.4,Philippines,0
2002,66.8,221.0,4.23410650459726,4.42,0.09519398214454736,42.0,8.854236693405742,18.7,4.499809670330265,77.0,2.79,79.0,0.1,0.9863203990360061,13.609134395010555,1.0,9.7,0.625,11.4,Philippines,0
2003,67.2,217.0,4.219507705176107,4.44,0.6424585917221872,52.0,9.260272740724393,19.2,4.477336814478207,85.0,3.25,84.0,0.1,2.529975294511676,15.935608680484277,1.0,9.7,0.631,11.6,Philippines,0
2004,67.3,218.0,4.204692619390966,4.45,2.6671623051049447,48.0,8.014996894348302,19.6,4.465908118654584,85.0,3.23,88.0,0.1,5.19501861288637,18.25437221947194,1.0,9.7,0.636,11.6,Philippines,0
2005,67.0,223.0,4.189654742026425,4.22,4.6703088226453175,49.0,4.77912349311153,2.1,4.442651256490317,9.0,3.91,89.0,0.1,7.086484687563333,18.27304159468679,1.0,9.7,0.642,11.6,Philippines,0
2006,67.3,219.0,4.1588830833596715,4.08,4.806988332240351,77.0,2.302585092994046,2.6,4.418840607796598,88.0,3.95,88.0,0.1,7.2390515182106165,15.989059283411505,1.0,9.7,0.646,11.5,Philippines,0
2007,67.5,216.0,4.143134726391533,4.19,4.929623874039016,87.0,6.274762021241939,21.1,4.394449154672439,87.0,3.94,87.0,0.1,7.422783320010366,16.004854161849618,1.0,9.7,0.648,11.4,Philippines,0
2008,67.5,217.0,4.110873864173311,4.21,5.052907512053978,88.0,5.834810737062605,21.6,4.3694478524670215,91.0,4.5,91.0,0.1,7.560323245444109,16.092969106733232,1.0,9.7,0.655,11.5,Philippines,0
2009,68.0,219.0,4.0943445622221,4.42,5.078511046104197,85.0,7.293017679772782,22.1,4.343805421853684,86.0,4.41,87.0,0.1,7.510070075977614,16.03719791118233,1.0,9.7,0.661,11.7,Philippines,0
2010,67.9,218.0,4.07753744390572,4.85,5.294592334221779,77.0,8.759197750371365,22.6,4.31748811353631,78.0,4.37,79.0,0.1,7.664111617154877,18.35589285839274,1.0,9.7,0.662,11.4,Philippines,0
2011,68.0,218.0,4.060443010546419,4.96,5.26007006455635,87.0,8.785539527561276,23.1,4.290459441148391,87.0,4.29,87.0,0.1,7.763666575279254,16.069723874252645,1.0,9.7,0.669,11.5,Philippines,0
2012,68.1,217.0,4.04305126783455,5.02,5.364768972820734,88.0,7.337587743538596,23.7,4.276666119016055,88.0,4.46,88.0,0.1,7.856636544403139,18.388845776110227,1.0,9.7,0.666,11.6,Philippines,0
2013,68.1,219.0,4.02535169073515,4.61,3.2421912550414667,89.0,7.979681302387741,24.3,4.248495242049359,84.0,4.56,89.0,0.1,5.62506081013191,16.10279245203549,1.0,9.7,0.671,11.7,Philippines,0
2014,68.4,214.0,4.007333185232471,4.52,3.4742099551333605,67.0,10.98273012019061,24.8,4.23410650459726,77.0,4.71,67.0,0.1,7.9529451145278625,11.628483805604501,1.0,9.7,0.676,11.7,Philippines,0
2015,68.5,211.0,3.970291913552122,4.52,0.0,6.0,6.429719478039138,25.4,4.204692619390966,79.0,4.71,6.0,0.1,7.965315814098518,16.276496713668344,1.0,9.7,0.679,11.7,Philippines,0
2000,73.7,153.0,1.3862943611198906,8.4,6.024494012343468,99.0,4.356708826689592,53.1,1.6094379124341003,98.0,5.5,98.0,0.1,8.410437845657256,17.45987971370328,2.5,2.8,0.777,14.6,Poland,1
2001,74.2,149.0,1.3862943611198906,7.74,6.147908974141766,95.0,4.897839799950911,53.6,1.3862943611198906,98.0,5.86,98.0,0.1,8.513626562349806,15.157036867862985,2.5,2.7,0.784,14.7,Poland,1
2002,74.5,145.0,1.3862943611198906,8.02,6.2481501010611975,98.0,3.5553480614894135,54.0,1.3862943611198906,98.0,6.32,99.0,0.1,8.556016310347102,15.156641482879168,2.5,2.6,0.79,15.0,Poland,1
2003,74.7,142.0,1.3862943611198906,9.06,6.297152597082181,97.0,3.8918202981106265,54.5,1.3862943611198906,98.0,6.22,99.0,0.1,8.647260318395722,12.854374122298267,2.4,2.6,0.796,15.3,Poland,1
2004,74.9,143.0,1.0986122886681098,9.19,6.47554726376428,98.0,2.4849066497880004,55.0,1.3862943611198906,99.0,6.19,99.0,0.1,8.807199383707985,17.457880598768064,2.4,2.5,0.8,15.5,Poland,1
2005,75.0,144.0,1.0986122886681098,9.5,4.387201058223872,98.0,2.6390573296152584,55.5,1.3862943611198906,99.0,6.2,99.0,0.1,6.712046393246124,17.457441109246254,2.3,2.5,0.797,14.8,Poland,1
2006,75.2,144.0,1.0986122886681098,10.4,2.317035767242308,98.0,4.795790545596741,56.0,1.3862943611198906,99.0,6.17,99.0,0.1,4.561976631541335,17.45680740351994,2.3,2.4,0.803,15.0,Poland,1
2007,75.3,144.0,1.0986122886681098,10.9,2.728130253964646,98.0,3.713572066704308,56.6,1.3862943611198906,99.0,6.28,99.0,0.1,7.027597100550328,12.851228967390941,2.2,2.4,0.808,15.0,Poland,1
2008,75.5,14.0,1.0986122886681098,11.4,2.816291465615762,98.0,0.0,57.2,1.3862943611198906,96.0,6.88,99.0,0.1,4.958969158282153,17.45640072711939,2.2,2.3,0.813,15.0,Poland,1
2009,75.7,136.0,1.0986122886681098,10.7,7.1702424258992705,98.0,4.7535901911063645,57.8,1.3862943611198906,96.0,7.12,99.0,0.1,9.352585596279006,15.154494209981184,2.1,2.3,0.818,15.1,Poland,1
2010,76.3,13.0,1.0986122886681098,10.59,5.400385049728664,98.0,2.6390573296152584,58.4,1.0986122886681098,96.0,6.88,99.0,0.1,9.441493747627556,15.161710524382285,2.1,2.2,0.822,15.1,Poland,1
2011,76.7,128.0,1.0986122886681098,10.93,5.525761171304642,98.0,0.0,59.1,1.0986122886681098,96.0,6.7,99.0,0.1,9.539225879150655,15.167020909191221,2.0,2.2,0.829,15.4,Poland,1
2012,76.8,125.0,1.0986122886681098,10.81,5.442591275545094,97.0,4.276666119016055,59.7,1.0986122886681098,95.0,6.62,99.0,0.1,9.483884097364705,15.16699735365367,2.0,2.1,0.834,15.3,Poland,1
2013,77.1,12.0,1.0986122886681098,11.63,3.1960302351504137,96.0,4.442651256490317,6.4,1.0986122886681098,95.0,6.4,99.0,0.1,7.229511992878701,12.858910720853,2.0,2.1,0.838,15.4,Poland,1
2014,77.3,12.0,1.0986122886681098,10.71,5.500476170136948,96.0,0.0,61.1,1.0986122886681098,94.0,6.35,98.0,0.1,9.570994637900629,15.153595286373733,1.9,2.1,0.85,16.4,Poland,1
2015,77.5,117.0,1.0986122886681098,10.71,0.0,96.0,0.0,61.7,1.0986122886681098,92.0,6.35,98.0,0.1,9.43882862290343,17.452739101121896,1.9,2.0,0.852,16.4,Poland,1
2000,76.6,11.0,0.6931471805599453,11.89,5.125914556742148,58.0,3.828641396489095,5.1,0.6931471805599453,96.0,9.14,96.0,0.1,7.050466615441403,14.07007447869903,0.8,0.6,0.777,15.5,Portugal,1
2001,76.9,11.0,0.6931471805599453,12.22,7.4135653571009765,7.0,0.0,5.9,0.6931471805599453,96.0,9.1,97.0,0.1,9.369917401927948,14.124995461851878,0.8,0.6,0.782,15.7,Portugal,1
2002,77.2,17.0,0.6931471805599453,12.0,7.5522385001584915,82.0,2.1972245773362196,51.7,0.6931471805599453,96.0,9.15,98.0,0.1,9.463686321874517,14.165908241061425,0.8,0.6,0.788,15.9,Portugal,1
2003,77.3,15.0,0.0,14.21,7.734073948158927,94.0,2.1972245773362196,52.5,0.6931471805599453,96.0,9.54,99.0,0.1,9.666101392585237,14.193139818691348,0.7,0.6,0.789,15.8,Portugal,1
2004,78.0,99.0,0.0,13.45,5.624378378971059,94.0,1.791759469228055,53.3,0.6931471805599453,95.0,9.84,95.0,0.1,7.5210949450417965,14.2101587064717,0.7,0.6,0.792,15.9,Portugal,1
2005,77.7,11.0,0.0,13.33,7.942712313206664,94.0,2.0794415416798357,54.1,0.6931471805599453,93.0,9.98,93.0,0.1,9.84086444914753,9.63782786411884,0.7,0.6,0.79,15.4,Portugal,1
2006,78.5,96.0,0.0,13.11,7.967287178571082,97.0,0.0,54.9,0.0,97.0,9.67,97.0,0.1,9.8945701418522,14.235725681113074,0.7,0.5,0.793,15.4,Portugal,1
2007,78.7,94.0,0.0,12.57,5.8122090224301415,97.0,0.0,55.7,0.0,96.0,9.62,97.0,0.1,7.73174846849923,14.249216448003134,0.7,0.5,0.797,15.4,Portugal,1
2008,79.0,92.0,0.0,12.35,8.203541976035813,97.0,0.6931471805599453,56.5,0.0,97.0,9.9,97.0,0.1,10.119271625199202,14.259027747924133,0.7,0.5,0.804,15.8,Portugal,1
2009,79.3,9.0,0.0,12.03,5.823348665028309,96.0,1.3862943611198906,57.3,0.0,96.0,1.42,96.0,0.1,7.768521296625652,14.265469630651305,0.7,0.5,0.809,16.0,Portugal,1
2010,79.6,88.0,0.0,12.25,8.045700397595128,97.0,1.791759469228055,58.1,0.0,97.0,1.44,98.0,0.1,10.023031472480929,9.6634521335517,0.7,0.5,0.812,16.0,Portugal,1
2011,82.0,85.0,0.0,11.92,8.042149240423411,97.0,1.0986122886681098,58.8,0.0,97.0,1.7,97.0,0.1,10.051786160199821,11.956052379459981,0.7,0.5,0.818,16.2,Portugal,1
2012,83.0,81.0,0.0,11.96,5.806510633701425,98.0,3.1780538303479458,59.5,0.0,98.0,9.74,98.0,0.1,7.854934569356661,14.230823681460535,0.7,0.5,0.824,16.3,Portugal,1
2013,86.0,79.0,0.0,10.0,7.900643345118352,98.0,0.6931471805599453,6.2,0.0,98.0,9.55,98.0,0.1,9.981361849675164,14.19209322171599,0.7,0.5,0.827,16.3,Portugal,1
2014,89.0,78.0,0.0,9.88,5.606737485640168,98.0,0.0,6.9,0.0,98.0,9.5,98.0,0.1,7.731288467501632,9.558388209214396,0.7,0.5,0.837,16.8,Portugal,1
2015,81.1,76.0,0.0,9.88,0.0,98.0,2.1972245773362196,61.6,0.0,98.0,9.5,98.0,0.1,7.561995817063443,11.819505343726405,0.7,0.5,0.841,16.6,Portugal,1
2000,76.2,88.0,0.0,0.5,7.352625158944766,89.0,3.8501476017100584,62.4,0.0,91.0,2.18,8.0,0.1,10.308528954226738,14.149783234468618,4.8,4.5,0.808,13.0,Qatar,0
2001,76.3,87.0,0.0,0.76,5.141952717615532,93.0,3.1780538303479458,63.3,0.0,93.0,2.56,93.0,0.1,7.953190517652527,14.149783234468618,4.8,4.5,0.809,12.6,Qatar,0
2002,76.4,85.0,0.0,0.87,5.245329450257427,98.0,3.5553480614894135,64.1,0.0,96.0,2.71,96.0,0.1,8.006585850491481,14.149783234468618,4.8,4.5,0.807,12.2,Qatar,0
2003,76.5,85.0,0.0,1.0,8.306712216963643,93.0,3.2188758248682006,64.7,0.0,93.0,4.14,92.0,0.1,10.439336909578179,14.149783234468618,4.8,4.5,0.815,12.8,Qatar,0
2004,76.6,84.0,0.0,1.11,8.31035199884456,97.0,3.4011973816621555,65.0,0.0,95.0,3.61,96.0,0.1,10.641114491275026,14.149783234468618,4.8,4.5,0.826,13.5,Qatar,0
2005,76.6,84.0,0.0,1.18,8.430212958887068,97.0,4.31748811353631,65.1,0.0,98.0,3.1,97.0,0.1,10.849133090894652,14.149783234468618,4.8,4.5,0.83,13.7,Qatar,0
2006,76.6,83.0,0.0,1.28,6.108347842341541,96.0,4.976733742420574,65.0,0.0,95.0,2.58,96.0,0.1,8.741545493496805,14.149783234468618,4.9,4.5,0.835,13.7,Qatar,0
2007,76.7,83.0,0.0,1.24,3.81076656164553,94.0,5.8916442118257715,65.1,0.0,97.0,2.31,94.0,0.1,6.517098849138585,14.149783234468618,4.9,4.5,0.83,12.6,Qatar,0
2008,76.8,82.0,0.0,1.37,8.609798499624173,97.0,0.0,65.2,0.0,98.0,1.87,97.0,0.1,11.326214757290648,14.149783234468618,5.0,4.5,0.825,11.7,Qatar,0
2009,77.0,79.0,0.0,1.11,8.213298884821935,99.0,4.727387818712341,65.6,0.0,98.0,2.63,99.0,0.1,11.026454805415696,14.149783234468618,5.0,4.6,0.828,11.8,Qatar,0
2010,77.3,76.0,0.0,1.16,3.65760775659703,97.0,5.69035945432406,66.0,0.0,98.0,2.9,97.0,0.1,6.602896989596986,14.149783234468618,5.0,4.6,0.825,12.0,Qatar,0
2011,77.5,74.0,0.0,1.16,8.391668668372311,93.0,4.624972813284271,66.5,0.0,92.0,1.93,93.0,0.1,11.361518055600113,14.149783234468618,5.1,4.6,0.827,12.4,Qatar,0
2012,77.8,72.0,0.0,1.13,8.549530495093688,93.0,5.081404364984463,67.0,0.0,93.0,2.16,92.0,0.1,11.391501317027648,14.149783234468618,5.1,4.7,0.837,13.4,Qatar,0
2013,77.9,7.0,0.0,1.2,6.246249157475124,97.0,4.30406509320417,67.7,0.0,99.0,2.15,97.0,0.1,9.086575936108526,14.149783234468618,5.1,4.7,0.843,13.4,Qatar,0
2014,78.1,69.0,0.0,1.15,8.530013282545758,89.0,3.8501476017100584,68.4,0.0,99.0,2.19,89.0,0.1,11.371980509961483,14.149783234468618,5.2,4.8,0.854,13.4,Qatar,0
2015,78.2,68.0,0.0,1.15,0.0,99.0,2.9444389791664403,69.3,0.0,99.0,2.19,99.0,0.1,11.102661701761114,14.149783234468618,5.2,4.9,0.855,13.4,Qatar,0
2000,76.0,116.0,1.6094379124341003,10.33,0.0,93.0,10.393538877085641,24.7,1.6094379124341003,99.0,4.23,97.0,0.1,7.1137238128557545,14.149783234468618,1.6,1.1,0.631,11.7,Republic of Korea,0
2001,76.7,17.0,1.3862943611198906,11.45,0.0,89.0,10.045898158017241,25.2,1.6094379124341003,99.0,4.76,97.0,0.1,7.1137238128557545,14.149783234468618,1.6,1.1,0.631,11.7,Republic of Korea,0
2002,77.1,99.0,1.3862943611198906,9.55,0.0,92.0,4.143134726391533,25.7,1.6094379124341003,99.0,4.61,97.0,0.1,7.1137238128557545,14.149783234468618,1.6,1.1,0.631,11.7,Republic of Korea,0
2003,77.6,95.0,1.3862943611198906,9.66,0.0,91.0,3.5263605246161616,26.2,1.3862943611198906,94.0,4.93,97.0,0.1,7.1137238128557545,14.149783234468618,1.6,1.0,0.631,11.7,Republic of Korea,0
2004,78.2,89.0,1.3862943611198906,9.18,0.0,92.0,2.4849066497880004,26.7,1.3862943611198906,9.0,4.96,88.0,0.1,7.1137238128557545,14.149783234468618,1.6,1.0,0.631,11.7,Republic of Korea,0
2005,78.7,84.0,1.0986122886681098,9.03,0.0,99.0,2.0794415416798357,27.2,1.3862943611198906,96.0,5.33,96.0,0.1,7.1137238128557545,14.149783234468618,1.6,1.0,0.631,11.7,Republic of Korea,0
2006,79.4,79.0,1.0986122886681098,8.83,0.0,99.0,3.367295829986474,27.7,1.0986122886681098,98.0,5.76,98.0,0.1,7.1137238128557545,14.149783234468618,1.5,1.0,0.631,11.7,Republic of Korea,0
2007,79.8,77.0,1.0986122886681098,9.05,0.0,91.0,5.272999558563747,28.2,1.0986122886681098,91.0,5.99,91.0,0.1,7.1137238128557545,14.149783234468618,1.5,1.0,0.631,11.7,Republic of Korea,0
2008,83.0,75.0,1.0986122886681098,9.31,0.0,94.0,1.0986122886681098,28.6,1.0986122886681098,92.0,6.16,94.0,0.1,7.1137238128557545,14.149783234468618,1.5,1.0,0.631,11.7,Republic of Korea,0
2009,86.0,75.0,1.0986122886681098,8.97,0.0,94.0,2.8903717578961645,29.1,1.0986122886681098,95.0,6.66,94.0,0.1,7.1137238128557545,14.149783234468618,1.5,1.0,0.631,11.7,Republic of Korea,0
2010,87.0,74.0,1.0986122886681098,9.23,0.0,94.0,4.74493212836325,29.5,1.0986122886681098,95.0,6.79,94.0,0.1,7.1137238128557545,14.149783234468618,1.5,1.0,0.631,11.7,Republic of Korea,0
2011,81.1,72.0,1.0986122886681098,9.34,0.0,99.0,3.7612001156935624,3.0,1.0986122886681098,98.0,6.83,99.0,0.1,7.1137238128557545,14.149783234468618,1.5,1.0,0.631,11.7,Republic of Korea,0
2012,81.2,69.0,0.6931471805599453,9.56,0.0,99.0,1.0986122886681098,3.4,1.0986122886681098,99.0,7.1,99.0,0.1,7.1137238128557545,14.149783234468618,1.5,1.0,0.631,11.7,Republic of Korea,0
2013,81.7,68.0,0.6931471805599453,9.33,0.0,99.0,4.68213122712422,3.8,1.0986122886681098,99.0,7.2,99.0,0.1,7.1137238128557545,14.149783234468618,1.5,1.0,0.631,11.7,Republic of Korea,0
2014,82.0,66.0,0.6931471805599453,0.01,0.0,99.0,6.093569770045136,31.2,1.0986122886681098,99.0,7.37,99.0,0.1,7.1137238128557545,14.149783234468618,1.5,1.0,0.631,11.7,Republic of Korea,0
2015,82.3,64.0,0.6931471805599453,0.01,0.0,98.0,2.0794415416798357,31.7,1.0986122886681098,98.0,7.37,98.0,0.1,7.1137238128557545,14.149783234468618,1.5,1.0,0.631,11.7,Republic of Korea,0
2000,67.1,235.0,0.6931471805599453,9.89,0.0,92.0,6.5337888379333435,46.5,1.0986122886681098,97.0,6.65,95.0,0.1,7.1137238128557545,14.149783234468618,3.6,3.7,0.631,11.7,Republic of Moldova,0
2001,67.6,228.0,0.6931471805599453,10.98,0.0,94.0,6.126869184114185,46.8,0.6931471805599453,98.0,7.0,97.0,0.1,7.1137238128557545,14.149783234468618,3.5,3.6,0.631,11.7,Republic of Moldova,0
2002,67.5,225.0,0.6931471805599453,6.71,0.0,99.0,8.503094267036737,47.2,0.6931471805599453,98.0,8.31,97.0,0.1,7.1137238128557545,14.149783234468618,3.4,3.6,0.631,11.7,Republic of Moldova,0
2003,67.6,226.0,0.6931471805599453,8.15,0.0,99.0,4.477336814478207,47.6,0.6931471805599453,98.0,8.24,98.0,0.1,7.1137238128557545,14.149783234468618,3.3,3.5,0.631,11.7,Republic of Moldova,0
2004,68.0,225.0,0.6931471805599453,12.27,0.0,99.0,1.6094379124341003,47.9,0.6931471805599453,98.0,8.49,98.0,0.1,7.1137238128557545,14.149783234468618,3.2,3.4,0.631,11.7,Republic of Moldova,0
2005,67.3,248.0,0.6931471805599453,10.78,0.0,99.0,1.9459101490553132,48.3,0.6931471805599453,99.0,9.15,98.0,0.1,7.1137238128557545,14.149783234468618,3.1,3.3,0.631,11.7,Republic of Moldova,0
2006,68.0,242.0,0.6931471805599453,8.36,0.0,98.0,3.5553480614894135,48.7,0.6931471805599453,98.0,1.63,97.0,0.1,7.1137238128557545,14.149783234468618,3.1,3.3,0.631,11.7,Republic of Moldova,0
2007,68.3,237.0,0.6931471805599453,9.66,0.0,95.0,2.3978952727983707,49.1,0.6931471805599453,93.0,1.88,92.0,0.1,7.1137238128557545,14.149783234468618,3.0,3.2,0.631,11.7,Republic of Moldova,0
2008,68.9,228.0,0.6931471805599453,9.07,0.0,97.0,0.0,49.5,0.6931471805599453,96.0,11.41,9.0,0.1,7.1137238128557545,14.149783234468618,2.9,3.1,0.631,11.7,Republic of Moldova,0
2009,69.0,218.0,0.6931471805599453,8.45,0.0,89.0,0.0,49.9,0.6931471805599453,87.0,12.49,85.0,0.1,7.1137238128557545,14.149783234468618,2.9,3.1,0.631,11.7,Republic of Moldova,0
2010,68.8,219.0,0.6931471805599453,8.25,0.0,98.0,0.0,5.4,0.6931471805599453,97.0,12.8,9.0,0.1,7.1137238128557545,14.149783234468618,2.8,3.0,0.631,11.7,Republic of Moldova,0
2011,77.0,177.0,0.6931471805599453,9.45,0.0,96.0,0.0,5.9,0.6931471805599453,96.0,1.61,93.0,0.1,7.1137238128557545,14.149783234468618,2.8,3.0,0.631,11.7,Republic of Moldova,0
2012,79.0,175.0,0.6931471805599453,10.68,0.0,94.0,2.4849066497880004,51.5,0.6931471805599453,92.0,11.87,92.0,0.1,7.1137238128557545,14.149783234468618,2.7,2.9,0.631,11.7,Republic of Moldova,0
2013,71.7,163.0,0.6931471805599453,10.49,0.0,91.0,3.332204510175204,52.1,0.6931471805599453,92.0,1.5,9.0,0.1,7.1137238128557545,14.149783234468618,2.7,2.9,0.631,11.7,Republic of Moldova,0
2014,71.8,162.0,0.6931471805599453,9.99,0.0,92.0,1.0986122886681098,52.7,0.6931471805599453,92.0,1.32,9.0,0.1,7.1137238128557545,14.149783234468618,2.7,2.8,0.631,11.7,Republic of Moldova,0
2015,72.1,157.0,0.6931471805599453,9.99,0.0,88.0,0.0,53.4,0.6931471805599453,88.0,1.32,87.0,0.1,7.1137238128557545,14.149783234468618,2.7,2.8,0.631,11.7,Republic of Moldova,0
2000,77.0,175.0,1.6094379124341003,10.16,5.034591960497497,98.0,3.58351893845611,51.4,1.791759469228055,99.0,4.33,99.0,0.1,7.420077421005878,16.92648807191683,4.0,4.3,0.703,11.5,Romania,1
2001,78.0,179.0,1.6094379124341003,9.78,5.199101893603581,98.0,2.3978952727983707,51.9,1.791759469228055,99.0,4.36,99.0,0.1,7.517917212258762,14.609949086336787,3.8,4.2,0.708,11.7,Romania,1
2002,77.0,178.0,1.6094379124341003,9.62,3.6590064229901675,99.0,2.70805020110221,52.4,1.791759469228055,98.0,4.57,98.0,0.1,7.661938108875133,14.591847949147782,3.7,4.1,0.714,12.0,Romania,1
2003,71.1,174.0,1.6094379124341003,8.78,5.930051888168715,98.0,2.302585092994046,52.9,1.6094379124341003,97.0,5.3,97.0,0.1,7.928750420923911,16.88701460093623,3.5,4.0,0.722,12.5,Romania,1
2004,71.7,165.0,1.6094379124341003,9.82,6.069177705101822,99.0,4.770684624465665,53.4,1.6094379124341003,97.0,5.43,97.0,0.1,8.175807770447424,16.88131673847576,3.4,3.9,0.733,12.9,Romania,1
2005,71.9,162.0,1.3862943611198906,7.68,6.423901097106432,98.0,8.52595469708481,53.9,1.6094379124341003,97.0,5.47,97.0,0.1,8.450479545448868,16.87514142919849,3.3,3.8,0.745,13.4,Romania,1
2006,72.5,157.0,1.3862943611198906,8.51,6.502254302130697,99.0,8.069968149059841,54.4,1.6094379124341003,97.0,5.6,97.0,0.1,8.67072865266392,14.566632735536027,3.2,3.7,0.755,13.7,Romania,1
2007,72.9,154.0,1.3862943611198906,10.6,6.8245555489369,99.0,5.869296913133774,55.0,1.3862943611198906,96.0,5.21,96.0,0.1,9.013739596011044,14.874336079967705,3.2,3.6,0.766,14.1,Romania,1
2008,73.1,159.0,1.0986122886681098,11.9,4.86043678458956,97.0,2.5649493574615367,55.6,1.3862943611198906,95.0,5.33,96.0,0.1,7.036564906598916,14.746838068694904,3.1,3.5,0.78,14.7,Romania,1
2009,73.1,158.0,1.0986122886681098,10.4,2.7703196423239893,95.0,2.1972245773362196,56.3,1.3862943611198906,95.0,5.56,95.0,0.1,6.713178885479997,14.67734003539172,3.0,3.3,0.795,15.4,Romania,1
2010,73.4,153.0,1.0986122886681098,9.0,6.891881767871434,98.0,5.267858159063328,56.9,1.0986122886681098,94.0,5.83,94.0,0.1,9.023828080828633,14.625049584702897,3.0,3.2,0.797,15.8,Romania,1
2011,74.3,139.0,1.0986122886681098,9.1,2.427091133633017,96.0,8.340456012916183,57.7,1.0986122886681098,89.0,5.53,89.0,0.1,4.535582405434971,14.579828436823874,2.9,3.1,0.798,15.7,Romania,1
2012,74.4,138.0,1.0986122886681098,9.58,6.984121796201718,96.0,8.916103530553727,58.4,1.0986122886681098,92.0,5.48,91.0,0.1,9.054785099837497,10.159524147152363,2.8,3.0,0.797,15.3,Romania,1
2013,74.6,138.0,1.0986122886681098,9.59,7.116189765254988,96.0,7.05617528410041,59.2,1.0986122886681098,88.0,5.6,92.0,0.1,9.168086789994248,16.810427198980463,2.7,2.9,0.794,14.7,Romania,1
2014,74.8,135.0,1.0986122886681098,0.01,0.946396635690472,94.0,4.0943445622221,59.9,1.0986122886681098,94.0,5.57,94.0,0.1,2.586058069617312,14.508147608429985,2.6,2.8,0.797,14.7,Romania,1
2015,75.0,133.0,1.0986122886681098,0.01,0.0,9.0,1.6094379124341003,6.7,1.0986122886681098,89.0,5.57,89.0,0.1,9.100501911159371,16.801974109317133,2.5,2.7,0.798,14.7,Romania,1
2000,65.0,37.0,3.1354942159291497,10.18,5.418142869613718,43.0,8.476579508530941,54.0,3.295836866004329,97.0,5.42,96.0,0.2,7.480195126041577,18.803194868287168,2.9,3.0,0.709,12.1,Russian Federation,0
2001,65.1,38.0,3.091042453358316,10.47,1.2926777121823037,43.0,7.636752112435779,54.2,3.258096538021482,97.0,5.67,96.0,0.3,3.1073803510018325,16.496373443958486,2.8,3.0,0.72,12.5,Russian Federation,0
2002,64.8,313.0,3.044522437723423,10.87,5.5892754110140785,81.0,6.364750756851911,54.5,3.2188758248682006,97.0,5.99,97.0,0.3,7.77342381754582,14.189586129058167,2.7,2.9,0.727,12.8,Russian Federation,0
2003,64.6,322.0,3.044522437723423,11.32,5.811784112777528,94.0,8.09925056179696,54.7,3.1354942159291497,97.0,5.61,96.0,0.4,7.998380011221148,18.78981554645182,2.6,2.8,0.733,13.2,Russian Federation,0
2004,64.9,321.0,2.995732273553991,11.5,3.8610579678952606,96.0,7.801800401908973,55.0,3.091042453358316,98.0,5.19,97.0,0.3,6.024348625166228,14.184833675452232,2.5,2.8,0.741,13.6,Russian Federation,0
2005,65.0,327.0,2.9444389791664403,11.57,6.440161831712966,97.0,6.12029741895095,55.3,3.044522437723423,98.0,5.21,98.0,0.3,8.580069183255029,18.78197467194094,2.4,2.7,0.748,13.7,Russian Federation,0
2006,66.4,3.0,2.8903717578961645,11.79,2.5841364741029236,98.0,7.045776576879511,55.7,3.044522437723423,98.0,5.3,98.0,0.3,6.541310476446996,16.47922767733159,2.4,2.7,0.754,13.8,Russian Federation,0
2007,67.3,282.0,2.833213344056216,12.19,2.4870852407677067,98.0,5.159055299214529,56.1,2.995732273553991,98.0,5.38,98.0,0.3,6.81591829564199,14.172197801827362,2.4,2.6,0.761,13.8,Russian Federation,0
2008,67.5,278.0,2.833213344056216,12.04,5.092093402079553,98.0,3.332204510175204,56.6,2.9444389791664403,98.0,6.22,98.0,0.3,9.361881681785254,16.47396679193399,2.3,2.5,0.769,13.9,Russian Federation,0
2009,68.2,261.0,2.772588722239781,11.21,4.927299594972898,98.0,4.624972813284271,57.0,2.9444389791664403,98.0,7.44,98.0,0.3,9.05531050344244,18.776852962545885,2.3,2.5,0.776,14.0,Russian Federation,0
2010,68.4,256.0,2.772588722239781,11.05,5.098699926994869,97.0,4.867534450455582,57.5,2.8903717578961645,98.0,6.83,97.0,0.2,7.424157948079581,18.777301836441133,2.3,2.5,0.773,13.7,Russian Federation,0
2011,69.4,242.0,2.70805020110221,11.04,5.2244820626015755,97.0,6.4457198193855785,58.1,2.8903717578961645,97.0,6.61,97.0,0.3,9.561960652601257,16.475551120207903,2.3,2.4,0.785,14.0,Russian Federation,0
2012,69.6,237.0,2.70805020110221,10.99,5.191970759862222,97.0,7.66105638236183,58.7,2.833213344056216,98.0,6.88,97.0,0.3,9.626115935523815,16.477284821578603,2.3,2.4,0.792,14.3,Russian Federation,0
2013,70.0,229.0,2.70805020110221,10.58,7.333348301997605,97.0,7.757906208351747,59.3,2.833213344056216,98.0,7.9,97.0,0.2,9.651473513656217,16.479742056676823,2.3,2.3,0.799,14.6,Russian Federation,0
2014,73.0,225.0,2.6390573296152584,10.12,7.201583698136472,97.0,8.457867725331422,59.9,2.772588722239781,97.0,7.7,97.0,0.1,9.555840378236798,18.7840707602417,2.3,2.3,0.803,14.9,Russian Federation,0
2015,75.0,222.0,2.6390573296152584,10.12,0.0,97.0,6.738152494595957,6.5,2.772588722239781,97.0,7.7,97.0,0.1,9.141022270929259,14.186858918830058,2.3,2.3,0.805,15.0,Russian Federation,0
2000,48.3,426.0,3.5553480614894135,7.13,2.9661962501130077,88.0,7.647786045440933,13.2,4.060443010546419,9.0,4.22,9.0,8.5,5.380693105969921,11.321450139982815,7.6,7.7,0.318,6.6,Rwanda,0
2001,48.6,438.0,3.5263605246161616,5.72,0.32804667822574957,88.0,6.799055862058796,13.7,4.007333185232471,76.0,4.38,77.0,8.1,3.116606260627755,13.632725293674614,7.4,7.5,0.332,7.1,Rwanda,0
2002,57.0,415.0,3.4657359027997265,7.82,1.0872067588596777,88.0,7.915348169263078,14.1,3.9318256327243257,85.0,4.18,88.0,8.0,5.286233550432843,13.657248437737298,7.2,7.4,0.343,7.2,Rwanda,0
2003,52.0,48.0,3.4011973816621555,6.66,3.5352287684770807,96.0,6.970730078143525,14.5,3.8501476017100584,96.0,6.34,96.0,8.1,5.36439508891365,13.67434668334117,7.0,7.3,0.359,7.6,Rwanda,0
2004,53.4,397.0,3.295836866004329,6.75,3.4945560178372967,89.0,5.958424693029782,14.9,3.7612001156935624,89.0,6.24,89.0,7.7,5.4718984955982775,15.992355428192452,6.9,7.1,0.371,8.2,Rwanda,0
2005,55.3,37.0,3.2188758248682006,7.01,3.699984245795935,95.0,4.867534450455582,15.4,3.6635616461296463,95.0,6.83,95.0,7.1,5.666190940602988,16.01181649125401,6.8,7.0,0.388,8.8,Rwanda,0
2006,57.6,328.0,3.1354942159291497,6.88,4.375382137060212,99.0,6.20455776256869,15.9,3.5553480614894135,99.0,1.2,99.0,6.2,5.838795854345215,11.436681366769085,6.8,6.8,0.404,9.3,Rwanda,0
2007,59.6,295.0,3.044522437723423,6.78,2.12939431582773,97.0,3.295836866004329,16.5,3.4339872044851463,98.0,8.49,97.0,5.0,3.825448020478385,13.758668211816728,6.8,6.7,0.424,10.1,Rwanda,0
2008,68.0,282.0,2.9444389791664403,6.39,0.5077451064408852,97.0,1.9459101490553132,17.1,3.367295829986474,97.0,7.66,97.0,3.7,1.897428897167569,13.79343875804217,6.7,6.6,0.438,10.4,Rwanda,0
2009,61.0,288.0,2.8903717578961645,7.11,2.319010942938544,97.0,1.791759469228055,17.7,3.258096538021482,93.0,7.2,97.0,2.8,6.2918539528840425,16.115837803939026,6.6,6.4,0.447,10.2,Rwanda,0
2010,62.8,26.0,2.833213344056216,7.92,4.171108613740999,97.0,4.804021044733257,18.3,3.1780538303479458,93.0,7.91,97.0,2.3,6.3359253028737,14.036125314570635,6.5,6.3,0.454,10.0,Rwanda,0
2011,63.8,247.0,2.70805020110221,8.34,2.3100143700460514,97.0,3.4657359027997265,18.9,3.044522437723423,93.0,7.71,97.0,1.3,6.427002318935772,11.929475573481874,6.3,6.2,0.464,10.2,Rwanda,0
2012,64.6,239.0,2.6390573296152584,0.01,2.377198604077141,98.0,4.330733340286331,19.5,2.9444389791664403,98.0,7.68,98.0,0.7,6.521794184471872,14.397085749322693,6.1,6.1,0.475,10.5,Rwanda,0
2013,65.2,233.0,2.5649493574615367,0.01,2.5424604083855775,98.0,2.8903717578961645,2.1,2.8903717578961645,98.0,7.69,98.0,0.5,6.5365131116636395,13.968362108574198,5.9,5.9,0.485,10.8,Rwanda,0
2014,65.7,23.0,2.5649493574615367,0.01,2.145907567813666,98.0,2.3978952727983707,2.8,2.833213344056216,98.0,7.53,98.0,0.4,4.351180131839185,16.24431923144964,5.8,5.8,0.488,10.8,Rwanda,0
2015,66.1,227.0,2.4849066497880004,0.01,0.0,98.0,0.6931471805599453,21.4,2.772588722239781,99.0,7.53,98.0,0.4,4.28149329664683,16.26906017466234,5.7,5.7,0.493,10.8,Rwanda,0
2000,71.6,183.0,0.0,11.69,0.0,14.0,0.0,36.8,0.0,7.0,5.53,7.0,0.4,7.1137238128557545,14.149783234468618,4.5,4.5,0.0,12.8,Saint Lucia,0
2001,71.8,178.0,0.0,12.03,0.0,14.0,0.0,37.3,0.0,99.0,6.1,99.0,0.3,7.1137238128557545,14.149783234468618,4.5,4.5,0.684,12.6,Saint Lucia,0
2002,72.0,174.0,0.0,11.85,0.0,14.0,0.0,37.9,0.0,9.0,6.33,74.0,0.1,7.1137238128557545,14.149783234468618,4.4,4.5,0.681,12.5,Saint Lucia,0
2003,72.2,171.0,0.0,12.55,0.0,84.0,0.0,38.4,0.0,91.0,6.1,9.0,0.2,7.1137238128557545,14.149783234468618,4.4,4.4,0.684,12.4,Saint Lucia,0
2004,72.6,166.0,0.0,11.93,0.0,91.0,0.0,39.0,0.0,91.0,6.2,91.0,0.2,7.1137238128557545,14.149783234468618,4.4,4.4,0.686,12.3,Saint Lucia,0
2005,73.1,16.0,0.0,12.32,0.0,95.0,0.0,39.6,0.0,95.0,6.25,95.0,0.2,7.1137238128557545,14.149783234468618,4.4,4.4,0.689,12.2,Saint Lucia,0
2006,73.5,155.0,0.0,13.45,0.0,85.0,0.0,4.4,0.0,85.0,6.37,85.0,0.1,7.1137238128557545,14.149783234468618,4.3,4.4,0.694,12.4,Saint Lucia,0
2007,73.9,151.0,0.0,12.68,0.0,99.0,0.0,41.3,0.0,99.0,6.81,99.0,0.1,7.1137238128557545,14.149783234468618,4.3,4.4,0.707,12.8,Saint Lucia,0
2008,74.1,149.0,0.0,12.09,0.0,96.0,0.0,42.2,0.0,96.0,7.43,96.0,0.1,7.1137238128557545,14.149783234468618,4.3,4.4,0.71,12.6,Saint Lucia,0
2009,74.3,147.0,0.0,11.09,0.0,95.0,0.0,43.0,0.0,95.0,8.12,95.0,0.1,7.1137238128557545,14.149783234468618,4.3,4.4,0.717,12.7,Saint Lucia,0
2010,74.2,147.0,0.0,10.87,0.0,97.0,0.0,43.8,0.0,97.0,8.1,97.0,0.1,7.1137238128557545,14.149783234468618,4.3,4.3,0.724,12.8,Saint Lucia,0
2011,74.6,143.0,0.0,10.43,0.0,99.0,0.0,44.5,0.0,99.0,7.58,99.0,0.1,7.1137238128557545,14.149783234468618,4.3,4.3,0.733,12.9,Saint Lucia,0
2012,74.7,142.0,0.0,9.99,0.0,98.0,0.0,45.2,0.0,98.0,8.35,98.0,0.1,7.1137238128557545,14.149783234468618,4.3,4.3,0.735,13.0,Saint Lucia,0
2013,74.8,141.0,0.0,9.73,0.0,99.0,0.0,45.9,0.0,99.0,7.85,99.0,0.1,7.1137238128557545,14.149783234468618,4.3,4.3,0.734,13.1,Saint Lucia,0
2014,75.0,139.0,0.0,9.97,0.0,99.0,0.0,46.7,0.0,99.0,6.72,99.0,0.1,7.1137238128557545,14.149783234468618,4.3,4.3,0.723,13.1,Saint Lucia,0
2015,75.2,138.0,0.0,9.97,0.0,99.0,0.0,47.5,0.0,99.0,6.72,99.0,0.1,7.1137238128557545,14.149783234468618,4.3,4.3,0.735,13.1,Saint Lucia,0
2000,79.0,186.0,0.0,4.8,0.0,31.0,0.0,4.1,0.0,99.0,3.73,98.0,0.7,7.1137238128557545,14.149783234468618,4.0,3.9,0.0,12.7,Saint Vincent and the Grenadines,0
2001,79.0,186.0,0.0,4.73,0.0,31.0,0.0,41.0,0.0,99.0,3.64,99.0,0.7,7.1137238128557545,14.149783234468618,3.9,3.9,0.673,12.8,Saint Vincent and the Grenadines,0
2002,79.0,186.0,0.0,4.94,0.0,31.0,0.0,42.0,0.0,99.0,3.93,99.0,0.4,7.1137238128557545,14.149783234468618,3.9,3.8,0.677,12.9,Saint Vincent and the Grenadines,0
2003,71.0,184.0,0.0,5.1,0.0,31.0,0.0,42.9,0.0,99.0,3.91,99.0,0.4,7.1137238128557545,14.149783234468618,3.8,3.8,0.682,13.0,Saint Vincent and the Grenadines,0
2004,71.2,181.0,0.0,5.42,0.0,99.0,0.0,43.8,0.0,99.0,3.72,99.0,0.4,7.1137238128557545,14.149783234468618,3.8,3.7,0.689,13.2,Saint Vincent and the Grenadines,0
2005,71.4,177.0,0.0,6.04,0.0,99.0,0.0,44.7,0.0,93.0,3.66,99.0,0.2,7.1137238128557545,14.149783234468618,3.7,3.7,0.692,13.3,Saint Vincent and the Grenadines,0
2006,71.7,173.0,0.0,5.93,0.0,99.0,0.0,45.7,0.0,99.0,3.88,99.0,0.3,7.1137238128557545,14.149783234468618,3.7,3.6,0.695,13.3,Saint Vincent and the Grenadines,0
2007,71.9,17.0,0.0,5.89,0.0,99.0,0.0,46.6,0.0,99.0,3.92,99.0,0.3,7.1137238128557545,14.149783234468618,3.6,3.6,0.702,13.3,Saint Vincent and the Grenadines,0
2008,72.1,167.0,0.0,6.92,0.0,99.0,0.0,47.5,0.0,99.0,4.7,99.0,0.3,7.1137238128557545,14.149783234468618,3.6,3.6,0.704,13.3,Saint Vincent and the Grenadines,0
2009,72.3,165.0,0.0,6.85,0.0,99.0,0.0,48.4,0.0,99.0,5.13,99.0,0.2,7.1137238128557545,14.149783234468618,3.6,3.5,0.709,13.3,Saint Vincent and the Grenadines,0
2010,72.5,162.0,0.0,7.0,0.0,99.0,0.0,49.3,0.0,99.0,4.71,99.0,0.1,7.1137238128557545,14.149783234468618,3.5,3.5,0.711,13.3,Saint Vincent and the Grenadines,0
2011,72.7,16.0,0.0,7.02,0.0,96.0,0.0,5.3,0.0,96.0,4.99,96.0,0.1,7.1137238128557545,14.149783234468618,3.5,3.5,0.712,13.3,Saint Vincent and the Grenadines,0
2012,72.8,159.0,0.0,6.93,0.0,96.0,0.0,51.2,0.0,96.0,8.48,96.0,0.1,7.1137238128557545,14.149783234468618,3.5,3.5,0.713,13.3,Saint Vincent and the Grenadines,0
2013,72.7,161.0,0.0,7.07,0.0,97.0,0.0,52.2,0.0,97.0,5.21,97.0,0.1,7.1137238128557545,14.149783234468618,3.5,3.4,0.717,13.3,Saint Vincent and the Grenadines,0
2014,73.1,157.0,0.0,7.01,0.0,98.0,0.0,53.1,0.0,97.0,8.63,98.0,0.1,7.1137238128557545,14.149783234468618,3.5,3.4,0.72,13.3,Saint Vincent and the Grenadines,0
2015,73.2,156.0,0.0,7.01,0.0,98.0,0.0,54.1,0.0,97.0,8.63,98.0,0.1,7.1137238128557545,14.149783234468618,3.5,3.4,0.72,13.3,Saint Vincent and the Grenadines,0
2000,72.0,18.0,0.0,3.0,3.1025352573542384,89.0,0.0,65.6,0.0,94.0,5.31,95.0,0.1,5.047861904963873,9.767782370370753,0.2,0.2,0.64,12.1,Samoa,0
2001,75.0,175.0,0.0,3.43,5.3003744103819175,89.0,0.0,66.5,0.0,83.0,5.16,85.0,0.1,7.350178613261861,12.075776015415581,0.2,0.2,0.645,12.0,Samoa,0
2002,76.0,174.0,0.0,3.3,5.343141790411155,86.0,0.0,67.4,0.0,85.0,5.1,86.0,0.1,7.397817182990512,12.081546299777784,0.2,0.2,0.653,12.1,Samoa,0
2003,79.0,169.0,0.0,4.17,3.257987737487534,83.0,0.0,68.2,0.0,82.0,4.71,83.0,0.1,5.289751635194422,12.087643776368221,0.2,0.2,0.659,12.3,Samoa,0
2004,71.4,162.0,0.0,3.62,5.7417580806133355,54.0,0.0,68.9,0.0,26.0,4.45,55.0,0.1,7.763165065691834,12.093922465512932,0.2,0.2,0.665,12.4,Samoa,0
2005,71.6,16.0,0.0,3.63,5.664581147048352,41.0,0.0,69.7,0.0,55.0,4.47,49.0,0.1,7.852541081710915,12.100323165346564,0.2,0.2,0.671,12.6,Samoa,0
2006,72.0,153.0,0.0,3.52,3.7191311397999858,35.0,0.0,7.3,0.0,37.0,4.68,39.0,0.1,5.666301763354642,9.80890211004626,0.2,0.2,0.677,12.7,Samoa,0
2007,72.2,149.0,0.0,3.85,3.886425812983755,46.0,0.0,7.9,0.0,49.0,5.25,53.0,0.1,5.779332400266593,12.11333764709822,0.2,0.2,0.682,12.9,Samoa,0
2008,72.5,146.0,0.0,3.97,3.8785201081413123,12.0,0.0,71.4,0.0,54.0,4.52,26.0,0.1,5.888385399372501,12.120117074617465,0.2,0.2,0.688,12.9,Samoa,0
2009,76.0,172.0,0.0,2.88,3.764072352914704,44.0,0.0,72.0,0.0,45.0,5.4,49.0,0.1,5.817446930966764,12.12717553141369,0.2,0.2,0.691,12.9,Samoa,0
2010,72.6,144.0,0.0,3.01,6.077169810439904,57.0,2.1972245773362196,72.5,0.0,57.0,5.7,62.0,0.1,8.147429370348055,9.832313733081604,0.2,0.2,0.69,12.9,Samoa,0
2011,73.0,139.0,0.0,2.15,6.327437817480524,58.0,0.0,72.9,0.0,6.0,5.8,65.0,0.1,8.279946329303169,12.14241906604954,0.2,0.1,0.693,12.9,Samoa,0
2012,73.2,136.0,0.0,0.01,6.200621188661313,64.0,0.6931471805599453,73.4,0.0,62.0,5.2,64.0,0.1,8.35126951776137,12.150533508189403,0.2,0.1,0.698,12.9,Samoa,0
2013,73.6,131.0,0.0,0.01,6.5501545903883045,6.0,0.0,73.8,0.0,62.0,6.91,67.0,0.1,8.34774471502918,9.89131375160442,0.2,0.1,0.7,12.9,Samoa,0
2014,73.8,128.0,0.0,0.01,6.494174012232565,56.0,0.0,74.3,0.0,58.0,7.22,63.0,0.1,8.338060154445875,9.864226838582825,0.2,0.1,0.701,12.9,Samoa,0
2015,74.0,125.0,0.0,0.01,0.0,59.0,0.0,74.7,0.0,61.0,7.22,66.0,0.1,8.330951186257584,12.174375558786918,0.2,0.1,0.702,12.9,Samoa,0
2000,62.6,224.0,0.0,5.07,0.0,43.0,0.0,2.7,0.0,87.0,8.86,82.0,1.5,3.955396257920361,9.537267195753865,8.0,8.1,0.488,9.3,Sao Tome and Principe,0
2001,62.8,225.0,0.0,5.02,1.5771685263270918,43.0,0.0,21.1,0.0,9.0,1.28,92.0,1.5,3.955396257920361,11.860923876430064,7.8,7.8,0.497,9.4,Sao Tome and Principe,0
2002,63.1,226.0,0.0,5.8,3.9474251747138154,43.0,0.0,21.7,0.0,92.0,1.21,92.0,1.4,6.3222394019286385,11.883730112814767,7.6,7.6,0.501,9.6,Sao Tome and Principe,0
2003,63.4,225.0,0.0,6.54,4.470809198602116,43.0,0.0,22.2,0.0,94.0,11.12,94.0,1.6,6.47749861362624,11.907484652461392,7.4,7.4,0.504,9.7,Sao Tome and Principe,0
2004,63.8,224.0,0.0,5.78,2.3039335712883755,7.0,0.0,22.8,0.0,99.0,9.94,96.0,1.6,6.542969938800505,11.931438411927651,7.2,7.2,0.509,9.8,Sao Tome and Principe,0
2005,64.3,222.0,0.0,5.27,2.4692779385720756,96.0,0.0,23.4,0.0,97.0,1.4,97.0,1.6,4.4171713840922475,9.652715834104445,7.0,7.0,0.514,10.0,Sao Tome and Principe,0
2006,64.7,22.0,0.0,5.46,3.873059936825657,75.0,0.0,24.0,0.0,97.0,7.84,97.0,1.2,6.739211731984107,11.978726525782928,6.9,6.8,0.521,10.2,Sao Tome and Principe,0
2007,65.1,217.0,0.0,4.14,3.9305892163235527,87.0,0.0,24.7,0.0,98.0,7.44,97.0,1.2,6.797860039209332,9.699656312254291,6.7,6.6,0.527,10.3,Sao Tome and Principe,0
2008,65.4,215.0,0.0,4.36,4.156639729860319,99.0,0.0,25.4,0.0,99.0,5.66,99.0,0.9,7.027724474360132,12.02523398869639,6.5,6.4,0.531,10.4,Sao Tome and Principe,0
2009,65.8,21.0,0.0,4.13,2.4961834495021296,98.0,0.0,26.2,0.0,99.0,6.65,98.0,0.9,5.301170592225588,9.787739943991815,6.3,6.2,0.533,10.1,Sao Tome and Principe,0
2010,66.2,24.0,0.0,5.58,4.159512991488383,98.0,0.0,26.9,0.0,98.0,5.24,98.0,0.5,7.030640795701855,12.071266154598934,6.1,6.0,0.542,10.6,Sao Tome and Principe,0
2011,66.6,198.0,0.0,5.69,2.139524998975515,96.0,0.0,27.7,0.0,96.0,5.44,96.0,0.5,4.907688078899754,7.489412083508719,6.0,5.9,0.546,10.6,Sao Tome and Principe,0
2012,66.9,194.0,0.0,0.01,2.2189912420767377,96.0,0.0,28.5,0.0,96.0,8.6,96.0,0.5,4.941284922999648,12.11664015819862,5.9,5.7,0.553,10.8,Sao Tome and Principe,0
2013,67.1,192.0,0.0,0.01,5.306583600898501,97.0,0.0,29.3,0.0,97.0,9.76,97.0,0.2,7.390510187759339,9.838735675306431,5.7,5.5,0.559,11.0,Sao Tome and Principe,0
2014,67.3,191.0,0.0,0.01,5.423763300836333,95.0,0.0,3.1,0.0,95.0,8.35,95.0,0.2,7.508172252444166,12.161425636627287,5.6,5.4,0.562,11.1,Sao Tome and Principe,0
2015,67.5,19.0,0.0,0.01,0.0,96.0,0.0,3.9,0.0,96.0,8.35,96.0,0.2,7.393656635777952,12.183591835101023,5.5,5.3,0.565,11.2,Sao Tome and Principe,0
2000,72.6,11.0,2.3978952727983707,0.05,6.663362531007108,93.0,0.0,56.2,2.5649493574615367,95.0,4.24,95.0,0.1,9.119096882436466,14.149783234468618,7.3,7.4,0.737,11.8,Saudi Arabia,0
2001,72.8,17.0,2.3978952727983707,0.05,6.567368726994525,95.0,5.049856007249537,56.9,2.5649493574615367,97.0,4.49,97.0,0.1,9.064677911733874,14.149783234468618,7.3,7.3,0.742,12.0,Saudi Arabia,0
2002,72.9,15.0,2.3978952727983707,0.05,6.535382431877281,97.0,5.7430031878094825,57.7,2.4849066497880004,95.0,4.28,95.0,0.1,9.066043990618853,14.149783234468618,7.3,7.3,0.745,12.1,Saudi Arabia,0
2003,73.0,13.0,2.302585092994046,0.05,6.725476366238912,95.0,7.097548850614793,58.5,2.4849066497880004,95.0,4.2,95.0,0.1,9.166227372723121,14.149783234468618,7.2,7.3,0.747,12.2,Saudi Arabia,0
2004,73.1,12.0,2.302585092994046,0.06,6.706225836035222,96.0,7.53955882930103,59.4,2.4849066497880004,96.0,3.58,96.0,0.1,9.318286256685422,14.149783234468618,7.2,7.3,0.754,12.3,Saudi Arabia,0
2005,73.1,11.0,2.302585092994046,0.05,7.019339706455525,97.0,5.924255797414532,6.2,2.3978952727983707,96.0,3.42,96.0,0.1,9.528126931494322,14.149783234468618,7.2,7.3,0.761,12.4,Saudi Arabia,0
2006,73.2,1.0,2.302585092994046,0.08,7.2416921363869,96.0,6.694562058521095,6.9,2.3978952727983707,96.0,3.55,96.0,0.1,9.637936762584648,14.149783234468618,7.2,7.3,0.767,12.5,Saudi Arabia,0
2007,73.2,99.0,2.302585092994046,0.1,7.176934744045555,96.0,8.444407421690585,61.6,2.3978952727983707,96.0,3.49,96.0,0.1,9.709488063344455,14.149783234468618,7.2,7.3,0.773,12.7,Saudi Arabia,0
2008,73.3,98.0,2.302585092994046,0.09,2.803764455015171,98.0,5.0689042022202315,62.4,2.3978952727983707,98.0,2.87,98.0,0.1,5.475761799484698,14.149783234468618,7.2,7.3,0.779,12.8,Saudi Arabia,0
2009,73.4,97.0,2.1972245773362196,0.09,4.7784745414114465,98.0,4.418840607796598,63.1,2.3978952727983707,98.0,4.9,98.0,0.1,7.435610925219532,14.149783234468618,7.3,7.3,0.787,13.0,Saudi Arabia,0
2010,73.7,94.0,2.1972245773362196,0.09,7.089198390055603,98.0,5.814130531825066,63.9,2.302585092994046,98.0,3.49,98.0,0.1,9.865816176060687,14.149783234468618,7.3,7.4,0.792,13.3,Saudi Arabia,0
2011,73.9,92.0,2.1972245773362196,0.09,5.1623576536532125,98.0,5.8944028342648505,64.7,2.302585092994046,98.0,3.57,98.0,0.1,7.774329321394833,14.149783234468618,7.4,7.4,0.804,13.9,Saudi Arabia,0
2012,74.1,9.0,2.1972245773362196,0.09,5.285135012354829,98.0,5.68697535633982,65.6,2.302585092994046,98.0,3.86,98.0,0.1,7.837927692920391,14.149783234468618,7.5,7.4,0.818,14.5,Saudi Arabia,0
2013,74.3,89.0,2.1972245773362196,0.09,7.624674210220459,98.0,7.060476365999801,66.4,2.302585092994046,98.0,4.25,98.0,0.1,10.124043203723563,14.149783234468618,7.6,7.5,0.83,15.2,Saudi Arabia,0
2014,74.4,88.0,2.0794415416798357,0.09,7.610180847365356,98.0,5.043425116919247,67.3,2.302585092994046,98.0,4.68,98.0,0.1,10.10954329529668,14.149783234468618,7.7,7.5,0.841,15.8,Saudi Arabia,0
2015,74.5,88.0,2.0794415416798357,0.09,0.0,98.0,5.393627546352362,68.2,2.1972245773362196,97.0,4.68,98.0,0.1,7.913470438096962,14.149783234468618,7.8,7.6,0.845,16.1,Saudi Arabia,0
2000,57.5,25.0,3.332204510175204,0.29,1.855886738938349,54.0,8.672486075822272,17.5,3.9318256327243257,49.0,4.63,52.0,0.5,6.162163362432752,13.80389637367436,12.3,12.3,0.378,5.2,Senegal,0
2001,57.9,251.0,3.295836866004329,0.34,1.9550427767977963,54.0,10.118195625029236,17.9,3.912023005428146,49.0,4.98,52.0,0.6,6.178540195694732,13.941700820309338,12.1,12.1,0.381,5.4,Senegal,0
2002,58.4,252.0,3.258096538021482,0.36,3.926618253909661,54.0,9.80835235742109,18.3,3.871201010907891,6.0,5.6,6.0,0.7,6.242733388238698,14.149738850253069,12.0,11.9,0.397,5.7,Senegal,0
2003,59.0,251.0,3.258096538021482,0.33,4.146617209944914,54.0,7.326465613840322,18.7,3.8066624897703196,73.0,5.4,73.0,0.7,6.467335789598693,9.72913416539135,11.8,11.7,0.401,5.9,Senegal,0
2004,59.7,247.0,3.2188758248682006,0.35,4.205026339670308,54.0,3.4657359027997265,19.1,3.7612001156935624,87.0,5.68,87.0,0.7,6.599301372665193,14.486384010572158,11.6,11.5,0.408,6.2,Senegal,0
2005,65.0,242.0,3.1780538303479458,0.33,4.575094936019374,84.0,0.0,19.5,3.713572066704308,84.0,5.35,84.0,0.7,6.65269510725522,16.23599130249552,11.4,11.3,0.415,6.4,Senegal,0
2006,61.3,236.0,3.1780538303479458,0.34,2.436261265012526,89.0,1.3862943611198906,19.9,3.6635616461296463,89.0,5.44,89.0,0.7,4.509080958805145,16.26278145122472,11.2,11.1,0.422,6.6,Senegal,0
2007,62.1,23.0,3.1354942159291497,0.32,2.230998101864923,94.0,2.4849066497880004,2.3,3.6109179126442243,93.0,4.72,94.0,0.7,4.568483921285308,16.289824468932622,11.0,1.9,0.425,6.8,Senegal,0
2008,62.8,225.0,3.1354942159291497,0.28,0.7363651248987051,88.0,1.9459101490553132,2.8,3.5553480614894135,87.0,4.94,88.0,0.6,2.512585044394053,14.01760042774019,1.8,1.7,0.435,7.1,Senegal,0
2009,63.5,219.0,3.091042453358316,0.3,0.7781671780272189,86.0,6.907755278982137,21.2,3.5263605246161616,83.0,4.81,86.0,0.5,2.6076008650939193,14.043377337254812,1.6,1.5,0.444,7.5,Senegal,0
2010,64.3,212.0,3.091042453358316,0.28,0.7031330370196953,89.0,6.061456918928017,21.7,3.4965075614664802,76.0,4.62,89.0,0.4,2.5361839565477493,16.373995218072455,1.4,1.3,0.449,7.7,Senegal,0
2011,64.9,26.0,3.044522437723423,0.32,0.8883239472677674,92.0,2.9444389791664403,22.2,3.4657359027997265,89.0,4.42,92.0,0.4,2.9576778000787693,9.502412792729256,1.2,1.1,0.455,7.9,Senegal,0
2012,65.6,2.0,3.044522437723423,0.28,2.4165024121649954,91.0,3.8501476017100584,22.7,3.4011973816621555,83.0,4.31,91.0,0.4,4.92327331019666,14.132882977403268,1.0,9.9,0.463,8.3,Senegal,0
2013,66.0,196.0,3.044522437723423,0.26,2.5524509537184965,92.0,2.8903717578961645,23.2,3.367295829986474,89.0,4.51,92.0,0.3,5.010050796644229,11.858166287783265,9.9,9.7,0.474,8.7,Senegal,0
2014,66.4,192.0,2.995732273553991,0.26,2.6250515137668593,89.0,3.4965075614664802,23.8,3.332204510175204,85.0,4.66,89.0,0.3,5.033334851953176,16.49283429937824,9.7,9.5,0.483,9.1,Senegal,0
2015,66.7,188.0,2.995732273553991,0.26,0.0,89.0,4.07753744390572,24.3,3.295836866004329,85.0,4.66,89.0,0.3,4.602422559717835,16.522025915129248,9.5,9.3,0.491,9.5,Senegal,0
2000,72.6,141.0,0.6931471805599453,7.38,2.554065813669827,89.0,3.6635616461296463,51.2,1.0986122886681098,98.0,6.53,95.0,0.1,4.478887034992506,15.832590806624337,2.8,2.9,0.702,13.0,Serbia,0
2001,73.1,135.0,0.6931471805599453,7.53,5.409440811831796,89.0,3.58351893845611,51.7,0.6931471805599453,93.0,6.89,93.0,0.1,7.399933481264702,13.532396701971475,2.8,2.8,0.709,13.1,Serbia,0
2002,72.9,133.0,0.6931471805599453,6.95,5.682266789433781,89.0,4.1588830833596715,52.2,0.6931471805599453,95.0,8.9,95.0,0.1,7.673685525824081,15.829949871010834,2.7,2.8,0.715,13.2,Serbia,0
2003,73.0,134.0,0.6931471805599453,7.25,5.96807186232024,89.0,2.772588722239781,52.8,0.6931471805599453,89.0,8.13,89.0,0.1,7.94926674744587,13.525949387780349,2.7,2.7,0.715,13.0,Serbia,0
2004,73.0,134.0,0.6931471805599453,7.42,6.13925434420413,89.0,2.4849066497880004,53.3,0.6931471805599453,96.0,8.24,88.0,0.1,8.111396658192836,15.825489207000233,2.6,2.6,0.72,13.1,Serbia,0
2005,73.0,135.0,0.6931471805599453,9.6,6.222797661617564,65.0,1.0986122886681098,53.9,0.6931471805599453,98.0,8.7,98.0,0.1,8.168807170668426,13.52083072486416,2.5,2.6,0.73,13.2,Serbia,0
2006,73.6,133.0,0.6931471805599453,8.58,6.296785781044703,93.0,1.0986122886681098,54.5,0.6931471805599453,97.0,8.99,92.0,0.1,8.326216383609475,15.818552850673209,2.5,2.5,0.739,13.4,Serbia,0
2007,73.8,132.0,0.6931471805599453,9.3,6.651403946441658,99.0,5.308267697401205,55.1,0.6931471805599453,93.0,1.2,94.0,0.1,8.605043198290836,15.814498265803124,2.4,2.4,0.743,13.5,Serbia,0
2008,74.0,132.0,0.6931471805599453,9.54,4.578131709990473,93.0,1.0986122886681098,55.8,0.6931471805599453,95.0,1.5,95.0,0.1,6.511409334125803,13.507929133538633,2.3,2.4,0.749,13.5,Serbia,0
2009,74.1,131.0,0.6931471805599453,9.85,6.7115103318540115,93.0,0.6931471805599453,56.4,0.6931471805599453,97.0,9.9,95.0,0.1,8.66945992115201,11.202152163695045,2.3,2.3,0.754,13.6,Serbia,0
2010,74.4,128.0,0.6931471805599453,9.65,6.653430173915816,89.0,3.044522437723423,57.0,0.6931471805599453,91.0,1.9,91.0,0.1,8.596536104752362,15.80221120390094,2.2,2.3,0.755,13.6,Serbia,0
2011,74.6,127.0,0.6931471805599453,9.56,6.820364643646788,94.0,5.916202062607435,57.7,0.6931471805599453,94.0,9.72,94.0,0.1,8.767841675360984,13.491855825053676,2.2,2.2,0.757,13.5,Serbia,0
2012,74.9,126.0,0.6931471805599453,9.38,6.6113835215411765,97.0,0.0,58.3,0.6931471805599453,93.0,9.89,91.0,0.1,8.641246730752487,13.486975934969852,2.1,2.1,0.767,14.0,Serbia,0
2013,75.3,122.0,0.6931471805599453,9.16,6.781784191322023,91.0,0.6931471805599453,58.9,0.6931471805599453,97.0,1.12,95.0,0.1,8.756969863502134,15.78459760703787,2.1,2.1,0.766,14.1,Serbia,0
2014,75.4,123.0,0.6931471805599453,9.09,2.26355403867839,92.0,3.6375861597263857,59.4,0.6931471805599453,93.0,1.37,93.0,0.1,4.145880493004394,13.478045628786804,2.1,2.1,0.771,14.3,Serbia,0
2015,75.6,121.0,0.6931471805599453,9.09,0.0,94.0,5.950642552587727,6.0,0.6931471805599453,95.0,1.37,95.0,0.1,8.563743770347704,13.58658029588833,2.0,2.0,0.775,14.4,Serbia,0
2000,71.8,188.0,0.0,8.24,6.401520453856035,98.0,0.0,27.1,0.0,98.0,4.62,98.0,0.1,8.933248891373347,11.303832736878679,6.3,6.7,0.0,12.3,Seychelles,0
2001,72.0,187.0,0.0,6.72,6.468790637826249,96.0,0.0,27.6,0.0,96.0,4.45,96.0,0.1,8.944307299656069,9.002454823050954,6.2,6.6,0.714,12.2,Seychelles,0
2002,72.1,186.0,0.0,11.15,6.333919183438498,99.0,0.0,28.1,0.0,99.0,4.21,99.0,0.1,9.027890246557636,11.335280953727237,6.1,6.6,0.712,12.1,Seychelles,0
2003,72.1,185.0,0.0,7.41,6.73829308447577,99.0,0.0,28.7,0.0,99.0,4.64,99.0,0.1,9.050871050751367,11.323965925436088,6.1,6.5,0.713,12.1,Seychelles,0
2004,72.1,186.0,0.0,7.91,2.634995219692426,99.0,0.0,29.2,0.0,99.0,4.17,99.0,0.1,7.071283602370448,11.320262620909606,6.0,6.4,0.715,12.3,Seychelles,0
2005,72.2,185.0,0.0,7.82,3.1119724841120076,99.0,0.0,3.1,0.0,99.0,3.91,99.0,0.1,7.08466002464203,11.324895647009207,6.0,6.4,0.712,12.1,Seychelles,0
2006,72.2,185.0,0.0,8.12,4.638352599479216,99.0,2.3978952727983707,3.7,0.0,99.0,3.73,99.0,0.1,7.102828412740577,6.741700694652055,5.9,6.3,0.728,13.1,Seychelles,0
2007,72.2,185.0,0.0,8.12,6.821624435118495,99.0,0.6931471805599453,31.2,0.0,99.0,3.3,99.0,0.1,9.40556416413955,9.051813463747946,5.9,6.3,0.733,13.1,Seychelles,0
2008,72.2,184.0,0.0,6.33,6.555147248784469,99.0,0.0,31.8,0.0,99.0,2.64,99.0,0.1,9.316847872595195,11.373169022579944,5.9,6.3,0.739,13.2,Seychelles,0
2009,72.3,182.0,0.0,4.94,4.3336981277993205,99.0,0.0,32.4,0.0,99.0,2.64,99.0,0.1,6.885465292772042,11.377094287008365,5.8,6.2,0.739,13.2,Seychelles,0
2010,72.4,18.0,0.0,6.51,2.8617621086830036,99.0,0.0,33.5,0.0,99.0,3.59,99.0,0.1,5.224048835351556,9.102532419341877,5.8,6.2,0.74,13.2,Seychelles,0
2011,72.6,177.0,0.0,9.72,7.023291834969326,99.0,0.0,34.2,0.0,99.0,3.38,99.0,0.1,9.408449283415358,11.378730995415923,5.7,6.1,0.744,13.3,Seychelles,0
2012,72.7,174.0,0.0,0.01,5.1832622099067125,99.0,0.0,34.8,0.0,98.0,4.8,98.0,0.1,9.460801273996049,9.086363192156472,5.7,6.1,0.755,13.5,Seychelles,0
2013,72.9,172.0,0.0,0.01,7.328222458500384,99.0,0.0,35.5,0.0,98.0,3.58,98.0,0.1,9.660673547002993,11.407009239378679,5.7,6.1,0.762,13.5,Seychelles,0
2014,73.0,17.0,0.0,0.01,5.024568147534742,99.0,0.0,36.2,0.0,99.0,3.37,99.0,0.1,7.351658050150123,11.422563024889838,5.7,6.0,0.766,13.2,Seychelles,0
2015,73.2,168.0,0.0,0.01,0.0,98.0,0.0,37.4,0.0,97.0,3.37,97.0,0.1,7.339838948727635,11.4448607340561,5.7,6.0,0.781,14.1,Seychelles,0
2000,39.0,533.0,3.4011973816621555,3.97,3.063189164760289,63.0,8.182000136293405,17.2,3.8918202981106265,46.0,13.63,44.0,1.2,4.943888280210661,15.333775281434672,1.3,1.4,0.292,6.7,Sierra Leone,0
2001,41.0,519.0,3.4339872044851463,4.21,3.536512190762046,63.0,6.476972362889683,17.5,3.8918202981106265,38.0,11.83,38.0,1.5,5.432758530829796,15.371367930679417,1.1,1.2,0.302,7.0,Sierra Leone,0
2002,48.0,513.0,3.4339872044851463,4.06,3.6267686224188997,63.0,6.343880434126331,17.9,3.8918202981106265,54.0,11.96,53.0,1.7,5.525212041592405,15.416355052522258,9.9,1.0,0.306,7.2,Sierra Leone,0
2003,41.5,57.0,3.4339872044851463,4.07,3.6792010715519794,63.0,6.375024819828097,18.4,3.871201010907891,66.0,11.69,73.0,1.9,5.57883067167944,15.464082641345449,9.7,9.8,0.322,7.4,Sierra Leone,0
2004,42.3,496.0,3.4339872044851463,3.99,3.676921937362734,63.0,2.0794415416798357,18.8,3.871201010907891,69.0,11.66,65.0,2.1,5.576501287785526,15.509233734917707,9.5,9.5,0.332,7.6,Sierra Leone,0
2005,43.3,48.0,3.4339872044851463,3.83,3.7632660989169713,63.0,3.4011973816621555,19.2,3.871201010907891,67.0,12.25,65.0,2.2,5.665350656803177,15.548648190129596,9.3,9.3,0.341,7.8,Sierra Leone,0
2006,44.3,464.0,3.4339872044851463,3.8,3.6635810787613443,63.0,3.5263605246161616,19.7,3.8501476017100584,65.0,1.68,64.0,2.2,5.778622341766598,15.581728775442922,9.1,9.1,0.348,8.0,Sierra Leone,0
2007,45.3,45.0,3.4011973816621555,3.86,3.8409799385117886,63.0,0.0,2.2,3.828641396489095,63.0,1.12,64.0,2.2,5.8856246710197455,13.330056990711094,8.9,8.9,0.357,8.2,Sierra Leone,0
2008,46.2,441.0,3.4011973816621555,3.91,1.8531064128523678,77.0,3.8066624897703196,2.7,3.8066624897703196,75.0,1.29,77.0,1.9,3.858114036302006,15.634459195588963,8.7,8.7,0.367,8.3,Sierra Leone,0
2009,47.1,433.0,3.367295829986474,3.97,3.928626928201711,84.0,3.4657359027997265,21.2,3.7612001156935624,81.0,13.13,84.0,1.7,5.980386521493523,11.052903849244077,8.5,8.4,0.375,8.5,Sierra Leone,0
2010,48.1,424.0,3.332204510175204,3.84,1.8480953046672102,86.0,6.993932975223189,21.7,3.713572066704308,84.0,1.32,86.0,1.6,3.831429202596231,13.378358169010276,8.3,8.2,0.384,8.7,Sierra Leone,0
2011,48.9,418.0,3.295836866004329,3.78,4.019368065574252,89.0,7.531552381407289,22.2,3.6635616461296463,88.0,11.98,89.0,1.3,6.101495389790547,15.70435030611311,8.1,8.0,0.392,8.9,Sierra Leone,0
2012,49.7,411.0,3.258096538021482,0.01,4.017469582662569,91.0,6.520621127558696,22.7,3.58351893845611,91.0,11.24,91.0,0.9,6.333099192501591,13.424856226808439,7.9,7.8,0.401,9.1,Sierra Leone,0
2013,54.0,47.0,3.1780538303479458,0.01,0.8421980538804,92.0,2.772588722239781,23.3,3.5263605246161616,92.0,11.59,92.0,0.8,4.287972787602991,13.447745777038936,7.7,7.6,0.413,9.3,Sierra Leone,0
2014,48.1,463.0,3.1780538303479458,0.01,0.8933439990783328,83.0,6.914730892718563,23.8,3.4965075614664802,83.0,11.9,83.0,0.6,4.37499541976549,13.565975545583443,7.5,7.4,0.426,9.5,Sierra Leone,0
2015,51.0,413.0,3.1354942159291497,0.01,0.0,86.0,6.410174881966167,24.4,3.4339872044851463,86.0,11.9,86.0,0.5,6.377641891454987,13.492168146697756,7.4,7.3,0.431,9.5,Sierra Leone,0
2000,78.3,78.0,0.0,2.03,7.526625368627051,97.0,4.955827057601261,28.5,0.0,98.0,2.71,98.0,0.1,10.07717515209353,13.970513160516582,2.1,2.0,0.81,12.5,Singapore,1
2001,78.7,76.0,0.0,2.08,6.912112648842395,95.0,6.013715156042802,28.9,0.0,95.0,2.37,96.0,0.1,9.979465809972597,13.970513160516582,2.1,2.0,0.82,12.7,Singapore,1
2002,79.0,74.0,0.0,2.16,4.963536571233108,95.0,5.356586274672012,29.2,0.0,94.0,2.84,94.0,0.1,7.7042857773318145,13.970513160516582,2.1,2.0,0.818,12.6,Singapore,1
2003,79.3,73.0,0.0,1.43,7.724918618196309,95.0,3.5263605246161616,29.6,0.0,96.0,3.63,96.0,0.1,10.067926344917197,13.970513160516582,2.1,2.0,0.819,12.7,Singapore,1
2004,79.7,71.0,0.0,1.45,5.324219925881927,94.0,4.574710978503383,29.9,0.0,95.0,3.17,95.0,0.1,7.917999401547498,13.970513160516582,2.1,2.0,0.82,12.7,Singapore,1
2005,82.0,69.0,0.0,1.49,7.765455198022554,96.0,3.5263605246161616,3.2,0.0,96.0,3.74,96.0,0.1,10.304638500690993,13.970513160516582,2.1,2.0,0.821,12.6,Singapore,1
2006,87.0,66.0,0.0,1.55,7.878676971932262,95.0,3.1780538303479458,3.5,0.0,95.0,3.66,95.0,0.1,10.421711525301008,13.970513160516582,2.1,2.0,0.839,13.9,Singapore,1
2007,81.1,65.0,0.0,1.6,8.033974153258592,96.0,2.772588722239781,3.9,0.0,97.0,3.46,97.0,0.1,10.577058917761116,13.970513160516582,2.1,2.0,0.873,14.1,Singapore,1
2008,81.4,64.0,0.0,1.7,8.133038687740875,97.0,2.9444389791664403,31.2,0.0,97.0,3.91,97.0,0.1,10.589672598583803,13.970513160516582,2.1,2.1,0.88,14.2,Singapore,1
2009,81.7,62.0,0.0,1.73,6.139735184605951,96.0,2.833213344056216,31.5,0.0,97.0,4.27,97.0,0.1,10.560451914584625,13.970513160516582,2.1,2.1,0.887,14.4,Singapore,1
2010,82.0,61.0,0.0,1.84,8.421022266717287,96.0,3.9318256327243257,31.8,0.0,96.0,3.96,96.0,0.1,10.748726427023076,13.970513160516582,2.1,2.1,0.889,14.5,Singapore,1
2011,82.2,6.0,0.0,1.8,6.459904626052012,96.0,5.003946305945459,32.1,0.0,96.0,3.93,96.0,0.1,10.881205893111145,13.970513160516582,2.1,2.1,0.911,15.2,Singapore,1
2012,82.5,59.0,0.0,1.89,8.706632520163406,97.0,3.7612001156935624,32.4,0.0,97.0,4.22,97.0,0.1,10.904710471197921,13.970513160516582,2.2,2.1,0.917,15.4,Singapore,1
2013,82.7,57.0,0.0,1.83,6.572763688323485,97.0,4.9344739331306915,32.7,0.0,97.0,4.53,97.0,0.1,8.635898315596078,13.970513160516582,2.2,2.2,0.92,15.4,Singapore,1
2014,82.9,56.0,0.0,1.83,8.983771756947123,96.0,0.0,32.9,0.0,96.0,4.92,96.0,0.1,10.939119632378217,13.970513160516582,2.2,2.2,0.922,15.4,Singapore,1
2015,83.1,55.0,0.0,1.79,0.0,96.0,0.0,33.2,0.0,96.0,4.92,96.0,0.1,10.889877642768127,13.970513160516582,2.2,2.2,0.924,15.4,Singapore,1
2000,73.0,147.0,0.0,11.06,0.0,98.0,0.0,5.7,0.6931471805599453,98.0,5.5,99.0,0.1,9.515006681732851,13.970513160516582,1.6,1.7,0.761,13.0,Slovakia,1
2001,73.3,145.0,0.0,10.73,0.0,99.0,0.0,51.1,0.6931471805599453,99.0,5.5,99.0,0.1,9.515006681732851,13.970513160516582,1.5,1.6,0.763,13.3,Slovakia,1
2002,73.7,145.0,0.0,10.78,0.0,99.0,0.0,51.6,0.0,98.0,5.63,99.0,0.1,9.515006681732851,13.970513160516582,1.5,1.6,0.763,13.3,Slovakia,1
2003,73.8,144.0,0.0,9.85,0.0,99.0,0.6931471805599453,52.1,0.0,98.0,5.82,99.0,0.1,9.515006681732851,13.970513160516582,1.5,1.6,0.771,13.6,Slovakia,1
2004,74.1,138.0,0.0,10.03,0.0,99.0,1.0986122886681098,52.6,0.0,99.0,7.21,99.0,0.1,9.515006681732851,13.970513160516582,1.4,1.5,0.776,13.8,Slovakia,1
2005,74.0,141.0,0.0,10.81,0.0,99.0,0.0,53.1,0.0,99.0,7.4,99.0,0.1,9.515006681732851,13.970513160516582,1.4,1.5,0.784,14.0,Slovakia,1
2006,74.3,138.0,0.0,10.28,0.0,99.0,0.0,53.7,0.0,99.0,7.35,99.0,0.1,9.515006681732851,13.970513160516582,1.4,1.5,0.793,14.3,Slovakia,1
2007,74.4,14.0,0.0,10.58,0.0,99.0,0.0,54.2,0.0,99.0,7.76,99.0,0.1,9.515006681732851,13.970513160516582,1.3,1.4,0.802,14.5,Slovakia,1
2008,74.7,136.0,0.0,11.37,0.0,99.0,0.0,54.8,0.0,99.0,8.2,99.0,0.1,9.515006681732851,13.970513160516582,1.3,1.4,0.813,14.8,Slovakia,1
2009,75.0,131.0,0.0,10.63,0.0,99.0,0.0,55.3,0.0,99.0,9.15,99.0,0.1,9.515006681732851,13.970513160516582,1.3,1.4,0.82,14.9,Slovakia,1
2010,75.1,124.0,0.0,10.13,0.0,99.0,0.0,55.9,0.0,99.0,8.51,99.0,0.1,9.515006681732851,13.970513160516582,1.3,1.3,0.822,15.0,Slovakia,1
2011,75.6,122.0,0.0,10.24,0.0,99.0,0.0,56.5,0.0,99.0,7.96,99.0,0.1,9.515006681732851,13.970513160516582,1.2,1.3,0.829,15.0,Slovakia,1
2012,75.8,118.0,0.0,10.12,0.0,99.0,0.0,57.2,0.0,99.0,8.15,99.0,0.1,9.515006681732851,13.970513160516582,1.2,1.3,0.835,15.0,Slovakia,1
2013,76.1,114.0,0.0,9.89,0.0,98.0,0.0,57.8,0.0,98.0,8.0,98.0,0.1,9.515006681732851,13.970513160516582,1.2,1.3,0.838,15.0,Slovakia,1
2014,76.4,113.0,0.0,10.6,0.0,97.0,0.0,58.4,0.0,97.0,8.5,97.0,0.1,9.515006681732851,13.970513160516582,1.2,1.2,0.841,15.1,Slovakia,1
2015,76.7,19.0,0.0,10.6,0.0,96.0,0.6931471805599453,59.1,0.0,96.0,8.5,96.0,0.1,9.515006681732851,13.970513160516582,1.2,1.2,0.842,15.0,Slovakia,1
2000,76.0,122.0,0.0,11.9,5.090354166571603,94.0,0.0,51.2,0.0,93.0,8.26,91.0,0.1,7.113741904363737,14.50310535251856,2.2,2.3,0.818,14.6,Slovenia,1
2001,76.2,124.0,0.0,10.8,5.28473871400448,94.0,0.0,51.8,0.0,93.0,8.57,92.0,0.1,7.299997576444594,9.899830875032585,2.2,2.2,0.824,14.7,Slovenia,1
2002,76.6,117.0,0.0,9.29,7.389238649382183,94.0,0.0,52.3,0.0,93.0,8.62,93.0,0.1,9.37720977343261,12.203338912284117,2.1,2.2,0.835,15.6,Slovenia,1
2003,76.5,119.0,0.0,11.58,5.319712902922025,94.0,0.0,52.9,0.0,95.0,8.77,95.0,0.1,7.3061766648878805,14.506522460439706,2.0,2.1,0.843,16.1,Slovenia,1
2004,77.2,113.0,0.0,10.0,5.465434452726566,94.0,0.0,53.5,0.0,94.0,8.47,94.0,0.1,7.454670816212543,12.204636614931616,2.0,2.0,0.85,16.6,Slovenia,1
2005,77.5,14.0,0.0,11.14,7.825929938349966,94.0,0.0,54.1,0.0,95.0,8.5,95.0,0.1,9.807537568600784,7.813995675002791,1.9,2.0,0.853,16.3,Slovenia,1
2006,78.1,17.0,0.0,12.26,7.9102890517513265,94.0,0.0,54.7,0.0,97.0,8.42,97.0,0.1,9.889749947254357,10.19872848469072,1.8,1.9,0.858,16.7,Slovenia,1
2007,78.3,12.0,0.0,11.02,8.088784079619666,94.0,0.0,55.2,0.0,97.0,7.98,97.0,0.1,10.07921734464085,12.292814402842351,1.8,1.8,0.865,16.8,Slovenia,1
2008,78.9,96.0,0.0,10.94,5.976246471357173,94.0,0.0,55.8,0.0,97.0,8.47,97.0,0.1,7.920378467957081,12.30735134188674,1.7,1.7,0.869,16.9,Slovenia,1
2009,79.1,9.0,0.0,10.52,8.162342135753036,94.0,0.0,56.4,0.0,96.0,9.38,96.0,0.1,10.111915269139645,12.387018256144197,1.7,1.7,0.873,16.9,Slovenia,1
2010,79.5,87.0,0.0,10.32,8.067304679930569,94.0,1.0986122886681098,57.0,0.0,96.0,9.7,96.0,0.1,10.062134062385807,12.423536095569185,1.6,1.6,0.872,16.9,Slovenia,1
2011,79.8,84.0,0.0,10.61,8.114930814783902,94.0,3.1354942159291497,57.6,0.0,96.0,9.8,96.0,0.1,10.126080883306773,12.440527976742697,1.6,1.6,0.876,17.0,Slovenia,1
2012,82.0,81.0,0.0,10.95,8.096825041798224,94.0,1.0986122886681098,58.2,0.0,96.0,9.37,96.0,0.1,10.020713618446988,12.457453738255623,1.5,1.5,0.877,16.8,Slovenia,1
2013,85.0,78.0,0.0,9.53,5.563672072492649,94.0,0.6931471805599453,58.9,0.0,95.0,9.29,95.0,0.1,7.747734130649606,12.468259971268008,1.4,1.4,0.878,16.8,Slovenia,1
2014,87.0,76.0,0.0,10.46,3.469943536405923,94.0,3.970291913552122,59.5,0.0,95.0,9.23,95.0,0.1,5.495826587995318,10.173476521081843,1.4,1.4,0.888,17.6,Slovenia,1
2015,88.0,74.0,0.0,10.46,0.0,94.0,2.9444389791664403,6.1,0.0,95.0,9.23,95.0,0.1,7.912373259373782,12.481930081715293,1.4,1.3,0.888,17.3,Slovenia,1
2000,65.8,235.0,0.0,0.71,1.6580872533550708,81.0,0.0,37.9,0.0,88.0,4.56,86.0,0.1,5.046765158571207,10.627891122746627,1.4,1.4,0.455,7.2,Solomon Islands,0
2001,66.2,227.0,0.0,0.7,5.787239269542051,83.0,0.0,38.7,0.0,88.0,6.44,84.0,0.1,6.852048935084044,12.957144335292952,1.4,1.4,0.442,6.6,Solomon Islands,0
2002,66.5,22.0,0.0,1.08,5.0580581544078465,75.0,0.0,39.6,0.0,78.0,6.9,78.0,0.1,6.66690117688778,12.983705725076415,1.4,1.4,0.446,7.3,Solomon Islands,0
2003,66.8,215.0,0.0,1.18,2.8809780963960803,79.0,0.0,4.4,0.0,84.0,6.0,84.0,0.1,6.614411532525059,13.009799199786835,1.3,1.3,0.453,8.0,Solomon Islands,0
2004,67.1,29.0,0.0,1.18,5.280794441425114,81.0,0.0,41.3,0.0,89.0,5.64,9.0,0.1,6.708624376208303,13.035333818431226,1.3,1.3,0.459,8.1,Solomon Islands,0
2005,67.4,24.0,0.0,0.9,3.27000836961622,83.0,0.0,42.1,0.0,9.0,7.83,89.0,0.1,4.498418236067779,13.06024539107397,1.3,1.3,0.465,8.3,Solomon Islands,0
2006,67.6,2.0,0.0,0.99,5.4868078571157275,99.0,0.0,43.0,0.0,99.0,6.66,99.0,0.1,6.856103237199803,13.08450158050597,1.3,1.3,0.47,8.4,Solomon Islands,0
2007,67.6,2.0,0.0,0.85,3.397903706464228,9.0,0.0,43.8,0.0,93.0,6.42,9.0,0.1,4.9967467938235135,10.805577935009142,1.2,1.2,0.482,9.0,Solomon Islands,0
2008,68.0,193.0,0.0,1.09,3.0325121347696014,89.0,0.0,44.7,0.0,94.0,5.97,89.0,0.1,4.842545345838871,10.90555222943001,1.2,1.2,0.489,9.2,Solomon Islands,0
2009,68.1,192.0,0.0,1.21,5.502879930763724,92.0,0.0,45.5,0.0,98.0,7.92,92.0,0.1,7.055556706613903,10.852826138456484,1.2,1.2,0.494,9.3,Solomon Islands,0
2010,68.3,188.0,0.0,1.1,3.418408398733785,9.0,0.0,46.4,0.0,94.0,7.47,9.0,0.1,7.149483657551443,10.873887610057315,1.2,1.2,0.492,9.3,Solomon Islands,0
2011,68.5,186.0,0.0,0.99,5.440982693498416,99.0,0.0,47.2,0.0,99.0,5.8,99.0,0.1,7.404789014798097,13.198611201298533,1.2,1.2,0.497,9.4,Solomon Islands,0
2012,68.7,184.0,0.0,0.01,5.5172489736658346,99.0,0.0,48.1,0.0,99.0,5.48,99.0,0.1,7.528165015170574,13.220455139564468,1.2,1.2,0.505,9.4,Solomon Islands,0
2013,68.8,182.0,0.0,0.01,3.247785332091505,94.0,0.0,48.9,0.0,99.0,5.42,94.0,0.1,5.2444729260158445,13.24194745687384,1.1,1.2,0.509,9.5,Solomon Islands,0
2014,68.8,183.0,0.0,0.01,1.551477981959614,88.0,0.0,49.7,0.0,94.0,5.5,88.0,0.1,3.422718205215987,10.960496291349163,1.1,1.2,0.512,9.6,Solomon Islands,0
2015,69.2,177.0,0.0,0.01,0.0,98.0,0.0,5.5,0.0,99.0,5.5,98.0,0.1,7.56185694863999,13.28360258841158,1.1,1.2,0.514,9.6,Solomon Islands,0
2000,55.0,355.0,3.828641396489095,0.01,0.0,42.0,8.285513309079741,17.8,4.31748811353631,37.0,5.4,33.0,0.8,3.882454852382883,14.149783234468618,8.0,7.9,0.631,11.7,Somalia,0
2001,57.0,352.0,3.8501476017100584,0.01,0.0,42.0,8.18088094199639,18.2,4.330733340286331,33.0,5.4,33.0,0.8,3.882454852382883,14.149783234468618,7.9,7.7,0.631,11.7,Somalia,0
2002,58.0,348.0,3.871201010907891,0.01,0.0,42.0,9.165343006045447,18.6,4.356708826689592,4.0,5.4,4.0,0.9,3.882454852382883,14.149783234468618,7.8,7.6,0.631,11.7,Somalia,0
2003,51.1,344.0,3.8918202981106265,0.01,0.0,42.0,9.018937706446035,19.0,4.3694478524670215,4.0,5.4,4.0,0.9,3.882454852382883,14.149783234468618,7.7,7.5,0.631,11.7,Somalia,0
2004,51.2,341.0,3.912023005428146,0.01,0.0,42.0,9.393411647660683,19.4,4.394449154672439,3.0,5.4,3.0,0.9,3.882454852382883,14.149783234468618,7.6,7.4,0.631,11.7,Somalia,0
2005,51.6,334.0,3.9318256327243257,0.01,0.0,42.0,0.0,19.8,4.418840607796598,35.0,5.4,35.0,0.9,3.882454852382883,14.149783234468618,7.5,7.3,0.631,11.7,Somalia,0
2006,51.5,337.0,3.9512437185814275,0.01,0.0,42.0,2.0794415416798357,2.2,4.430816798843313,26.0,5.4,26.0,0.9,3.882454852382883,14.149783234468618,7.4,7.2,0.631,11.7,Somalia,0
2007,51.5,34.0,3.970291913552122,0.01,0.0,42.0,7.047517221357296,2.7,4.442651256490317,4.0,5.4,4.0,0.9,3.882454852382883,14.149783234468618,7.3,7.1,0.631,11.7,Somalia,0
2008,51.9,336.0,3.970291913552122,0.01,0.0,42.0,6.9865664594064265,21.1,4.442651256490317,4.0,5.4,31.0,0.9,3.882454852382883,14.149783234468618,7.2,7.0,0.631,11.7,Somalia,0
2009,52.2,335.0,3.970291913552122,0.01,0.0,42.0,2.6390573296152584,21.5,4.442651256490317,41.0,5.4,42.0,0.8,3.882454852382883,14.149783234468618,7.1,6.9,0.631,11.7,Somalia,0
2010,52.4,336.0,3.970291913552122,0.01,0.0,42.0,4.7535901911063645,22.0,4.430816798843313,49.0,5.4,45.0,0.8,3.882454852382883,14.149783234468618,7.0,6.8,0.631,11.7,Somalia,0
2011,53.1,329.0,3.9512437185814275,0.01,0.0,42.0,9.758403975346978,22.4,4.418840607796598,49.0,5.4,41.0,0.8,3.882454852382883,14.149783234468618,6.9,6.7,0.631,11.7,Somalia,0
2012,53.1,336.0,3.9512437185814275,0.01,0.0,42.0,9.208739090609209,22.9,4.418840607796598,47.0,5.4,42.0,0.8,3.882454852382883,14.149783234468618,6.8,6.7,0.631,11.7,Somalia,0
2013,54.2,318.0,3.9512437185814275,0.01,0.0,42.0,8.062747901086354,23.3,4.406719247264253,47.0,5.4,42.0,0.8,3.882454852382883,14.149783234468618,6.8,6.6,0.631,11.7,Somalia,0
2014,54.3,321.0,3.9512437185814275,0.01,0.0,42.0,9.233079858945672,23.8,4.394449154672439,47.0,5.4,42.0,0.8,6.037611769400434,14.149783234468618,6.7,6.5,0.631,11.7,Somalia,0
2015,55.0,312.0,3.9318256327243257,0.01,0.0,42.0,8.922391597295857,24.3,4.394449154672439,47.0,5.4,42.0,0.7,6.05908901275458,14.149783234468618,6.6,6.4,0.631,11.7,Somalia,0
2000,57.3,397.0,3.9512437185814275,7.3,3.8493772708260763,73.0,7.286191714702382,4.1,4.30406509320417,71.0,8.7,73.0,21.3,5.823712241472547,17.61987835026237,16.3,19.1,0.635,13.0,South Africa,0
2001,56.0,429.0,3.970291913552122,7.38,5.903339565381609,72.0,7.062191632286556,4.9,4.343805421853684,71.0,8.31,71.0,24.0,7.894609222047529,17.629103156739347,15.4,18.1,0.629,13.0,South Africa,0
2002,54.9,459.0,4.007333185232471,7.04,5.850855598136492,72.0,6.950814768442584,41.6,4.382026634673881,7.0,8.9,7.0,26.6,7.831775366674256,17.64100535431292,14.5,17.1,0.62,12.9,South Africa,0
2003,54.0,485.0,4.02535169073515,6.93,6.254129493481522,71.0,5.501258210544727,42.2,4.418840607796598,7.0,8.26,69.0,28.9,8.236601323950346,17.65320207179855,13.5,16.1,0.613,12.9,South Africa,0
2004,53.7,497.0,4.02535169073515,6.96,6.43461683573731,76.0,6.7226297948554485,42.9,4.430816798843313,73.0,7.93,74.0,29.7,8.489722684447493,8.459350072631114,12.6,15.0,0.611,12.9,South Africa,0
2005,53.8,498.0,4.02535169073515,8.69,6.565711485402958,79.0,6.423246963533519,43.6,4.442651256490317,75.0,7.77,79.0,29.5,8.597045294956729,13.074576014261833,11.6,13.9,0.609,12.9,South Africa,0
2006,54.0,496.0,4.007333185232471,8.5,6.5973169430221414,83.0,4.406719247264253,44.3,4.418840607796598,79.0,7.57,82.0,28.1,8.636350366954254,15.38898662121491,1.6,12.8,0.609,12.9,South Africa,0
2007,54.5,486.0,3.9512437185814275,8.48,6.6926915961876805,83.0,3.4657359027997265,45.0,4.382026634673881,79.0,7.53,82.0,26.4,8.72036255460655,17.70495755201547,9.7,11.7,0.612,12.9,South Africa,0
2008,55.3,473.0,3.9318256327243257,8.19,6.660618224840242,76.0,3.6888794541139363,45.7,4.330733340286331,77.0,7.75,79.0,23.5,8.663472928483632,17.718645668813906,8.9,1.7,0.616,12.9,South Africa,0
2009,56.5,449.0,3.8501476017100584,7.6,6.663897045436064,74.0,8.675563527387679,46.4,4.2626798770413155,75.0,8.39,76.0,19.0,8.680948184672353,15.474845471321759,8.1,9.8,0.622,12.8,South Africa,0
2010,58.0,428.0,3.784189633918261,7.28,6.94686601685759,71.0,9.433483923290392,47.2,4.143134726391533,72.0,8.5,72.0,11.0,8.904326139600954,15.603836365584351,7.3,8.9,0.63,12.8,South Africa,0
2011,58.9,413.0,3.784189633918261,7.38,4.8263384677412295,76.0,4.532599493153256,47.9,4.07753744390572,69.0,8.61,69.0,8.5,6.746358336292283,17.761535806291903,6.6,8.0,0.638,12.8,South Africa,0
2012,59.2,48.0,3.784189633918261,7.38,6.99480858992586,68.0,3.4965075614664802,48.7,4.04305126783455,65.0,8.79,65.0,7.6,8.929192067630968,15.47497916003591,6.0,7.3,0.644,12.8,South Africa,0
2013,69.0,371.0,3.784189633918261,7.34,6.887134656493093,7.0,3.258096538021482,49.5,4.007333185232471,73.0,8.78,73.0,4.5,8.83607647695397,17.791671190620264,5.4,6.5,0.652,12.8,South Africa,0
2014,62.0,347.0,3.7612001156935624,7.38,6.827684196481039,8.0,4.204692619390966,5.3,3.970291913552122,77.0,8.8,77.0,3.7,8.77657233700026,17.807208247784466,4.9,5.9,0.66,13.0,South Africa,0
2015,62.9,328.0,3.7612001156935624,7.38,0.0,75.0,2.8903717578961645,51.1,3.970291913552122,75.0,8.8,75.0,3.6,8.660561246552739,15.522434042320553,4.4,5.3,0.665,13.0,South Africa,0
2000,48.9,38.0,3.4657359027997265,2.475,0.0,31.0,0.0,35.150000000000006,3.9318256327243257,66.0,2.77,61.0,2.7,7.426377546973375,11.122206102007905,4.65,4.6,0.0,0.0,South Sudan,0
2001,49.6,381.0,3.4339872044851463,2.475,0.0,31.0,0.0,35.150000000000006,3.912023005428146,66.0,2.77,61.0,3.0,7.426377546973375,15.757763025852169,4.65,4.6,0.0,0.0,South Sudan,0
2002,52.0,382.0,3.4339872044851463,2.475,0.0,31.0,0.0,35.150000000000006,3.8918202981106265,66.0,2.77,61.0,3.3,7.426377546973375,15.794755588644309,4.65,4.6,0.0,0.0,South Sudan,0
2003,58.0,383.0,3.4011973816621555,2.475,0.0,31.0,0.0,35.150000000000006,3.8501476017100584,66.0,2.77,61.0,3.5,7.426377546973375,13.53001675616754,4.65,4.6,0.0,0.0,South Sudan,0
2004,51.4,383.0,3.4011973816621555,2.475,0.0,31.0,0.0,35.150000000000006,3.828641396489095,66.0,2.77,61.0,3.8,7.426377546973375,15.868050473979935,4.65,4.6,0.0,0.0,South Sudan,0
2005,51.9,383.0,3.367295829986474,2.475,0.0,31.0,0.0,35.150000000000006,3.8066624897703196,66.0,2.77,61.0,3.9,7.426377546973375,13.61569038959028,4.65,4.6,0.0,0.0,South Sudan,0
2006,52.5,383.0,3.367295829986474,2.475,0.0,31.0,0.0,35.150000000000006,3.784189633918261,66.0,2.77,61.0,4.1,7.426377546973375,15.951822979094452,4.65,4.6,0.0,0.0,South Sudan,0
2007,53.1,381.0,3.332204510175204,2.475,0.0,31.0,0.0,35.150000000000006,3.784189633918261,66.0,2.77,61.0,4.2,7.426377546973375,11.391537188235205,4.65,4.6,0.0,0.0,South Sudan,0
2008,53.6,377.0,3.332204510175204,2.475,0.0,31.0,0.0,35.150000000000006,3.7612001156935624,66.0,2.77,61.0,4.2,7.426377546973375,16.041553318151625,4.65,4.6,0.0,0.0,South Sudan,0
2009,54.3,369.0,3.332204510175204,2.475,0.0,31.0,0.0,35.150000000000006,3.7612001156935624,66.0,2.77,61.0,4.2,7.143451696367387,13.782644332222654,4.65,4.6,0.0,0.0,South Sudan,0
2010,55.0,359.0,3.332204510175204,2.475,0.0,31.0,0.0,35.150000000000006,3.7376696182833684,66.0,2.77,61.0,4.0,7.354515451135522,12.026904112727623,4.65,4.6,0.0,0.0,South Sudan,0
2011,55.4,355.0,3.332204510175204,2.475,0.0,31.0,7.136483208590247,35.150000000000006,3.7376696182833684,66.0,2.77,61.0,3.9,5.181622301337115,14.186286217880903,4.65,4.6,0.429,4.9,South Sudan,0
2012,56.0,347.0,3.295836866004329,2.475,3.672196880583904,31.0,7.577121930876679,35.150000000000006,3.713572066704308,64.0,2.77,59.0,3.8,6.866366259150077,14.413390007818919,4.65,4.6,0.419,4.9,South Sudan,0
2013,56.4,345.0,3.295836866004329,2.475,3.8804194320663012,31.0,6.26530121273771,35.150000000000006,3.713572066704308,5.0,2.62,45.0,3.6,7.079279798651649,13.926828294096227,4.65,4.6,0.417,4.9,South Sudan,0
2014,56.6,343.0,3.295836866004329,2.475,3.8517307861098793,31.0,6.091309882077698,35.150000000000006,3.6888794541139363,44.0,2.74,39.0,3.5,7.050002578123989,13.958720462324278,4.65,4.6,0.421,4.9,South Sudan,0
2015,57.3,332.0,3.295836866004329,2.475,0.0,31.0,6.778784897685177,35.150000000000006,3.6888794541139363,41.0,2.74,31.0,3.4,6.6329575550137525,16.2905467378768,4.65,4.6,0.421,4.9,South Sudan,0
2000,79.1,86.0,1.0986122886681098,11.12,7.568068348638389,77.0,5.030437921392435,57.6,1.0986122886681098,95.0,7.21,95.0,0.1,9.594089315142224,15.334556476466211,0.6,0.5,0.82,15.7,Spain,1
2001,79.4,84.0,1.0986122886681098,9.86,7.6232360777454735,83.0,0.0,58.2,1.0986122886681098,95.0,7.24,96.0,0.1,9.63721540322353,13.092755353951441,0.6,0.5,0.825,15.7,Spain,1
2002,79.5,83.0,1.0986122886681098,12.26,5.435267979969041,82.0,4.219507705176107,58.8,1.0986122886681098,98.0,7.25,98.0,0.1,7.450390806252132,17.53955344308251,0.6,0.5,0.828,15.7,Spain,1
2003,79.4,83.0,1.0986122886681098,12.09,8.072785545876338,81.0,5.54907608489522,59.3,1.0986122886681098,99.0,7.99,98.0,0.1,9.975658160997883,17.557637987331773,0.6,0.5,0.83,15.6,Spain,1
2004,81.0,79.0,1.0986122886681098,11.96,8.220502689969095,97.0,3.295836866004329,59.9,1.0986122886681098,97.0,8.5,97.0,0.1,10.12341176092239,17.57489264996077,0.6,0.5,0.833,15.6,Spain,1
2005,81.0,77.0,1.0986122886681098,11.92,6.007455010715162,96.0,3.1354942159291497,6.5,1.0986122886681098,96.0,8.12,96.0,0.1,7.883339846392866,17.59178614004169,0.6,0.5,0.837,15.8,Spain,1
2006,88.0,73.0,1.0986122886681098,11.86,8.403215656996169,97.0,5.8944028342648505,61.1,1.0986122886681098,98.0,8.23,98.0,0.1,10.257087090257363,17.608689665220332,0.6,0.5,0.844,15.9,Spain,1
2007,89.0,72.0,1.0986122886681098,11.05,6.238193173431374,96.0,5.5909869805108565,61.7,1.0986122886681098,96.0,8.36,96.0,0.1,8.095724912925371,15.324616180885537,0.6,0.5,0.849,16.0,Spain,1
2008,81.3,7.0,1.0986122886681098,10.24,8.630081637510749,97.0,5.697093486505405,62.3,1.0986122886681098,97.0,8.8,97.0,0.1,10.479531546633597,15.340570060470423,0.6,0.5,0.854,16.1,Spain,1
2009,81.6,66.0,1.0986122886681098,9.99,8.526797731401524,96.0,3.7376696182833684,62.9,1.0986122886681098,96.0,9.52,96.0,0.1,10.383889002224352,17.652011142146286,0.6,0.5,0.858,16.3,Spain,1
2010,81.9,64.0,0.6931471805599453,9.78,6.362582689185804,97.0,5.713732805509369,63.5,1.0986122886681098,97.0,9.56,97.0,0.1,8.226099439130914,17.65661522509772,0.6,0.5,0.86,16.4,Spain,1
2011,82.1,63.0,0.6931471805599453,9.62,8.491838213510386,97.0,8.24354550792826,64.1,1.0986122886681098,97.0,9.48,97.0,0.1,10.368328445262575,17.66016860898628,0.6,0.5,0.867,16.9,Spain,1
2012,82.0,61.0,0.6931471805599453,9.35,8.356268682624536,96.0,7.094234845924755,64.8,1.0986122886681098,97.0,9.39,97.0,0.1,10.259877719329697,15.358243550980385,0.6,0.5,0.871,17.2,Spain,1
2013,82.4,6.0,0.6931471805599453,9.25,6.051337024958578,95.0,4.882801922586371,65.4,1.0986122886681098,96.0,9.1,96.0,0.1,7.980343253739154,13.05246867081489,0.6,0.5,0.874,17.5,Spain,1
2014,82.6,58.0,0.6931471805599453,0.01,3.783927696206483,96.0,5.043425116919247,66.0,0.6931471805599453,97.0,9.3,97.0,0.1,5.695320943324161,15.352137533653519,0.6,0.5,0.877,17.6,Spain,1
2015,82.8,56.0,0.6931471805599453,0.01,0.0,97.0,4.7535901911063645,66.6,0.6931471805599453,97.0,9.3,97.0,0.1,10.153656433539338,17.65383746333082,0.6,0.5,0.882,17.7,Spain,1
2000,71.5,175.0,1.791759469228055,1.45,4.11889052178302,32.0,9.71281119135942,14.1,1.9459101490553132,99.0,3.77,99.0,0.1,6.7758365031062855,9.833923089150218,15.3,15.5,0.677,12.4,Sri Lanka,0
2001,72.7,16.0,1.791759469228055,1.68,4.000268037935127,32.0,5.736572297479192,14.6,1.9459101490553132,98.0,3.81,98.0,0.1,6.731852820025865,9.841505760180247,15.4,15.6,0.686,12.5,Sri Lanka,0
2002,73.7,149.0,1.791759469228055,1.62,4.104888062659955,32.0,4.941642422609304,15.1,1.791759469228055,98.0,3.89,98.0,0.1,6.773248832404116,9.84903136674007,15.4,15.6,0.699,12.6,Sri Lanka,0
2003,73.9,146.0,1.791759469228055,1.69,4.2963065517868655,32.0,4.189654742026425,15.6,1.791759469228055,98.0,3.95,99.0,0.1,6.898164204520663,7.592870287844818,15.4,15.5,0.697,12.7,Sri Lanka,0
2004,69.1,197.0,1.9459101490553132,1.56,2.794437213661373,62.0,3.58351893845611,16.1,2.3978952727983707,97.0,4.28,97.0,0.1,5.168602681021639,9.864174835150587,15.4,15.5,0.705,12.8,Sri Lanka,0
2005,74.2,138.0,1.6094379124341003,1.97,4.592757168471885,99.0,1.3862943611198906,16.6,1.791759469228055,99.0,4.6,99.0,0.1,7.139561925095766,9.871687239986331,15.4,15.5,0.712,12.9,Sri Lanka,0
2006,73.8,145.0,1.6094379124341003,1.96,4.79783120006092,98.0,0.0,17.2,1.791759469228055,98.0,4.6,98.0,0.1,7.279154063219738,7.577121930876679,15.4,15.5,0.718,13.1,Sri Lanka,0
2007,73.7,146.0,1.6094379124341003,2.29,4.8570003184929345,98.0,3.8066624897703196,17.9,1.791759469228055,98.0,3.76,98.0,0.1,7.405991814867911,9.886799071249893,15.4,15.5,0.725,13.2,Sri Lanka,0
2008,72.3,172.0,1.6094379124341003,2.1,2.9346142127665686,98.0,3.5263605246161616,18.5,1.6094379124341003,98.0,3.44,98.0,0.1,5.543180107379168,9.894345894618844,15.4,15.4,0.731,13.3,Sri Lanka,0
2009,71.8,183.0,1.6094379124341003,2.05,2.66659758347544,97.0,3.091042453358316,19.2,1.6094379124341003,97.0,3.37,97.0,0.1,5.383033371185009,9.90193635004339,15.3,15.4,0.735,13.4,Sri Lanka,0
2010,74.5,138.0,1.3862943611198906,2.31,5.261273428779228,99.0,4.382026634673881,19.8,1.6094379124341003,99.0,3.43,99.0,0.1,7.9446734102720065,7.659171367666058,15.3,15.3,0.739,13.5,Sri Lanka,0
2011,74.5,141.0,1.3862943611198906,3.03,3.083423670819081,99.0,4.110873864173311,2.5,1.6094379124341003,99.0,3.28,99.0,0.1,5.780720722322684,7.7284157798410416,15.3,15.3,0.746,13.6,Sri Lanka,0
2012,74.5,143.0,1.3862943611198906,2.8,3.080476516745162,99.0,3.9512437185814275,21.2,1.6094379124341003,99.0,3.21,99.0,0.1,5.818661668612694,7.793999089503996,15.3,15.2,0.752,13.7,Sri Lanka,0
2013,74.6,142.0,1.3862943611198906,2.56,3.7523362000311256,99.0,7.653494909661253,21.9,1.3862943611198906,99.0,3.68,99.0,0.1,5.892443268185797,7.857867559331803,15.2,15.1,0.757,13.8,Sri Lanka,0
2014,74.7,141.0,1.3862943611198906,2.37,3.778053306475723,99.0,7.430707082545968,22.7,1.3862943611198906,99.0,3.5,99.0,0.1,5.949469833971973,7.927324360309794,15.2,15.0,0.76,14.0,Sri Lanka,0
2015,74.9,138.0,1.3862943611198906,2.37,0.0,99.0,7.358193752733032,23.4,1.3862943611198906,99.0,3.5,99.0,0.1,8.254760644417548,7.995306620290822,15.1,15.0,0.764,14.0,Sri Lanka,0
2000,58.6,284.0,4.276666119016055,1.76,3.461351615844064,22.0,7.964155718840937,35.150000000000006,4.700480365792417,62.0,3.23,62.0,0.1,5.892633860083897,14.818175663984821,4.65,4.6,0.394,5.5,Sudan,0
2001,58.9,283.0,4.276666119016055,1.81,3.3972126722418863,22.0,8.38091517312361,35.150000000000006,4.6913478822291435,66.0,2.96,66.0,0.2,5.936283297566354,12.54060013521346,4.65,4.6,0.399,5.6,Sudan,0
2002,59.4,277.0,4.2626798770413155,1.59,3.4538807662930844,22.0,8.41847721847708,35.150000000000006,4.672828834461906,6.0,2.95,6.0,0.2,6.023814973652501,17.171695441084683,4.65,4.6,0.403,5.6,Sudan,0
2003,59.6,278.0,4.248495242049359,1.74,3.5932670313137987,22.0,8.385260520155413,35.150000000000006,4.653960350157523,69.0,3.18,69.0,0.2,6.171154473364513,17.197727104566493,4.65,4.6,0.409,5.6,Sudan,0
2004,59.7,278.0,4.23410650459726,1.59,3.638764401116776,22.0,9.165656764349542,35.150000000000006,4.634728988229636,74.0,3.39,74.0,0.2,6.3395996837198485,14.974384108323877,4.65,4.6,0.415,5.7,Sudan,0
2005,67.0,261.0,4.204692619390966,1.55,3.653003435149657,22.0,7.226209010100671,35.150000000000006,4.624972813284271,78.0,3.18,78.0,0.2,6.523200999917113,15.179537581884428,4.65,4.6,0.423,6.1,Sudan,0
2006,61.0,26.0,4.204692619390966,1.9,4.1163809200079235,6.0,5.43372200355424,35.150000000000006,4.605170185988092,77.0,3.93,78.0,0.2,6.796688920921944,12.665915453021086,4.65,4.6,0.43,6.2,Sudan,0
2007,61.4,254.0,4.189654742026425,2.01,4.46742041639477,78.0,5.793013608384144,35.150000000000006,4.584967478670572,84.0,4.72,84.0,0.3,7.018128888063355,17.290036682069047,4.65,4.6,0.44,6.4,Sudan,0
2008,61.8,251.0,4.174387269895637,2.01,4.864732614360749,78.0,4.867534450455582,35.150000000000006,4.564348191467836,85.0,8.17,86.0,0.3,7.1643559086483934,17.310668633526532,4.65,4.6,0.444,6.3,Sudan,0
2009,62.0,248.0,4.1588830833596715,1.99,2.8933502566504217,72.0,4.23410650459726,35.150000000000006,4.553876891600541,81.0,8.4,81.0,0.3,7.1130479519943535,15.029122753717616,4.65,4.6,0.456,6.8,Sudan,0
2010,62.5,243.0,4.143134726391533,1.77,5.153348173243992,75.0,6.523562306149512,35.150000000000006,4.532599493153256,9.0,7.97,9.0,0.3,7.298092447993557,17.353159015823675,4.65,4.6,0.461,7.0,Sudan,0
2011,62.7,241.0,4.127134385045092,2.12,5.286696177854022,93.0,8.633552992532433,35.150000000000006,4.5217885770490405,93.0,8.3,93.0,0.3,7.419295301704415,17.3756276580613,4.65,4.6,0.463,7.0,Sudan,0
2012,63.2,235.0,4.127134385045092,0.01,5.400522774082798,92.0,9.050640993218508,35.150000000000006,4.499809670330265,92.0,8.2,92.0,0.3,7.546390491831213,15.09622021163057,4.65,4.6,0.468,6.8,Sudan,0
2013,63.5,232.0,4.110873864173311,0.01,5.4330026217170575,93.0,7.942362237674335,35.150000000000006,4.48863636973214,93.0,8.42,93.0,0.3,7.578998300474076,17.422363978496797,4.65,4.6,0.478,7.0,Sudan,0
2014,63.8,229.0,4.0943445622221,0.01,5.53972766355078,94.0,6.517671272912275,35.150000000000006,4.465908118654584,94.0,8.43,94.0,0.3,7.686115603596239,17.446175823457096,4.65,4.6,0.485,7.2,Sudan,0
2015,64.1,225.0,4.07753744390572,0.01,0.0,93.0,8.184792654165078,35.150000000000006,4.454347296253507,93.0,8.43,93.0,0.3,7.829982221044842,15.167416352284143,4.65,4.6,0.488,7.2,Sudan,0
2000,67.4,224.0,0.0,4.29,5.595394407251879,83.0,0.0,47.6,0.0,7.0,9.65,71.0,0.4,7.544130124693459,10.762996270311298,3.6,3.6,0.0,11.1,Suriname,0
2001,67.7,219.0,0.0,4.23,5.258606756294765,83.0,0.0,48.3,0.0,65.0,8.38,68.0,1.8,7.377618348349796,10.774257769108473,3.6,3.5,0.0,11.0,Suriname,0
2002,67.9,221.0,0.0,4.41,5.528282546754538,83.0,0.0,49.0,0.0,74.0,7.14,73.0,1.6,7.711331070481331,10.786118082917648,3.5,3.5,0.0,11.0,Suriname,0
2003,68.0,223.0,0.0,4.53,3.5075436423137054,83.0,0.0,49.7,0.0,74.0,6.62,75.0,1.0,5.576478887028474,13.098752829171106,3.5,3.5,0.0,10.9,Suriname,0
2004,68.3,214.0,0.0,4.55,1.6549038297934693,83.0,0.0,5.4,0.0,84.0,6.88,85.0,0.9,3.6240136794347655,10.806976692573075,3.5,3.5,0.0,11.1,Suriname,0
2005,68.9,25.0,0.0,4.47,6.040065790575879,83.0,0.0,51.1,0.0,84.0,6.78,83.0,0.6,8.187823611106682,13.120255156667866,3.5,3.4,0.672,11.3,Suriname,0
2006,69.3,199.0,0.0,4.52,4.3013610080266,84.0,0.0,51.8,0.0,84.0,6.22,84.0,0.6,6.270837191688622,8.601166625192416,3.5,3.4,0.678,11.5,Suriname,0
2007,69.5,22.0,0.0,4.72,6.530921224880472,84.0,0.0,52.6,0.0,84.0,5.92,84.0,0.8,8.659108528354782,8.695506726812653,3.5,3.4,0.684,11.7,Suriname,0
2008,69.8,196.0,0.0,4.94,6.704948035448007,84.0,0.0,53.3,0.0,85.0,5.92,85.0,1.2,8.833340724648975,13.15221145818915,3.5,3.4,0.691,11.9,Suriname,0
2009,70.0,196.0,0.0,5.13,6.7868004421534245,87.0,0.0,54.1,0.0,85.0,6.14,87.0,0.6,8.915278036256396,10.870851554594283,3.5,3.4,0.696,12.1,Suriname,0
2010,73.0,19.0,0.0,5.26,4.605979395989346,86.0,0.0,54.8,0.0,96.0,5.81,96.0,0.5,6.7266090152606255,10.87073752300741,3.5,3.4,0.7,12.3,Suriname,0
2011,76.0,187.0,0.0,5.64,6.897832567105562,86.0,0.0,55.5,0.0,86.0,5.93,86.0,0.1,9.026414759772946,13.183627794508103,3.5,3.4,0.704,12.5,Suriname,0
2012,71.3,178.0,0.0,5.73,7.064181164279642,84.0,0.0,56.3,0.0,84.0,6.9,84.0,0.9,9.134906816563518,10.892619740585417,3.5,3.4,0.708,12.7,Suriname,0
2013,71.2,179.0,0.0,6.02,7.024624979452669,86.0,0.0,57.0,0.0,86.0,5.96,86.0,0.4,9.15752686791839,10.901450433054308,3.5,3.5,0.719,12.7,Suriname,0
2014,71.4,178.0,0.0,6.32,7.033005933106929,85.0,0.0,57.7,0.0,85.0,5.69,85.0,0.4,9.165914373118916,13.21390099549247,3.5,3.5,0.722,12.7,Suriname,0
2015,71.6,176.0,0.0,6.32,0.0,89.0,0.0,58.3,0.0,89.0,5.69,89.0,0.4,9.084775172354892,10.921052462350916,3.5,3.5,0.723,12.7,Suriname,0
2000,48.4,536.0,1.3862943611198906,7.19,3.2664016922463945,83.0,2.3978952727983707,25.9,1.6094379124341003,87.0,5.26,84.0,46.4,7.401510041179976,11.992068452755603,9.4,9.6,0.516,9.4,Swaziland,0
2001,47.1,568.0,1.3862943611198906,6.72,4.974107756846868,86.0,3.912023005428146,26.3,1.6094379124341003,87.0,5.11,84.0,48.8,7.271449992286194,12.060630601879817,9.0,9.2,0.506,9.3,Swaziland,0
2002,46.4,587.0,1.3862943611198906,5.52,4.883121014852836,88.0,3.6375861597263857,26.7,1.6094379124341003,87.0,5.16,85.0,49.9,7.189919326096211,7.546446273746024,8.6,8.8,0.502,9.2,Swaziland,0
2003,45.9,6.0,1.3862943611198906,5.65,1.3400212010612718,9.0,5.860786223465865,27.1,1.6094379124341003,87.0,5.71,85.0,50.6,3.1778242206563245,12.140963294833739,8.2,8.4,0.493,9.1,Swaziland,0
2004,45.6,69.0,1.3862943611198906,5.78,3.6490615553208015,93.0,0.0,27.4,1.6094379124341003,88.0,5.88,86.0,50.3,7.8362249681588265,9.880935148065616,7.7,7.9,0.492,9.4,Swaziland,0
2005,46.0,63.0,1.3862943611198906,5.08,5.922021075812612,95.0,0.0,27.8,1.6094379124341003,88.0,6.8,86.0,49.1,7.963760001125245,11.660258672841705,7.3,7.5,0.495,9.7,Swaziland,0
2006,47.8,564.0,1.3862943611198906,5.53,6.082402098619286,93.0,0.0,28.2,1.6094379124341003,88.0,6.81,87.0,43.7,7.985609342115472,11.630841825071846,6.9,7.1,0.502,9.9,Swaziland,0
2007,50.0,51.0,1.3862943611198906,5.55,3.792484677897943,92.0,0.0,28.5,1.6094379124341003,88.0,7.5,87.0,40.7,5.853603738931443,13.945165070190296,6.5,6.7,0.508,10.5,Swaziland,0
2008,51.4,477.0,1.3862943611198906,4.87,6.025881197622475,9.0,0.6931471805599453,28.9,1.6094379124341003,89.0,8.19,88.0,40.2,7.95276931080637,13.962980111546551,6.1,6.3,0.514,10.6,Swaziland,0
2009,52.6,46.0,1.3862943611198906,4.9,3.883961998311251,88.0,3.295836866004329,29.3,1.6094379124341003,89.0,8.46,88.0,33.7,5.809694213362684,11.68415236975857,5.8,5.9,0.519,10.8,Swaziland,0
2010,53.6,459.0,1.0986122886681098,4.93,4.059351132077814,89.0,5.749392985908253,29.7,1.6094379124341003,89.0,8.47,89.0,21.6,5.914149650572416,11.718670536707771,5.4,5.6,0.523,11.0,Swaziland,0
2011,55.0,438.0,1.0986122886681098,5.2,6.60219310300847,91.0,0.0,3.2,1.3862943611198906,85.0,8.61,91.0,15.7,8.277735599355461,14.018662808184523,5.1,5.2,0.526,11.2,Swaziland,0
2012,56.5,412.0,1.0986122886681098,0.01,6.580962792115279,95.0,0.0,3.7,1.3862943611198906,92.0,8.76,95.0,12.2,8.256481582760511,14.037180223642483,4.8,4.9,0.534,11.3,Swaziland,0
2013,57.6,393.0,1.0986122886681098,0.01,6.565202524141995,98.0,0.0,31.2,1.3862943611198906,98.0,9.66,98.0,9.8,8.188622377772248,14.055674044947645,4.5,4.6,0.539,11.4,Swaziland,0
2014,58.4,382.0,1.0986122886681098,0.01,6.355047220502887,98.0,0.0,31.8,1.3862943611198906,98.0,9.25,98.0,7.3,8.150569404308944,11.77219263068247,4.3,4.3,0.541,11.4,Swaziland,0
2015,58.9,373.0,1.0986122886681098,0.01,0.0,9.0,0.0,32.3,1.3862943611198906,84.0,9.25,9.0,7.1,8.051317067488753,11.789890312580804,4.0,4.1,0.541,11.4,Swaziland,0
2000,79.6,73.0,0.0,6.2,8.21357881788387,42.0,4.0943445622221,52.8,0.0,99.0,8.18,99.0,0.1,10.284815352177377,13.695848257595587,1.4,1.3,0.873,15.9,Sweden,1
2001,79.8,73.0,0.0,6.6,8.176264039004854,42.0,1.791759469228055,53.4,0.0,99.0,8.86,99.0,0.1,10.202489484316612,13.698523830170611,1.3,1.3,0.877,15.9,Sweden,1
2002,79.9,71.0,0.0,6.9,8.293824582278415,42.0,2.302585092994046,53.9,0.0,99.0,9.23,99.0,0.1,10.29460842558359,16.00436229178189,1.3,1.3,0.88,15.9,Sweden,1
2003,82.0,69.0,0.0,6.9,8.53078271770416,42.0,1.3862943611198906,54.4,0.0,99.0,9.31,99.0,0.1,10.517657145085309,16.008083220793743,1.3,1.3,0.882,15.9,Sweden,1
2004,83.0,7.0,0.0,6.6,8.664640938527594,42.0,1.791759469228055,54.9,0.0,99.0,9.9,99.0,0.1,10.655922567692832,16.012016210269145,1.3,1.3,0.888,16.0,Sweden,1
2005,85.0,66.0,0.0,6.5,6.396995053577627,42.0,2.6390573296152584,55.3,0.0,98.0,9.6,98.0,0.1,8.386253443292329,13.742480619907546,1.3,1.3,0.89,16.0,Sweden,1
2006,88.0,64.0,0.0,6.5,8.75943577181435,42.0,2.995732273553991,55.7,0.0,98.0,8.95,98.0,0.1,10.74197827800119,9.1958356857733,1.3,1.3,0.892,15.9,Sweden,1
2007,89.0,63.0,0.0,6.9,8.935165309385688,42.0,0.6931471805599453,56.1,0.0,98.0,8.92,98.0,0.1,10.884167657613354,13.726562397528946,1.3,1.3,0.895,15.8,Sweden,1
2008,81.1,62.0,0.0,6.9,9.000432698930796,42.0,3.258096538021482,56.5,0.0,98.0,9.23,98.0,0.1,10.9285939868694,16.0368463322891,1.3,1.3,0.897,15.7,Sweden,1
2009,81.4,62.0,0.0,7.3,6.526651598091937,42.0,1.3862943611198906,56.9,0.0,98.0,9.94,98.0,0.1,8.440007997159675,16.04536537549838,1.3,1.3,0.898,15.8,Sweden,1
2010,81.5,58.0,0.0,7.2,6.658329027016702,42.0,1.9459101490553132,57.3,0.0,98.0,9.47,98.0,0.1,8.571161527587016,16.05389062087309,1.3,1.3,0.895,15.8,Sweden,1
2011,81.7,58.0,0.0,7.4,9.348245556860926,42.0,3.295836866004329,57.7,0.0,98.0,11.7,98.0,0.1,10.995314994600106,16.061442121407552,1.4,1.3,0.901,16.0,Sweden,1
2012,81.7,57.0,0.0,7.4,9.300914195660686,53.0,3.4339872044851463,58.1,0.0,98.0,11.8,98.0,0.1,10.953185766858256,16.068839753351906,1.4,1.3,0.903,15.8,Sweden,1
2013,81.9,57.0,0.0,7.3,7.101401079639117,67.0,3.9512437185814275,58.5,0.0,98.0,11.97,98.0,0.1,8.745801021529479,11.476053990194323,1.4,1.3,0.904,15.8,Sweden,1
2014,82.3,54.0,0.0,7.3,7.041597475926992,67.0,3.295836866004329,59.0,0.0,98.0,11.93,98.0,0.1,8.685956411290743,13.784651270458227,1.5,1.3,0.906,15.8,Sweden,1
2015,82.4,53.0,0.0,7.3,0.0,67.0,3.1354942159291497,59.5,0.0,98.0,11.93,98.0,0.1,8.62806501646938,16.097809981015825,1.5,1.4,0.909,15.9,Sweden,1
2000,79.7,78.0,0.0,11.26,8.671729290559927,94.0,0.0,5.8,0.0,95.0,9.91,93.0,0.1,10.540440878448715,13.484817986851978,0.7,0.5,0.879,15.1,Switzerland,1
2001,82.0,75.0,0.0,11.12,8.776374879162466,94.0,6.55250788703459,51.3,0.0,95.0,1.28,93.0,0.1,10.559442716964728,15.793729538608803,0.7,0.5,0.888,15.2,Switzerland,1
2002,84.0,74.0,0.0,10.85,8.83267939563358,94.0,0.0,51.8,0.0,95.0,1.61,93.0,0.1,10.629530725766717,15.801294229024817,0.6,0.5,0.89,15.2,Switzerland,1
2003,85.0,72.0,0.0,10.82,6.737295265550246,94.0,6.354370040797351,52.3,0.0,95.0,1.93,93.0,0.1,8.475863770260194,11.203570216836953,0.6,0.5,0.889,15.0,Switzerland,1
2004,81.0,69.0,0.0,10.55,9.158682861375222,94.0,3.6888794541139363,52.8,0.0,95.0,1.96,93.0,0.1,10.882884085506975,15.81558768271272,0.6,0.4,0.895,15.1,Switzerland,1
2005,81.1,66.0,0.0,10.15,9.215959535862353,94.0,4.110873864173311,53.2,0.0,94.0,1.86,94.0,0.1,10.911418951234044,15.821993697251035,0.6,0.4,0.899,15.2,Switzerland,1
2006,81.5,65.0,0.0,10.24,9.268522660311037,94.0,0.0,53.7,0.0,94.0,1.39,94.0,0.1,10.956926865015314,15.828269281143317,0.6,0.4,0.904,15.2,Switzerland,1
2007,81.7,63.0,0.0,10.44,9.383733378463052,94.0,6.923628628138427,54.1,0.0,94.0,1.21,94.0,0.1,11.054446653630059,15.837206189732724,0.5,0.4,0.911,15.3,Switzerland,1
2008,82.0,6.0,0.0,10.29,7.642646685476189,94.0,7.612336837167746,54.6,0.0,96.0,1.29,95.0,0.1,11.186094562754826,15.849912368799258,0.5,0.4,0.914,15.3,Switzerland,1
2009,82.1,6.0,0.0,10.15,9.596678784135095,94.0,6.8658910748834385,55.0,0.0,96.0,11.0,95.0,0.1,11.151574907365909,15.862407213488352,0.5,0.4,0.916,15.3,Switzerland,1
2010,82.3,57.0,0.0,10.01,7.696026651597212,94.0,4.356708826689592,55.4,0.0,96.0,11.7,95.0,0.1,11.21556629905521,13.570249201396445,0.5,0.4,0.92,15.4,Switzerland,1
2011,82.6,55.0,0.0,9.99,9.842880881933569,94.0,6.432940092739179,55.8,0.0,96.0,11.21,96.0,0.1,11.385085782985888,15.883941580740146,0.5,0.3,0.932,15.6,Switzerland,1
2012,82.7,54.0,0.0,9.86,9.819036335901094,94.0,4.127134385045092,56.2,0.0,96.0,11.59,96.0,0.1,11.328586530036697,15.894559772693956,0.5,0.3,0.932,15.7,Switzerland,1
2013,83.0,52.0,0.0,9.73,9.857445973194242,94.0,5.170483995038151,56.6,0.0,96.0,11.71,96.0,0.1,11.346397187355395,13.698242764547807,0.4,0.3,0.934,15.8,Switzerland,1
2014,83.2,51.0,0.0,9.61,9.877190373329496,94.0,3.1780538303479458,57.0,0.0,96.0,11.66,96.0,0.1,11.359955953938375,15.918259607077609,0.4,0.3,0.936,15.9,Switzerland,1
2015,83.4,49.0,0.0,9.61,0.0,94.0,3.58351893845611,57.4,0.0,97.0,11.66,97.0,0.1,9.103961827191394,15.929642977220123,0.4,0.3,0.938,16.0,Switzerland,1
2000,72.6,136.0,2.3978952727983707,1.41,4.415551725830526,79.0,4.990432586778736,43.9,2.5649493574615367,86.0,4.92,84.0,0.1,7.07210740494802,14.311333603742694,6.8,6.6,0.588,10.0,Syrian Arab Republic,0
2001,72.7,135.0,2.3978952727983707,1.29,4.548607782722078,8.0,5.673323267171493,44.6,2.4849066497880004,83.0,4.92,82.0,0.1,7.138408127219218,16.634917262806017,6.7,6.5,0.589,10.1,Syrian Arab Republic,0
2002,72.8,135.0,2.302585092994046,1.25,4.529406965142719,8.0,6.289715570908998,45.3,2.4849066497880004,86.0,4.94,84.0,0.1,7.1421430168264495,12.09397839799126,6.6,6.5,0.596,10.2,Syrian Arab Republic,0
2003,73.0,134.0,2.302585092994046,1.29,4.561807384161499,81.0,6.687108607866515,46.0,2.4849066497880004,85.0,5.12,83.0,0.1,7.134405817621275,16.67285779327539,6.6,6.4,0.599,10.3,Syrian Arab Republic,0
2004,73.2,131.0,2.302585092994046,0.93,2.4169220046913935,82.0,5.247024072160486,46.8,2.3978952727983707,84.0,4.48,81.0,0.1,5.009653065200687,14.395846759184353,6.5,6.3,0.61,10.6,Syrian Arab Republic,0
2005,73.5,127.0,2.302585092994046,0.92,4.764381703574055,83.0,5.929589143389895,47.6,2.3978952727983707,83.0,4.11,8.0,0.1,7.36420318187784,16.72211714823023,6.5,6.3,0.624,11.0,Syrian Arab Republic,0
2006,73.7,123.0,2.1972245773362196,0.97,4.817473864796244,83.0,6.249975242259483,48.5,2.3978952727983707,83.0,3.78,8.0,0.1,7.474911803960593,16.75546465295052,6.4,6.3,0.636,11.4,Syrian Arab Republic,0
2007,73.8,121.0,2.1972245773362196,0.83,2.943457541924955,83.0,6.0014148779611505,49.4,2.302585092994046,83.0,3.72,8.0,0.1,5.558189682535549,14.490130667360308,6.4,6.2,0.644,11.5,Syrian Arab Republic,0
2008,73.8,122.0,2.1972245773362196,0.8,0.0,83.0,2.995732273553991,5.4,2.302585092994046,83.0,3.4,79.0,0.1,5.558189682535549,14.659421546513512,6.4,6.2,0.651,11.6,Syrian Arab Republic,0
2009,73.8,124.0,2.0794415416798357,0.81,0.0,84.0,3.1354942159291497,51.3,2.302585092994046,83.0,3.55,8.0,0.1,5.558189682535549,14.853981399734812,6.4,6.2,0.648,11.8,Syrian Arab Republic,0
2010,73.7,127.0,2.0794415416798357,0.78,0.0,84.0,3.295836866004329,52.3,2.302585092994046,83.0,3.28,8.0,0.1,5.558189682535549,14.566376967300293,6.4,6.1,0.65,11.7,Syrian Arab Republic,0
2011,71.7,163.0,2.0794415416798357,0.76,0.0,66.0,2.6390573296152584,53.2,2.1972245773362196,6.0,3.23,72.0,0.1,5.558189682535549,14.867727712088412,6.3,6.1,0.646,12.0,Syrian Arab Republic,0
2012,62.8,32.0,2.0794415416798357,0.01,0.0,43.0,2.6390573296152584,54.2,2.302585092994046,47.0,3.25,45.0,0.1,5.558189682535549,10.097078701588314,6.3,6.1,0.645,12.5,Syrian Arab Republic,0
2013,63.6,37.0,2.0794415416798357,0.01,0.0,71.0,6.608000625296087,55.2,2.302585092994046,5.0,3.25,41.0,0.1,5.558189682535549,14.503213947947403,6.3,6.1,0.635,13.0,Syrian Arab Republic,0
2014,64.4,294.0,2.0794415416798357,0.01,0.0,47.0,6.38856140554563,56.2,2.1972245773362196,52.0,3.25,43.0,0.1,5.558189682535549,9.864746724219698,6.3,6.1,0.575,9.0,Syrian Arab Republic,0
2015,64.5,293.0,1.9459101490553132,0.01,0.0,41.0,3.828641396489095,57.1,2.1972245773362196,5.0,3.25,41.0,0.1,5.558189682535549,16.74590334969731,6.3,6.1,0.553,9.0,Syrian Arab Republic,0
2000,63.7,198.0,2.70805020110221,0.37,2.296869438919377,39.0,5.262690188904886,31.3,2.8903717578961645,86.0,4.64,83.0,0.3,4.937610254333887,13.340093904702655,4.2,4.1,0.529,9.6,Tajikistan,0
2001,64.0,194.0,2.6390573296152584,0.86,0.7617417516691649,39.0,3.6635616461296463,31.6,2.833213344056216,84.0,4.59,85.0,0.3,2.934706088934505,15.66035666258222,4.1,4.1,0.535,9.7,Tajikistan,0
2002,64.3,193.0,2.5649493574615367,0.6,2.458004240832628,39.0,6.833031732786201,32.1,2.772588722239781,84.0,4.48,85.0,0.3,5.249063317275546,15.679232329995475,4.0,4.0,0.543,9.8,Tajikistan,0
2003,65.2,182.0,2.4849066497880004,0.36,2.657264845761953,58.0,7.6708948313621175,32.5,2.70805020110221,82.0,4.46,85.0,0.3,5.469386004405871,15.699070722620794,4.0,4.0,0.553,10.1,Tajikistan,0
2004,65.9,177.0,2.4849066497880004,0.38,1.1293748166265118,81.0,1.6094379124341003,33.0,2.6390573296152584,82.0,5.7,86.0,0.3,3.695900598094877,15.719532966222035,3.9,3.9,0.563,10.5,Tajikistan,0
2005,65.5,194.0,2.3978952727983707,0.37,3.036716962678761,81.0,0.0,33.5,2.5649493574615367,79.0,5.89,84.0,0.3,5.824108159483153,15.740368805419402,3.8,3.9,0.572,10.6,Tajikistan,0
2006,65.9,183.0,2.3978952727983707,0.38,1.28819489319076,88.0,1.3862943611198906,34.1,2.5649493574615367,76.0,5.7,83.0,0.3,3.8130259002597944,8.930361883909434,3.8,3.9,0.579,10.7,Tajikistan,0
2007,66.1,181.0,2.3978952727983707,0.35,1.185525159250587,84.0,1.0986122886681098,34.7,2.5649493574615367,85.0,5.35,86.0,0.3,3.9770531556963094,15.782956565296336,3.8,3.8,0.586,10.9,Tajikistan,0
2008,66.4,178.0,2.3978952727983707,0.32,1.6396494941900888,86.0,0.0,35.3,2.5649493574615367,87.0,5.58,86.0,0.3,4.355607297151706,13.514039181890602,3.8,3.8,0.592,10.8,Tajikistan,0
2009,66.7,174.0,2.3978952727983707,0.3,3.6032163840226286,93.0,0.0,35.9,2.5649493574615367,93.0,5.93,93.0,0.2,6.503308437614383,15.826782995910174,3.7,3.8,0.601,11.1,Tajikistan,0
2010,67.3,171.0,2.3978952727983707,0.32,3.7919097474613532,93.0,0.0,36.6,2.5649493574615367,95.0,6.4,93.0,0.2,6.605768071168045,13.546537704798428,3.7,3.8,0.603,11.1,Tajikistan,0
2011,68.1,166.0,2.3978952727983707,0.32,3.970139500050982,96.0,0.6931471805599453,37.4,2.5649493574615367,97.0,5.98,96.0,0.2,6.728079772666814,15.87167707555021,3.7,3.7,0.608,11.1,Tajikistan,0
2012,68.8,164.0,2.3978952727983707,0.01,4.283709608772806,94.0,2.833213344056216,38.2,2.5649493574615367,96.0,6.39,94.0,0.2,6.862470479486918,13.591820607401178,3.6,3.7,0.613,11.1,Tajikistan,0
2013,69.3,163.0,2.3978952727983707,0.01,0.7138887786497464,96.0,0.6931471805599453,39.0,2.4849066497880004,97.0,6.75,96.0,0.2,2.7222431365292015,13.614360858909329,3.6,3.7,0.617,11.2,Tajikistan,0
2014,69.6,162.0,2.3978952727983707,0.01,2.178042731528667,97.0,0.0,39.9,2.4849066497880004,94.0,6.88,97.0,0.2,4.748917134191585,15.939297400026307,3.6,3.7,0.622,11.3,Tajikistan,0
2015,69.7,161.0,2.3978952727983707,0.01,0.0,96.0,1.3862943611198906,4.7,2.4849066497880004,96.0,6.88,96.0,0.2,6.824022689217391,15.961284167664456,3.6,3.7,0.625,11.3,Tajikistan,0
2000,71.1,194.0,2.9444389791664403,5.88,0.2434544886146533,95.0,8.312626025674962,18.7,3.091042453358316,97.0,3.4,97.0,0.8,3.352176100787315,15.655396796761039,9.4,9.7,0.64,10.9,Thailand,0
2001,71.2,194.0,2.8903717578961645,5.92,5.176502891109966,95.0,8.898365606955357,19.4,3.044522437723423,97.0,3.32,96.0,0.8,7.546523027400175,17.96723248320335,9.3,9.6,0.649,11.2,Thailand,0
2002,71.4,192.0,2.833213344056216,5.93,3.354738105261963,95.0,9.241451367001236,2.2,2.995732273553991,97.0,3.7,96.0,0.7,5.6955694062217646,15.683175727701766,9.2,9.5,0.657,11.5,Thailand,0
2003,71.7,189.0,2.772588722239781,6.14,5.64839823145612,96.0,8.416267272826277,2.9,2.9444389791664403,98.0,3.58,98.0,0.6,7.766389901892552,17.98302740352935,9.1,9.3,0.666,11.8,Thailand,0
2004,71.6,189.0,2.70805020110221,6.17,5.711617629837653,96.0,8.334711621820917,21.7,2.833213344056216,98.0,3.51,98.0,0.5,7.886396833225022,13.3881556058378,9.0,9.2,0.674,11.9,Thailand,0
2005,72.5,177.0,2.6390573296152584,6.26,5.775157884975422,96.0,8.168202930236053,22.6,2.772588722239781,98.0,3.55,98.0,0.5,7.970619953048466,15.693837250004538,8.9,9.1,0.682,12.0,Thailand,0
2006,73.0,168.0,2.6390573296152584,6.18,6.0751646164731286,96.0,8.185628891147607,23.6,2.772588722239781,98.0,3.49,98.0,0.5,8.12265395084383,18.00249757811617,8.7,8.9,0.686,12.4,Thailand,0
2007,73.3,165.0,2.5649493574615367,6.2,6.257215203388294,96.0,8.267192185932146,24.6,2.70805020110221,98.0,3.56,98.0,0.4,8.28734339089622,18.008124795149406,8.6,8.8,0.687,12.3,Thailand,0
2008,73.5,162.0,2.4849066497880004,5.92,6.415017026680843,98.0,8.960724500330858,25.7,2.6390573296152584,99.0,3.92,99.0,0.3,8.384732644660136,15.710815446559092,8.5,8.6,0.7,12.9,Thailand,0
2009,73.7,16.0,2.4849066497880004,5.88,6.306658682603092,98.0,8.711443319075466,26.8,2.5649493574615367,99.0,4.11,99.0,0.3,8.346060611897528,18.018438456972678,8.3,8.5,0.706,13.0,Thailand,0
2010,73.9,158.0,2.3978952727983707,5.95,4.2861362919826105,98.0,7.857093864902493,27.9,2.5649493574615367,99.0,3.81,99.0,0.2,6.356666115841896,13.419335661888685,8.2,8.3,0.711,13.1,Thailand,0
2011,74.1,155.0,2.3978952727983707,6.07,6.6193330732326014,98.0,8.057377488557991,29.0,2.4849066497880004,99.0,4.12,99.0,0.2,8.611076896288797,13.422933046874768,8.1,8.2,0.72,13.3,Thailand,0
2012,74.3,154.0,2.302585092994046,6.56,6.687171530450438,98.0,8.556029215201436,3.1,2.4849066497880004,99.0,4.17,99.0,0.1,8.676061119853433,18.032721215179883,8.0,8.1,0.729,13.7,Thailand,0
2013,74.5,153.0,2.302585092994046,6.5,6.671637095350597,99.0,7.879291485082271,31.3,2.3978952727983707,99.0,4.0,99.0,0.1,8.727820734289981,15.734543588704499,7.9,7.9,0.733,13.6,Thailand,0
2014,74.6,152.0,2.1972245773362196,6.41,6.672130782320455,99.0,0.0,32.4,2.3978952727983707,99.0,4.12,99.0,0.1,8.689943607288768,18.041128571829688,7.8,7.8,0.737,13.6,Thailand,0
2015,74.9,148.0,2.1972245773362196,6.41,0.0,99.0,5.043425116919247,33.6,2.302585092994046,99.0,4.12,99.0,0.1,8.668344486267957,13.439473661046742,7.7,7.7,0.738,13.6,Thailand,0
2000,72.6,125.0,0.0,2.86,0.0,53.0,3.6109179126442243,52.7,0.0,96.0,8.52,95.0,0.1,7.1137238128557545,14.149783234468618,2.8,2.8,0.0,11.7,The former Yugoslav republic of Macedonia,0
2001,73.1,126.0,0.0,3.27,0.0,53.0,3.332204510175204,53.2,0.0,91.0,8.18,91.0,0.1,7.1137238128557545,14.149783234468618,2.8,2.8,0.0,11.8,The former Yugoslav republic of Macedonia,0
2002,72.8,128.0,0.0,2.53,0.0,53.0,2.995732273553991,53.6,0.0,97.0,9.1,96.0,0.1,7.1137238128557545,14.149783234468618,2.7,2.7,0.0,11.9,The former Yugoslav republic of Macedonia,0
2003,73.2,126.0,0.0,2.4,0.0,53.0,2.9444389791664403,54.1,0.0,96.0,9.17,96.0,0.1,7.1137238128557545,14.149783234468618,2.7,2.7,0.0,11.9,The former Yugoslav republic of Macedonia,0
2004,73.5,12.0,0.0,2.07,0.0,53.0,2.302585092994046,54.5,0.0,95.0,8.64,94.0,0.1,7.1137238128557545,14.149783234468618,2.6,2.6,0.0,11.9,The former Yugoslav republic of Macedonia,0
2005,73.6,12.0,0.0,1.75,0.0,53.0,1.791759469228055,54.9,0.0,98.0,7.95,97.0,0.1,7.1137238128557545,14.149783234468618,2.5,2.6,0.0,11.9,The former Yugoslav republic of Macedonia,0
2006,73.7,122.0,0.0,1.74,0.0,89.0,1.3862943611198906,55.4,0.0,92.0,7.61,93.0,0.1,7.1137238128557545,14.149783234468618,2.5,2.5,0.703,12.1,The former Yugoslav republic of Macedonia,0
2007,73.5,12.0,0.0,1.75,0.0,96.0,0.6931471805599453,55.9,0.0,96.0,6.9,95.0,0.1,7.1137238128557545,14.149783234468618,2.4,2.5,0.709,12.2,The former Yugoslav republic of Macedonia,0
2008,74.2,111.0,0.0,1.72,0.0,97.0,3.332204510175204,56.4,0.0,96.0,6.85,95.0,0.1,7.1137238128557545,14.149783234468618,2.4,2.4,0.714,12.2,The former Yugoslav republic of Macedonia,0
2009,74.4,111.0,0.0,1.77,0.0,95.0,1.791759469228055,56.9,0.0,96.0,6.74,96.0,0.1,7.1137238128557545,14.149783234468618,2.3,2.4,0.73,13.0,The former Yugoslav republic of Macedonia,0
2010,74.7,18.0,0.0,1.47,0.0,9.0,5.384495062789089,57.4,0.0,95.0,6.83,95.0,0.1,7.1137238128557545,14.149783234468618,2.3,2.3,0.732,13.0,The former Yugoslav republic of Macedonia,0
2011,74.9,17.0,0.0,1.16,0.0,96.0,6.553933404025811,57.9,0.0,97.0,6.61,96.0,0.1,7.1137238128557545,14.149783234468618,2.2,2.3,0.735,12.9,The former Yugoslav republic of Macedonia,0
2012,75.1,15.0,0.0,1.23,0.0,98.0,2.0794415416798357,58.5,0.0,97.0,6.76,95.0,0.1,7.1137238128557545,14.149783234468618,2.2,2.2,0.739,12.9,The former Yugoslav republic of Macedonia,0
2013,75.3,14.0,0.0,1.03,0.0,97.0,1.6094379124341003,59.1,0.0,98.0,6.7,98.0,0.1,7.1137238128557545,14.149783234468618,2.2,2.2,0.741,12.9,The former Yugoslav republic of Macedonia,0
2014,75.5,12.0,0.0,1.13,0.0,97.0,4.762173934797756,59.7,0.0,96.0,6.48,95.0,0.1,7.1137238128557545,14.149783234468618,2.2,2.2,0.743,12.9,The former Yugoslav republic of Macedonia,0
2015,75.7,12.0,0.0,1.13,0.0,92.0,0.6931471805599453,6.3,0.0,92.0,6.48,91.0,0.1,7.1137238128557545,14.149783234468618,2.1,2.1,0.746,12.9,The former Yugoslav republic of Macedonia,0
2000,58.7,276.0,1.3862943611198906,0.5,3.9134154665040803,79.0,0.0,11.9,1.6094379124341003,38.0,3.26,54.0,0.1,6.048048853124011,11.375592570069129,12.2,12.2,0.0,0.0,Timor-Leste,0
2001,59.4,269.0,1.3862943611198906,0.5,2.022419167144945,79.0,0.0,12.3,1.6094379124341003,38.0,3.75,54.0,0.1,4.050479520451496,13.701817646334916,12.1,12.2,0.47,9.8,Timor-Leste,0
2002,62.0,261.0,1.3862943611198906,0.48,1.8944850300394287,79.0,0.0,12.6,1.6094379124341003,38.0,3.89,54.0,0.1,3.9043036880126833,13.736279021202638,12.1,12.1,0.475,9.8,Timor-Leste,0
2003,61.0,25.0,1.3862943611198906,0.44,3.8584392520462116,79.0,4.553876891600541,12.9,1.6094379124341003,55.0,2.48,55.0,0.1,6.157945853399546,11.480949644091078,12.1,12.1,0.485,9.8,Timor-Leste,0
2004,62.3,229.0,1.3862943611198906,0.38,2.242387954137499,79.0,3.7376696182833684,13.2,1.3862943611198906,57.0,1.31,57.0,0.1,6.1496296505577135,13.812204097644118,12.0,12.0,0.484,10.2,Timor-Leste,0
2005,63.7,26.0,1.3862943611198906,0.36,2.0952096563375564,79.0,5.318119993844216,13.5,1.3862943611198906,55.0,1.5,55.0,0.1,6.17239317380843,11.747879003043796,12.0,11.9,0.492,10.6,Timor-Leste,0
2006,64.9,186.0,1.0986122886681098,0.04,3.3716176828289455,79.0,4.51085950651685,13.9,1.3862943611198906,62.0,0.65,63.0,0.1,6.092513365745423,11.909161448759926,11.9,11.9,0.511,11.0,Timor-Leste,0
2007,65.8,173.0,1.0986122886681098,0.05,2.546132578626264,79.0,0.0,14.2,1.3862943611198906,7.0,0.37,7.0,0.1,6.265103353431008,12.013543164708778,11.8,11.8,0.541,11.3,Timor-Leste,0
2008,66.2,168.0,1.0986122886681098,0.06,3.629447585668676,79.0,0.0,14.7,1.3862943611198906,79.0,0.74,79.0,0.1,6.4688147335710795,9.787627666441592,11.7,11.7,0.566,11.7,Timor-Leste,0
2009,66.6,165.0,1.0986122886681098,0.09,3.616294970861433,72.0,2.3978952727983707,15.1,1.3862943611198906,78.0,1.2,72.0,0.1,6.631094176717904,9.863810735383229,11.6,11.6,0.599,12.1,Timor-Leste,0
2010,66.9,163.0,1.0986122886681098,0.1,3.6784190960815155,72.0,3.9318256327243257,15.5,1.3862943611198906,72.0,0.92,72.0,0.1,6.746250772665493,11.69184122862935,11.5,11.5,0.599,12.4,Timor-Leste,0
2011,67.2,161.0,1.0986122886681098,0.5,1.315488401087954,67.0,6.638567789166521,15.8,1.3862943611198906,66.0,0.76,67.0,0.1,4.749805365266924,13.939075954612932,11.3,11.4,0.607,12.5,Timor-Leste,0
2012,67.4,159.0,1.0986122886681098,0.01,3.439776397946392,83.0,2.833213344056216,16.2,1.0986122886681098,83.0,1.1,83.0,0.1,7.019991617895995,11.658557103446352,11.2,11.3,0.618,12.5,Timor-Leste,0
2013,67.7,158.0,1.0986122886681098,0.01,1.4770201495508744,82.0,1.6094379124341003,16.6,1.0986122886681098,82.0,1.29,82.0,0.1,4.777152425783576,13.984719012612702,11.1,11.2,0.62,12.5,Timor-Leste,0
2014,68.0,155.0,1.0986122886681098,0.01,3.372310306458147,77.0,3.871201010907891,17.0,1.0986122886681098,76.0,1.48,77.0,0.1,7.051436296955796,14.008454661867638,1.9,11.1,0.612,12.5,Timor-Leste,0
2015,68.3,152.0,1.0986122886681098,0.01,0.0,76.0,3.784189633918261,17.4,1.0986122886681098,75.0,1.48,76.0,0.1,7.058559809548192,11.73589300079462,1.9,11.1,0.603,12.5,Timor-Leste,0
2000,54.6,339.0,2.70805020110221,1.1,1.1084452099887843,24.0,8.182838710766026,16.6,3.1354942159291497,63.0,4.35,64.0,5.1,3.3102982206610054,13.11708547374228,9.4,9.3,0.425,9.3,Togo,0
2001,54.6,345.0,2.70805020110221,0.95,1.1146742269957246,24.0,7.51425465281641,17.1,3.1354942159291497,51.0,4.29,5.0,5.3,3.3192446499423807,13.144473145125646,9.2,9.1,0.426,9.4,Togo,0
2002,54.7,351.0,2.772588722239781,1.0,1.0970053021566564,24.0,5.8971538676367405,17.5,3.1354942159291497,58.0,4.7,59.0,5.3,3.39558576595732,15.474019166643576,9.0,8.9,0.428,9.7,Togo,0
2003,54.7,355.0,2.772588722239781,1.02,1.3852838064314579,24.0,5.69035945432406,17.9,3.1354942159291497,72.0,5.0,72.0,5.2,3.4793041859140517,13.197734266028936,8.8,8.7,0.428,9.9,Togo,0
2004,54.9,355.0,2.772588722239781,1.01,1.607421574590539,24.0,4.127134385045092,18.4,3.1354942159291497,71.0,5.6,71.0,5.1,5.8607683466679,15.526529673442573,8.6,8.5,0.432,10.0,Togo,0
2005,55.0,357.0,2.772588722239781,1.14,3.6275821513483946,24.0,3.6635616461296463,18.9,3.1354942159291497,8.0,5.17,82.0,5.0,5.922039931629434,15.553037153313529,8.4,8.3,0.435,10.1,Togo,0
2006,55.7,345.0,2.772588722239781,1.37,1.9776923840173553,24.0,3.295836866004329,19.3,3.1354942159291497,85.0,5.56,84.0,5.0,5.93578345619483,15.579863372419164,8.1,8.0,0.436,10.2,Togo,0
2007,55.9,344.0,2.70805020110221,1.37,0.516220806955989,24.0,2.1972245773362196,19.8,3.1354942159291497,72.0,5.55,82.0,5.1,3.7788285388947958,15.606834265595367,7.9,7.8,0.443,10.6,Togo,0
2008,56.2,344.0,2.70805020110221,1.33,4.25361422595203,24.0,5.236441962829949,2.4,3.1354942159291497,8.0,5.73,81.0,4.8,6.242985453515257,15.63387901374669,7.7,7.6,0.441,10.1,Togo,0
2009,56.7,336.0,2.70805020110221,1.24,4.357932593478903,78.0,6.054439346269371,2.9,3.1354942159291497,78.0,6.64,78.0,4.3,6.215901004858344,13.358972657471995,7.5,7.4,0.442,10.6,Togo,0
2010,57.4,323.0,2.70805020110221,1.21,3.760303310195323,83.0,4.795790545596741,21.4,3.091042453358316,83.0,5.37,83.0,3.8,6.192206835848182,13.389260430170506,7.3,7.2,0.449,11.0,Togo,0
2011,58.3,34.0,2.70805020110221,1.44,3.690941962181121,85.0,5.236441962829949,22.0,3.091042453358316,85.0,5.21,85.0,2.6,6.333882215996533,15.714521204422638,7.1,7.0,0.457,11.5,Togo,0
2012,58.9,294.0,2.70805020110221,0.01,3.7518608152256263,84.0,5.476463551931511,22.6,3.091042453358316,84.0,5.11,84.0,1.7,6.336275889214607,15.74114263243054,7.0,6.8,0.464,12.0,Togo,0
2013,59.4,287.0,2.70805020110221,0.01,3.906617841614051,84.0,6.336825731146441,23.1,3.044522437723423,84.0,5.12,84.0,1.5,6.363777564004108,13.51838268069799,6.8,6.6,0.47,12.0,Togo,0
2014,59.7,285.0,2.6390573296152584,0.01,1.7711060037016637,87.0,6.359573868672378,23.7,3.044522437723423,85.0,5.25,87.0,1.0,4.145225379135846,15.793599652050489,6.6,6.4,0.475,12.0,Togo,0
2015,59.9,287.0,2.6390573296152584,0.01,0.0,88.0,3.044522437723423,24.3,3.044522437723423,88.0,5.25,88.0,1.0,6.313798641687037,13.516677207143786,6.5,6.2,0.484,12.0,Togo,0
2000,71.6,158.0,0.0,1.24,3.7254835008663045,93.0,0.0,65.5,0.0,91.0,4.75,91.0,0.1,5.576980238010657,9.198571388376184,0.1,0.1,0.676,13.7,Tonga,0
2001,71.8,157.0,0.0,1.35,5.802422677712894,91.0,1.6094379124341003,66.2,0.0,91.0,5.66,89.0,0.1,7.516964930347126,11.498948237039368,0.1,0.1,0.674,13.2,Tonga,0
2002,71.9,155.0,0.0,1.51,5.742427182847907,88.0,0.0,67.0,0.0,85.0,5.3,84.0,0.1,7.519390954129743,11.504742072162209,0.1,0.1,0.679,13.5,Tonga,0
2003,72.0,153.0,0.0,1.79,3.8469735849503963,85.0,0.0,67.8,0.0,91.0,5.9,9.0,0.1,5.441181960283899,11.510823256878359,0.1,0.1,0.683,13.7,Tonga,0
2004,72.2,151.0,0.0,1.8,6.050429795042429,9.0,0.0,68.6,0.0,91.0,4.87,9.0,0.1,7.734286970129967,4.990432586778736,0.1,0.1,0.693,14.6,Tonga,0
2005,72.3,15.0,0.0,1.57,6.5380588107901145,89.0,0.0,69.4,0.0,9.0,6.52,89.0,0.1,7.861630767331112,7.040536390215956,0.1,0.1,0.694,14.6,Tonga,0
2006,72.4,148.0,0.0,1.79,6.223742642354251,89.0,0.0,7.1,0.0,89.0,5.61,88.0,0.1,7.970229953366148,9.366489054466115,0.1,0.1,0.695,14.6,Tonga,0
2007,72.5,146.0,0.0,2.05,6.345407003475577,87.0,0.0,7.8,0.0,88.0,5.82,87.0,0.1,7.98388876280322,9.422058905620926,0.1,0.1,0.698,14.5,Tonga,0
2008,72.6,145.0,0.0,1.1,6.346733133714671,84.0,0.0,71.5,0.0,88.0,5.13,86.0,0.1,8.129660560021096,4.912654885736052,0.1,0.1,0.698,14.5,Tonga,0
2009,72.5,147.0,0.0,1.08,1.7550618679359578,84.0,0.0,72.1,0.0,86.0,4.67,84.0,0.1,3.6596196044316223,7.21890970761906,0.1,0.1,0.703,14.5,Tonga,0
2010,72.8,142.0,0.0,1.24,6.158737537578754,82.0,0.0,72.7,0.0,84.0,4.59,82.0,0.1,8.174308368039158,9.556621486730899,0.1,0.1,0.707,14.4,Tonga,0
2011,72.9,14.0,0.0,0.96,2.0836801495762645,82.0,0.0,73.3,0.0,84.0,4.6,82.0,0.1,6.100741867063194,9.587268821942159,0.1,0.1,0.712,14.4,Tonga,0
2012,73.0,138.0,0.0,0.01,4.1713511251616024,77.0,0.0,73.8,0.0,79.0,4.51,77.0,0.1,6.114881597411441,9.612600349135398,0.1,0.1,0.717,14.4,Tonga,0
2013,73.2,137.0,0.0,0.01,6.37322590906116,82.0,0.0,74.3,0.0,84.0,4.98,82.0,0.1,8.358796852118392,9.637501738166108,0.1,0.1,0.718,14.3,Tonga,0
2014,73.3,135.0,0.0,0.01,6.340301484243187,8.0,0.0,74.8,0.0,82.0,5.18,8.0,0.1,8.341255158430798,9.666688690398917,0.1,0.1,0.716,14.3,Tonga,0
2015,73.5,133.0,0.0,0.01,0.0,78.0,0.0,75.2,0.0,8.0,5.18,78.0,0.1,6.204103895950453,9.702900186935281,0.1,0.1,0.718,14.3,Tonga,0
2000,69.1,197.0,0.0,4.68,3.7976268945611293,5.0,0.0,33.6,0.6931471805599453,9.0,4.17,9.0,0.9,6.469168549111801,14.052939584256341,6.7,7.2,0.709,11.7,Trinidad and Tobago,0
2001,69.1,194.0,0.0,4.55,6.2494176507338315,5.0,0.0,34.4,0.6931471805599453,91.0,4.4,91.0,1.2,8.844584528477908,11.753822486668412,6.6,7.1,0.715,11.8,Trinidad and Tobago,0
2002,69.2,192.0,0.0,5.12,4.290995152560912,5.0,0.0,35.2,0.6931471805599453,96.0,5.0,96.0,2.0,6.620908340375656,14.060680145321438,6.5,7.0,0.721,11.9,Trinidad and Tobago,0
2003,69.3,191.0,0.0,5.53,4.378547605739773,76.0,0.0,36.0,0.6931471805599453,91.0,5.13,91.0,0.5,6.786173536616753,11.7633183576565,6.4,6.9,0.729,12.0,Trinidad and Tobago,0
2004,69.4,19.0,0.0,5.82,2.553421731262591,94.0,0.0,36.8,0.0,94.0,5.22,94.0,1.0,4.871519882674911,11.771714113767027,6.3,6.8,0.736,12.2,Trinidad and Tobago,0
2005,69.5,189.0,0.0,6.12,7.0808254155529795,95.0,0.0,37.6,0.0,95.0,5.31,95.0,0.5,9.419314205330034,14.075514346391246,6.3,6.7,0.745,12.3,Trinidad and Tobago,0
2006,69.6,188.0,0.0,6.35,4.647952519228209,89.0,0.0,38.4,0.0,89.0,4.49,92.0,0.6,7.3111939151823835,11.799194038903503,6.2,6.6,0.751,12.3,Trinidad and Tobago,0
2007,69.7,187.0,0.0,6.37,4.926410346313615,89.0,0.0,39.3,0.0,9.0,4.82,88.0,0.7,7.411063356672896,9.541584681053092,6.1,6.5,0.76,12.4,Trinidad and Tobago,0
2008,69.9,185.0,0.0,6.41,7.5515509880691765,9.0,0.0,4.2,0.0,91.0,4.4,9.0,0.3,9.9612430538894,14.089630833563007,6.1,6.4,0.767,12.4,Trinidad and Tobago,0
2009,71.0,183.0,0.0,6.37,4.860506960775932,9.0,0.0,41.1,0.0,9.0,6.47,9.0,0.2,7.28610924554847,14.094368058158826,6.0,6.4,0.773,12.5,Trinidad and Tobago,0
2010,74.0,179.0,0.0,6.5,7.237614758727125,9.0,0.0,42.0,0.0,91.0,5.29,9.0,0.4,9.722262141554783,9.494165014100659,5.9,6.3,0.772,12.5,Trinidad and Tobago,0
2011,76.0,176.0,0.0,6.5,4.983504363740443,9.0,0.0,43.0,0.0,91.0,5.6,9.0,0.4,7.578133554189876,14.104283784890427,5.9,6.2,0.774,12.6,Trinidad and Tobago,0
2012,78.0,174.0,0.0,6.7,7.304674915666517,92.0,0.0,44.0,0.0,91.0,5.78,92.0,0.4,9.860242364034681,14.109365290292347,5.9,6.1,0.772,12.6,Trinidad and Tobago,0
2013,71.0,172.0,0.0,6.71,5.125544816126957,92.0,0.0,45.0,0.0,94.0,5.98,92.0,0.3,7.5851961740698775,14.114317271496992,5.8,6.0,0.773,12.7,Trinidad and Tobago,0
2014,71.1,171.0,0.0,6.94,7.365099324655405,92.0,0.0,46.0,0.0,94.0,5.93,92.0,0.3,9.86921918341874,14.118938510818628,5.8,6.0,0.778,12.7,Trinidad and Tobago,0
2015,71.2,17.0,0.0,6.94,0.0,9.0,0.0,47.1,0.0,88.0,5.93,96.0,0.3,9.75978077901086,9.524640032332234,5.7,5.9,0.779,12.7,Trinidad and Tobago,0
2000,72.9,112.0,1.6094379124341003,1.21,5.582684775065994,94.0,3.871201010907891,48.1,1.791759469228055,97.0,5.4,97.0,0.1,7.702969252846922,16.087553759643026,6.6,6.5,0.646,12.8,Tunisia,0
2001,73.2,11.0,1.6094379124341003,1.19,5.554074736939422,94.0,5.44673737166631,48.9,1.791759469228055,98.0,5.29,98.0,0.1,7.721318969448099,13.79384964512453,6.5,6.4,0.654,13.1,Tunisia,0
2002,73.5,19.0,1.6094379124341003,1.17,5.575261345483104,93.0,4.59511985013459,49.7,1.791759469228055,96.0,5.32,96.0,0.1,7.761146125088826,16.104435474128422,6.5,6.4,0.662,13.3,Tunisia,0
2003,73.7,17.0,1.6094379124341003,1.34,5.776938190581652,92.0,3.1354942159291497,5.6,1.6094379124341003,95.0,5.36,95.0,0.1,7.924061195292174,16.112045284348728,6.4,6.3,0.667,13.5,Tunisia,0
2004,74.0,15.0,1.3862943611198906,1.36,5.9421847647701345,96.0,0.6931471805599453,51.4,1.6094379124341003,97.0,5.63,97.0,0.1,8.043610457610326,9.372629275019902,6.4,6.3,0.673,13.6,Tunisia,0
2005,74.2,14.0,1.3862943611198906,1.37,5.941522955863246,97.0,2.772588722239781,52.2,1.6094379124341003,98.0,5.57,98.0,0.1,8.069518327229536,11.630557378097066,6.4,6.3,0.683,13.9,Tunisia,0
2006,74.4,12.0,1.3862943611198906,1.46,6.042906795676307,99.0,1.3862943611198906,53.1,1.6094379124341003,99.0,5.64,99.0,0.1,8.123472539399176,13.99460775542752,6.3,6.3,0.689,14.2,Tunisia,0
2007,74.6,12.0,1.3862943611198906,1.24,6.154068594545622,98.0,1.6094379124341003,53.9,1.6094379124341003,98.0,5.64,98.0,0.1,8.237263437541689,11.774427819638625,6.3,6.3,0.695,14.3,Tunisia,0
2008,74.7,12.0,1.3862943611198906,1.37,3.990547944149817,99.0,1.0986122886681098,54.7,1.3862943611198906,99.0,5.63,99.0,0.1,6.070582057687881,11.90047775895988,6.3,6.3,0.701,14.3,Tunisia,0
2009,74.7,12.0,1.3862943611198906,1.4,6.374395637436917,99.0,0.6931471805599453,55.6,1.3862943611198906,99.0,6.18,99.0,0.1,8.326269300816717,14.235427401540122,6.3,6.3,0.706,14.4,Tunisia,0
2010,74.8,12.0,1.3862943611198906,1.28,4.187473078777361,98.0,0.6931471805599453,56.5,1.3862943611198906,98.0,6.54,98.0,0.1,6.028644164218161,14.310165335526117,6.3,6.3,0.71,14.4,Tunisia,0
2011,74.8,13.0,1.3862943611198906,1.29,6.436490106325029,98.0,2.4849066497880004,57.4,1.3862943611198906,98.0,7.15,98.0,0.1,8.356534363796989,14.38165811026291,6.4,6.3,0.714,14.5,Tunisia,0
2012,74.9,13.0,1.3862943611198906,1.3,6.374816409866934,97.0,3.8918202981106265,58.3,1.3862943611198906,97.0,7.18,97.0,0.1,8.328101781188554,14.450323398259608,6.4,6.3,0.717,14.6,Tunisia,0
2013,74.9,13.0,1.3862943611198906,1.29,6.389645372798778,98.0,2.833213344056216,59.3,1.3862943611198906,98.0,7.26,98.0,0.1,8.342952305085863,13.923969368944327,6.4,6.3,0.72,14.7,Tunisia,0
2014,75.1,12.0,1.3862943611198906,1.39,6.4066656588124395,98.0,2.772588722239781,6.2,1.3862943611198906,98.0,7.0,98.0,0.1,8.359996946560397,13.923825804103469,6.5,6.4,0.722,14.7,Tunisia,0
2015,75.3,1.0,1.3862943611198906,1.39,0.0,98.0,2.833213344056216,61.2,1.3862943611198906,98.0,7.0,98.0,0.1,8.25059812109804,16.23797976668816,6.5,6.4,0.723,14.6,Tunisia,0
2000,74.0,143.0,3.8066624897703196,1.54,6.045705685306464,71.0,9.6955404481032,53.5,4.007333185232471,85.0,4.95,85.0,0.1,8.370444292861277,15.659881768713023,5.3,5.2,0.641,10.7,Turkey,0
2001,78.0,14.0,3.7376696182833684,1.49,5.550764054802844,77.0,10.325809777710715,54.3,3.9318256327243257,88.0,5.16,88.0,0.1,8.0457924779026,17.977380971681068,5.2,5.1,0.653,11.1,Turkey,0
2002,71.2,138.0,3.6635616461296463,1.47,3.5988806191120988,72.0,8.964951211714654,55.1,3.8501476017100584,78.0,5.36,78.0,0.1,5.906913776705081,15.689518761337652,5.2,5.0,0.658,11.5,Turkey,0
2003,71.6,135.0,3.58351893845611,1.42,6.131468429995783,68.0,8.67334187390617,55.9,3.784189633918261,69.0,5.34,68.0,0.1,8.459460876220522,13.412917322080537,5.1,5.0,0.668,11.9,Turkey,0
2004,72.0,132.0,3.5263605246161616,1.35,0.7574200922076887,77.0,9.096947684621092,56.8,3.6888794541139363,85.0,5.37,85.0,0.1,4.185548291785901,13.426690154984183,5.1,4.9,0.675,12.0,Turkey,0
2005,72.4,129.0,3.4339872044851463,1.29,6.726179690844367,85.0,8.732465848349879,57.6,3.6109179126442243,9.0,5.45,9.0,0.1,8.90725421832148,13.42888732165685,5.0,4.9,0.681,11.9,Turkey,0
2006,72.8,126.0,3.367295829986474,1.29,4.649414567056868,82.0,3.5553480614894135,58.5,3.5553480614894135,9.0,5.81,9.0,0.1,6.728472094855501,15.743597964172332,5.0,4.8,0.687,11.9,Turkey,0
2007,73.2,124.0,3.295836866004329,1.26,4.758578678748368,96.0,1.3862943611198906,59.3,3.4657359027997265,96.0,6.4,96.0,0.1,6.888054955652728,18.058236072817973,5.0,4.8,0.697,12.3,Turkey,0
2008,73.5,121.0,3.258096538021482,1.39,3.164323266107403,92.0,0.0,6.2,3.4011973816621555,96.0,6.7,96.0,0.1,5.2294481481300155,11.217654670869772,5.0,4.8,0.705,12.5,Turkey,0
2009,73.9,118.0,3.1780538303479458,1.4,4.681652314315637,94.0,1.6094379124341003,61.1,3.332204510175204,96.0,6.8,96.0,0.1,6.843216662911228,18.082956327681337,4.9,4.8,0.709,12.5,Turkey,0
2010,74.2,116.0,3.091042453358316,1.49,3.519938721849892,96.0,2.0794415416798357,61.9,3.258096538021482,97.0,5.61,97.0,0.1,7.422713930012108,18.096706886180748,4.9,4.7,0.715,13.0,Turkey,0
2011,74.5,114.0,3.044522437723423,1.53,7.152172977513083,96.0,4.718498871295094,62.8,3.1780538303479458,97.0,5.29,97.0,0.1,9.336279738590639,15.810136854844435,4.9,4.7,0.737,13.8,Turkey,0
2012,74.8,112.0,2.995732273553991,1.54,3.079669025432682,97.0,5.857933154483459,63.7,3.1354942159291497,97.0,5.24,97.0,0.1,7.067647416480652,18.127247069369556,4.9,4.7,0.75,14.3,Turkey,0
2013,75.2,19.0,2.8903717578961645,1.41,5.2425088137062446,97.0,8.910045761473558,64.5,3.044522437723423,98.0,5.38,98.0,0.1,9.436992612634429,18.143441739024908,4.9,4.7,0.754,14.4,Turkey,0
2014,75.5,17.0,2.833213344056216,1.45,5.208985362439515,96.0,6.338594078203183,65.3,2.995732273553991,96.0,5.41,96.0,0.1,9.403290677960388,13.558847709492023,4.9,4.7,0.759,14.5,Turkey,0
2015,75.8,16.0,2.772588722239781,1.45,0.0,97.0,5.8377304471659395,66.1,2.9444389791664403,97.0,5.41,97.0,0.1,7.591117588449693,18.175693765075,4.9,4.8,0.764,14.5,Turkey,0
2000,63.8,224.0,2.0794415416798357,2.9,4.491370098228409,96.0,4.736198448394496,37.5,2.302585092994046,98.0,3.94,97.0,0.1,6.467970707747534,15.323166433231073,3.6,3.6,0.0,0.0,Turkmenistan,0
2001,64.0,221.0,2.0794415416798357,2.35,4.674516251094833,96.0,2.302585092994046,38.1,2.302585092994046,94.0,3.87,95.0,0.1,6.653477471254931,10.728736979978141,3.6,3.5,0.0,10.2,Turkmenistan,0
2002,63.3,229.0,2.0794415416798357,2.33,4.878082339977956,96.0,2.4849066497880004,38.7,2.1972245773362196,99.0,3.34,98.0,0.1,6.876179435920775,8.43663368355782,3.5,3.5,0.0,10.2,Turkmenistan,0
2003,63.4,231.0,2.0794415416798357,2.88,5.196371282855062,97.0,0.6931471805599453,39.4,2.1972245773362196,66.0,3.85,83.0,0.1,7.158425259540099,15.353611854486955,3.5,3.4,0.0,10.3,Turkmenistan,0
2004,63.5,238.0,1.9459101490553132,2.86,5.231650700916512,96.0,0.6931471805599453,4.0,2.1972245773362196,98.0,4.3,97.0,0.1,7.282704247400793,13.067693863681251,3.4,3.4,0.0,10.3,Turkmenistan,0
2005,63.3,248.0,1.9459101490553132,2.85,1.162802577304781,99.0,0.0,4.7,2.1972245773362196,99.0,3.51,99.0,0.1,5.167723084958334,15.374631961957961,3.4,3.4,0.0,10.3,Turkmenistan,0
2006,63.7,245.0,1.9459101490553132,2.71,3.410234875544354,98.0,3.8918202981106265,41.3,2.1972245773362196,98.0,2.9,98.0,0.1,7.667470864383522,10.781370041113963,3.3,3.3,0.0,10.4,Turkmenistan,0
2007,64.1,241.0,1.9459101490553132,2.58,0.3064926055793632,98.0,4.0943445622221,42.0,2.1972245773362196,98.0,2.16,98.0,0.1,3.30949969560462,13.096302729480191,3.3,3.3,0.0,10.4,Turkmenistan,0
2008,64.5,235.0,1.9459101490553132,2.4,3.562175960812559,96.0,0.0,42.7,2.1972245773362196,96.0,1.93,96.0,0.1,5.980069051882639,15.412017828827913,3.2,3.3,0.0,10.5,Turkmenistan,0
2009,65.6,215.0,1.9459101490553132,2.35,3.66059984277873,97.0,0.0,43.4,2.1972245773362196,97.0,1.88,96.0,0.1,6.080983496882425,8.664923303440572,3.2,3.3,0.0,10.5,Turkmenistan,0
2010,65.8,211.0,2.0794415416798357,2.48,5.956679408632708,96.0,0.0,44.2,2.1972245773362196,96.0,1.99,96.0,0.1,8.398461455886405,10.980569722653874,3.2,3.3,0.0,10.6,Turkmenistan,0
2011,65.6,217.0,2.0794415416798357,2.55,6.197295359284195,97.0,0.0,45.0,2.1972245773362196,97.0,1.98,97.0,0.1,8.639583992508811,13.15669137147386,3.2,3.3,0.665,10.6,Turkmenistan,0
2012,65.6,22.0,2.0794415416798357,2.75,6.363739616561927,98.0,0.0,45.9,2.1972245773362196,98.0,1.96,97.0,0.1,8.8063136719629,15.477130969326362,3.2,3.3,0.672,10.7,Turkmenistan,0
2013,65.4,228.0,2.0794415416798357,2.93,4.1705045372200376,98.0,0.0,46.7,2.1972245773362196,98.0,2.12,98.0,0.1,6.600448903333489,15.495645116303708,3.2,3.3,0.678,10.7,Turkmenistan,0
2014,66.0,217.0,2.0794415416798357,2.9,6.539778644421932,97.0,0.0,47.7,2.1972245773362196,98.0,2.7,98.0,0.1,8.98260703167691,15.514101918182012,3.3,3.3,0.683,10.8,Turkmenistan,0
2015,66.3,215.0,1.9459101490553132,2.9,0.0,99.0,0.0,48.6,2.0794415416798357,99.0,2.7,99.0,0.1,8.769300224969246,15.53205875431845,3.3,3.3,0.688,10.8,Turkmenistan,0
2000,46.6,554.0,4.762173934797756,10.47,3.1610125579247157,29.0,10.658552635911061,13.0,5.2574953720277815,55.0,6.77,52.0,11.6,5.555412736274534,14.707211421969639,7.0,7.0,0.382,9.8,Uganda,0
2001,47.7,539.0,4.7535901911063645,10.57,3.3313560135179916,29.0,10.790225882148258,13.3,5.236441962829949,56.0,7.26,55.0,10.8,5.4637672902327115,17.028565192532824,6.9,6.9,0.396,10.8,Uganda,0
2002,48.8,523.0,4.727387818712341,10.42,1.3058697460706818,29.0,10.817215002007119,13.6,5.204006687076795,57.0,7.78,57.0,10.0,3.228522065926397,14.760135653440457,6.8,6.8,0.404,11.0,Uganda,0
2003,51.0,53.0,4.700480365792417,10.16,1.6913482422766701,44.0,10.289769841227518,13.9,5.159055299214529,57.0,7.54,59.0,9.4,5.47646184356185,14.794769704002908,6.7,6.7,0.418,11.5,Uganda,0
2004,51.3,485.0,4.653960350157523,9.89,3.627166072375962,62.0,4.955827057601261,14.2,5.10594547390058,58.0,8.9,62.0,8.9,5.667246244917553,17.13218208933634,6.6,6.6,0.427,11.6,Uganda,0
2005,53.2,446.0,4.605170185988092,10.09,3.8182866667059616,64.0,3.1354942159291497,14.5,5.049856007249537,59.0,9.36,64.0,8.7,5.758233497002263,14.864370469684678,6.5,6.5,0.429,10.9,Uganda,0
2006,54.9,41.0,4.543294782270004,9.81,3.9481430352736955,64.0,8.654691704601872,14.8,4.983606621708336,62.0,9.86,64.0,8.6,5.821445183962548,14.8992335491384,6.4,6.4,0.434,10.6,Uganda,0
2007,55.5,41.0,4.48863636973214,9.65,1.9462711817323153,73.0,8.236685322712457,15.2,4.927253685157205,7.0,9.76,73.0,8.4,3.75790704833138,12.792436075892105,6.3,6.3,0.442,10.3,Uganda,0
2008,56.3,41.0,4.442651256490317,9.79,4.302039212222089,71.0,7.1853870155804165,15.6,4.875197323201151,69.0,9.1,71.0,8.2,6.110785995023385,17.270687693913686,6.2,6.2,0.453,10.6,Uganda,0
2009,57.5,378.0,4.418840607796598,9.63,4.477852017420194,79.0,7.379008127628304,15.9,4.8283137373023015,78.0,8.43,79.0,8.1,6.474164300894446,17.305081876798067,6.1,6.1,0.464,10.8,Uganda,0
2010,58.4,362.0,4.382026634673881,10.03,4.763907166925512,8.0,7.1808311990445555,16.3,4.787491742782046,79.0,11.2,8.0,8.0,6.390236062524547,17.33937190340862,6.0,6.0,0.473,10.9,Uganda,0
2011,59.3,347.0,4.343805421853684,10.22,4.559093448624201,82.0,8.105609402299896,16.7,4.74493212836325,82.0,9.9,82.0,6.8,6.3722889063516615,15.094678678785037,5.9,5.9,0.477,10.7,Uganda,0
2012,60.0,339.0,4.30406509320417,0.01,4.542091703435266,78.0,7.614805364711073,17.2,4.700480365792417,82.0,7.58,78.0,4.6,6.475043442179258,15.106613907179064,5.8,5.8,0.477,10.0,Uganda,0
2013,67.0,325.0,4.276666119016055,0.01,4.519192210927436,78.0,8.971956271245688,17.6,4.6443908991413725,82.0,7.47,78.0,4.0,6.497517238030346,17.441283185576598,5.7,5.7,0.478,10.0,Uganda,0
2014,61.5,38.0,4.23410650459726,0.01,2.719168271004778,78.0,5.752572638825633,18.1,4.584967478670572,82.0,7.22,78.0,3.2,6.579491001313904,17.474789688224657,5.7,5.6,0.483,10.0,Uganda,0
2015,62.3,291.0,4.204692619390966,0.01,0.0,78.0,6.171700597410915,18.5,4.543294782270004,82.0,7.22,78.0,3.1,6.543762745097352,12.93479930259559,5.6,5.6,0.488,10.0,Uganda,0
2000,67.5,257.0,1.9459101490553132,4.49,2.1842284336720605,4.0,6.706862336602747,54.8,2.1972245773362196,99.0,5.59,99.0,0.7,6.4564393577017265,17.71091318696072,3.0,3.1,0.669,13.3,Ukraine,0
2001,67.7,253.0,1.9459101490553132,4.31,2.292274264528421,7.0,9.739261284011265,55.1,2.0794415416798357,99.0,5.66,99.0,0.8,4.378749307599594,17.70085823952846,2.9,3.0,0.673,13.2,Ukraine,0
2002,67.6,256.0,1.9459101490553132,4.89,4.759940450975674,48.0,8.934323331054905,55.4,2.0794415416798357,99.0,6.25,99.0,0.9,6.780462086549261,10.78365357369165,2.9,3.0,0.683,13.9,Ukraine,0
2003,67.6,256.0,1.9459101490553132,5.92,3.1011666457843536,77.0,6.021023349349527,55.7,1.9459101490553132,99.0,6.93,97.0,0.9,5.007446802923258,15.380222197425734,2.8,2.9,0.691,14.3,Ukraine,0
2004,67.4,267.0,1.791759469228055,6.79,5.200449741717238,98.0,4.990432586778736,56.1,1.9459101490553132,99.0,6.61,99.0,1.0,7.221362691464486,13.070052723576854,2.7,2.8,0.7,14.6,Ukraine,0
2005,67.0,278.0,1.791759469228055,7.31,5.386486316083639,97.0,7.780303087908373,56.4,1.9459101490553132,95.0,6.41,96.0,0.9,7.511916931197335,13.063708314732281,2.7,2.8,0.707,14.5,Ukraine,0
2006,67.7,267.0,1.791759469228055,7.99,3.413841344136402,96.0,10.66253950798379,56.8,1.9459101490553132,99.0,6.39,98.0,0.8,5.456125535314938,15.358547095225143,2.6,2.7,0.716,14.7,Ukraine,0
2007,67.5,277.0,1.791759469228055,8.86,3.854327248209805,92.0,6.913737350659685,57.2,1.9459101490553132,98.0,6.36,98.0,0.7,5.91266476251876,13.051803564620117,2.5,2.7,0.723,14.8,Ukraine,0
2008,67.7,273.0,1.791759469228055,9.46,6.125686533967404,84.0,3.8918202981106265,57.6,1.9459101490553132,91.0,6.63,9.0,0.4,8.266775619981829,13.044581279293153,2.5,2.6,0.73,14.9,Ukraine,0
2009,69.2,231.0,1.791759469228055,8.71,5.785513402023065,66.0,0.0,58.0,1.9459101490553132,74.0,7.8,71.0,0.3,7.842468631479169,10.74793850718724,2.5,2.6,0.734,14.9,Ukraine,0
2010,69.8,212.0,1.791759469228055,8.39,5.931405412123726,48.0,3.6888794541139363,58.5,1.9459101490553132,57.0,7.81,52.0,0.2,7.9950175205345,10.733740978314072,2.4,2.5,0.728,14.9,Ukraine,0
2011,75.0,24.0,1.791759469228055,8.48,6.031076458973453,21.0,7.195937226475569,59.0,1.791759469228055,54.0,6.98,5.0,0.2,8.180532972727503,10.731209331392293,2.4,2.5,0.734,14.9,Ukraine,0
2012,77.0,25.0,1.791759469228055,8.44,6.119820568352696,46.0,9.453051228782922,59.6,1.791759469228055,72.0,7.47,76.0,0.2,8.257494902874782,13.03010334117903,2.4,2.4,0.739,15.1,Ukraine,0
2013,71.0,198.0,1.6094379124341003,8.44,3.9782843394210405,46.0,0.0,6.1,1.791759469228055,72.0,7.67,76.0,0.2,6.065447872207868,13.027826298680337,2.3,2.4,0.744,15.2,Ukraine,0
2014,78.0,23.0,1.6094379124341003,8.06,1.8966972947649976,22.0,0.0,6.7,1.791759469228055,45.0,7.1,23.0,0.2,5.754660286742933,17.628198149191007,2.3,2.4,0.746,15.2,Ukraine,0
2015,71.3,195.0,1.6094379124341003,8.06,0.0,22.0,4.663439094112067,61.3,1.791759469228055,51.0,7.1,23.0,0.2,7.661838875569179,15.3230109783936,2.3,2.4,0.748,15.3,Ukraine,0
2000,74.2,17.0,0.6931471805599453,1.64,5.5757936281819225,92.0,4.248495242049359,54.1,0.6931471805599453,94.0,2.38,94.0,0.1,8.123340998628152,14.149783234468618,5.4,5.1,0.791,11.8,United Arab Emirates,0
2001,74.5,14.0,0.6931471805599453,1.67,5.500253268616838,92.0,3.4339872044851463,55.0,0.6931471805599453,94.0,2.48,94.0,0.1,8.059127413625122,14.149783234468618,5.3,5.1,0.798,12.0,United Arab Emirates,0
2002,74.7,11.0,0.6931471805599453,1.72,7.863206271028482,92.0,3.9889840465642745,56.0,0.6931471805599453,94.0,2.72,94.0,0.1,10.351768166320127,14.149783234468618,5.3,5.0,0.803,12.1,United Arab Emirates,0
2003,74.9,98.0,0.6931471805599453,1.74,5.628274976134983,92.0,3.7612001156935624,56.8,0.6931471805599453,94.0,2.65,94.0,0.1,8.109081538295266,14.149783234468618,5.2,5.0,0.808,12.3,United Arab Emirates,0
2004,75.1,95.0,0.6931471805599453,1.77,7.997477728193912,92.0,3.1354942159291497,57.0,0.6931471805599453,94.0,2.46,94.0,0.1,10.495768992452021,14.149783234468618,5.2,4.9,0.813,12.4,United Arab Emirates,0
2005,75.3,92.0,0.6931471805599453,1.79,8.139825721092846,92.0,3.4011973816621555,56.6,0.6931471805599453,94.0,2.32,94.0,0.1,10.582556591969158,14.149783234468618,5.1,4.9,0.818,12.6,United Arab Emirates,0
2006,75.4,89.0,0.6931471805599453,1.74,8.22976218531133,92.0,0.0,55.8,0.6931471805599453,94.0,2.33,92.0,0.1,10.65427187707646,14.149783234468618,5.1,4.9,0.823,12.8,United Arab Emirates,0
2007,75.6,87.0,0.6931471805599453,1.69,8.23229583165051,92.0,0.0,55.1,0.6931471805599453,94.0,2.57,92.0,0.1,10.661336051059648,14.149783234468618,5.1,4.9,0.826,12.9,United Arab Emirates,0
2008,75.8,85.0,0.6931471805599453,1.86,8.2952760372695,92.0,4.02535169073515,54.8,0.6931471805599453,94.0,2.93,92.0,0.1,10.731164651402855,14.149783234468618,5.1,4.9,0.829,13.1,United Arab Emirates,0
2009,76.0,84.0,0.6931471805599453,1.73,5.681544593013722,93.0,0.0,55.1,0.6931471805599453,94.0,4.5,93.0,0.1,8.123728342315154,14.149783234468618,5.1,4.9,0.831,13.2,United Arab Emirates,0
2010,76.2,82.0,0.6931471805599453,1.69,5.733555086401324,94.0,4.477336814478207,55.8,0.6931471805599453,94.0,3.93,94.0,0.1,8.17474466187838,14.149783234468618,5.1,4.9,0.826,13.3,United Arab Emirates,0
2011,76.3,81.0,0.6931471805599453,1.73,5.963000746957764,95.0,0.0,57.1,0.6931471805599453,95.0,3.7,95.0,0.1,8.403646571963312,14.149783234468618,5.1,4.9,0.824,13.3,United Arab Emirates,0
2012,76.5,8.0,0.6931471805599453,1.75,8.206519356321735,96.0,4.890349128221754,58.6,0.6931471805599453,96.0,3.45,96.0,0.1,10.648117356247303,14.149783234468618,5.1,5.0,0.826,13.3,United Arab Emirates,0
2013,76.7,78.0,0.6931471805599453,1.82,5.935425570816894,98.0,0.0,6.5,0.6931471805599453,98.0,3.49,98.0,0.1,8.374855751693245,14.149783234468618,5.2,5.0,0.829,13.3,United Arab Emirates,0
2014,76.9,77.0,0.6931471805599453,1.91,8.259376077571604,99.0,5.84354441703136,62.4,0.6931471805599453,99.0,3.64,99.0,0.1,10.70213696746133,14.149783234468618,5.2,5.0,0.832,13.3,United Arab Emirates,0
2015,77.1,75.0,0.6931471805599453,1.91,0.0,99.0,5.8522024797744745,64.2,0.6931471805599453,99.0,3.64,99.0,0.1,8.271994935732906,14.149783234468618,5.3,5.1,0.836,13.3,United Arab Emirates,0
2000,77.8,89.0,1.6094379124341003,10.59,0.0,94.0,4.653960350157523,57.5,1.791759469228055,91.0,6.94,91.0,0.1,9.515006681732851,13.970513160516582,0.7,0.5,0.862,15.8,United Kingdom of Great Britain and Northern Ireland,1
2001,78.0,88.0,1.6094379124341003,10.91,0.0,94.0,4.30406509320417,58.2,1.6094379124341003,91.0,7.31,91.0,0.1,9.515006681732851,13.970513160516582,0.7,0.5,0.862,15.8,United Kingdom of Great Britain and Northern Ireland,1
2002,78.2,87.0,1.6094379124341003,11.44,0.0,94.0,5.752572638825633,58.8,1.6094379124341003,91.0,7.57,91.0,0.1,9.515006681732851,13.970513160516582,0.7,0.5,0.862,15.8,United Kingdom of Great Britain and Northern Ireland,1
2003,78.3,86.0,1.6094379124341003,11.85,0.0,94.0,6.133398042996649,59.5,1.6094379124341003,91.0,7.81,91.0,0.1,9.515006681732851,13.970513160516582,0.7,0.5,0.862,15.8,United Kingdom of Great Britain and Northern Ireland,1
2004,78.8,83.0,1.6094379124341003,12.22,0.0,94.0,5.247024072160486,6.1,1.6094379124341003,92.0,7.98,92.0,0.1,9.515006681732851,13.970513160516582,0.7,0.5,0.862,15.8,United Kingdom of Great Britain and Northern Ireland,1
2005,79.0,82.0,1.6094379124341003,12.05,0.0,94.0,4.382026634673881,6.7,1.6094379124341003,91.0,8.24,91.0,0.1,9.515006681732851,13.970513160516582,0.7,0.5,0.862,15.8,United Kingdom of Great Britain and Northern Ireland,1
2006,79.3,82.0,1.6094379124341003,11.61,0.0,94.0,6.639875833826536,61.3,1.6094379124341003,92.0,8.36,92.0,0.1,9.515006681732851,13.970513160516582,0.7,0.5,0.862,15.8,United Kingdom of Great Britain and Northern Ireland,1
2007,79.5,8.0,1.6094379124341003,11.84,0.0,94.0,6.930494765951626,61.9,1.6094379124341003,92.0,8.42,92.0,0.1,9.515006681732851,13.970513160516582,0.7,0.5,0.862,15.8,United Kingdom of Great Britain and Northern Ireland,1
2008,79.6,8.0,1.6094379124341003,11.47,0.0,94.0,7.27655640271871,62.5,1.6094379124341003,92.0,8.85,92.0,0.1,9.515006681732851,13.970513160516582,0.8,0.5,0.862,15.8,United Kingdom of Great Britain and Northern Ireland,1
2009,81.0,78.0,1.6094379124341003,10.79,0.0,94.0,7.10085190894405,63.1,1.6094379124341003,93.0,9.81,93.0,0.1,9.515006681732851,13.970513160516582,0.8,0.5,0.862,15.8,United Kingdom of Great Britain and Northern Ireland,1
2010,82.0,77.0,1.3862943611198906,10.88,0.0,94.0,6.095824562432225,63.6,1.6094379124341003,94.0,9.51,94.0,0.1,9.515006681732851,13.970513160516582,0.8,0.5,0.862,15.8,United Kingdom of Great Britain and Northern Ireland,1
2011,86.0,74.0,1.3862943611198906,10.68,0.0,94.0,7.014814351275545,64.2,1.6094379124341003,95.0,9.34,95.0,0.1,9.515006681732851,13.970513160516582,0.8,0.5,0.862,15.8,United Kingdom of Great Britain and Northern Ireland,1
2012,86.0,72.0,1.3862943611198906,10.42,0.0,94.0,7.646353722445999,64.8,1.6094379124341003,95.0,9.41,95.0,0.1,9.515006681732851,13.970513160516582,0.8,0.5,0.862,15.8,United Kingdom of Great Britain and Northern Ireland,1
2013,87.0,72.0,1.3862943611198906,10.32,0.0,94.0,7.560080465021827,65.4,1.6094379124341003,95.0,9.34,95.0,0.1,9.515006681732851,13.970513160516582,0.8,0.5,0.862,15.8,United Kingdom of Great Britain and Northern Ireland,1
2014,81.0,71.0,1.3862943611198906,10.37,0.0,94.0,4.897839799950911,66.0,1.6094379124341003,95.0,9.12,95.0,0.1,9.515006681732851,13.970513160516582,0.8,0.5,0.862,15.8,United Kingdom of Great Britain and Northern Ireland,1
2015,81.2,69.0,1.3862943611198906,10.66,0.0,94.0,4.5217885770490405,66.6,1.6094379124341003,96.0,9.12,96.0,0.1,9.515006681732851,13.970513160516582,0.8,0.6,0.862,15.8,United Kingdom of Great Britain and Northern Ireland,1
2000,49.2,457.0,4.74493212836325,3.89,0.0,89.0,9.592195614445213,16.0,5.204006687076795,64.0,2.64,79.0,12.8,7.1137238128557545,14.149783234468618,8.3,8.3,0.631,11.7,United Republic of Tanzania,0
2001,49.6,46.0,4.709530201312334,4.09,0.0,89.0,9.379914355947635,16.4,5.159055299214529,65.0,3.28,87.0,12.5,7.1137238128557545,14.149783234468618,8.2,8.1,0.631,11.7,United Republic of Tanzania,0
2002,52.0,46.0,4.672828834461906,3.37,0.0,89.0,8.543250725735527,16.8,5.117993812416755,91.0,3.59,89.0,12.1,7.1137238128557545,14.149783234468618,8.0,8.0,0.631,11.7,United Republic of Tanzania,0
2003,58.0,459.0,4.6443908991413725,2.34,0.0,95.0,7.422971251049421,17.2,5.081404364984463,97.0,4.6,95.0,11.5,7.1137238128557545,14.149783234468618,7.9,7.9,0.631,11.7,United Republic of Tanzania,0
2004,51.5,454.0,4.61512051684126,3.81,0.0,95.0,7.258412150595307,17.7,5.043425116919247,95.0,4.1,95.0,10.8,7.1137238128557545,14.149783234468618,7.8,7.8,0.631,11.7,United Republic of Tanzania,0
2005,52.2,449.0,4.584967478670572,3.94,0.0,9.0,3.1780538303479458,18.1,5.0106352940962555,91.0,4.66,9.0,10.0,7.1137238128557545,14.149783234468618,7.7,7.6,0.631,11.7,United Republic of Tanzania,0
2006,53.1,437.0,4.574710978503383,4.07,0.0,9.0,7.767687277186908,18.6,4.983606621708336,91.0,6.86,9.0,9.4,7.1137238128557545,14.149783234468618,7.6,7.5,0.631,11.7,United Republic of Tanzania,0
2007,54.5,411.0,4.553876891600541,4.4,0.0,83.0,8.952475967933584,19.1,4.955827057601261,88.0,4.72,83.0,8.5,7.1137238128557545,14.149783234468618,7.5,7.4,0.631,11.7,United Republic of Tanzania,0
2008,56.2,376.0,4.532599493153256,3.44,0.0,86.0,8.135639903354386,19.6,4.9344739331306915,89.0,4.21,86.0,7.4,7.1137238128557545,14.149783234468618,7.3,7.3,0.631,11.7,United Republic of Tanzania,0
2009,56.9,368.0,4.5217885770490405,3.97,0.0,85.0,7.362010551259734,2.2,4.912654885736052,88.0,3.97,85.0,6.4,7.1137238128557545,14.149783234468618,7.2,7.2,0.631,11.7,United Republic of Tanzania,0
2010,57.5,36.0,4.499809670330265,4.19,0.0,91.0,5.123963979403259,2.7,4.882801922586371,94.0,5.3,91.0,4.6,7.1137238128557545,14.149783234468618,7.1,7.1,0.631,11.7,United Republic of Tanzania,0
2011,58.3,348.0,4.48863636973214,4.04,0.0,9.0,7.392031567514591,21.3,4.859812404361672,88.0,5.72,9.0,3.1,7.1137238128557545,14.149783234468618,7.0,6.9,0.631,11.7,United Republic of Tanzania,0
2012,58.6,348.0,4.477336814478207,3.98,0.0,92.0,7.419979923661835,21.9,4.844187086458591,9.0,5.72,92.0,2.4,7.1137238128557545,14.149783234468618,6.9,6.8,0.631,11.7,United Republic of Tanzania,0
2013,59.7,323.0,4.465908118654584,4.2,0.0,91.0,5.225746673713202,22.5,4.8283137373023015,91.0,5.57,91.0,2.1,7.1137238128557545,14.149783234468618,6.8,6.7,0.631,11.7,United Republic of Tanzania,0
2014,67.0,34.0,4.465908118654584,0.01,0.0,97.0,4.48863636973214,23.2,4.804021044733257,97.0,5.58,97.0,1.4,7.1137238128557545,14.149783234468618,6.8,6.6,0.631,11.7,United Republic of Tanzania,0
2015,61.8,279.0,4.454347296253507,0.01,0.0,98.0,3.4339872044851463,23.8,4.787491742782046,96.0,5.58,98.0,1.4,7.1137238128557545,14.149783234468618,6.7,6.5,0.631,11.7,United Republic of Tanzania,0
2000,76.8,114.0,3.367295829986474,8.21,0.0,9.0,4.454347296253507,6.1,3.5263605246161616,9.0,13.7,94.0,0.1,9.515006681732851,13.970513160516582,0.8,0.7,0.862,15.8,United States of America,1
2001,76.9,115.0,3.367295829986474,8.25,0.0,89.0,4.762173934797756,6.9,3.5263605246161616,89.0,13.73,94.0,0.1,9.515006681732851,13.970513160516582,0.8,0.6,0.862,15.8,United States of America,1
2002,77.0,115.0,3.367295829986474,8.33,0.0,88.0,3.7376696182833684,61.7,3.5263605246161616,9.0,14.55,94.0,0.1,9.515006681732851,13.970513160516582,0.8,0.6,0.862,15.8,United States of America,1
2003,77.2,114.0,3.367295829986474,8.4,0.0,92.0,4.04305126783455,62.4,3.5263605246161616,91.0,15.6,96.0,0.1,9.515006681732851,13.970513160516582,0.7,0.6,0.862,15.8,United States of America,1
2004,77.5,111.0,3.367295829986474,8.48,0.0,92.0,3.6375861597263857,63.1,3.5263605246161616,92.0,15.14,96.0,0.1,9.515006681732851,13.970513160516582,0.7,0.6,0.862,15.8,United States of America,1
2005,77.5,112.0,3.367295829986474,8.52,0.0,93.0,4.204692619390966,63.8,3.5263605246161616,92.0,15.15,96.0,0.1,9.515006681732851,13.970513160516582,0.7,0.6,0.862,15.8,United States of America,1
2006,77.8,113.0,3.367295829986474,8.63,0.0,93.0,4.02535169073515,64.4,3.5263605246161616,93.0,15.27,96.0,0.1,9.515006681732851,13.970513160516582,0.7,0.6,0.862,15.8,United States of America,1
2007,78.1,11.0,3.332204510175204,8.74,0.0,93.0,3.784189633918261,65.1,3.4965075614664802,93.0,15.57,96.0,0.1,9.515006681732851,13.970513160516582,0.7,0.6,0.862,15.8,United States of America,1
2008,78.2,18.0,3.332204510175204,8.74,0.0,94.0,4.948759890378168,65.7,3.4657359027997265,94.0,16.2,96.0,0.1,9.515006681732851,13.970513160516582,0.7,0.6,0.862,15.8,United States of America,1
2009,78.5,18.0,3.295836866004329,8.71,0.0,92.0,4.276666119016055,66.3,3.4657359027997265,93.0,17.0,95.0,0.1,9.515006681732851,13.970513160516582,0.7,0.6,0.862,15.8,United States of America,1
2010,78.7,15.0,3.258096538021482,8.55,0.0,92.0,4.1588830833596715,66.9,3.4339872044851463,93.0,17.2,95.0,0.1,9.515006681732851,13.970513160516582,0.7,0.6,0.862,15.8,United States of America,1
2011,78.7,16.0,3.258096538021482,8.67,0.0,91.0,5.3981627015177525,67.5,3.4011973816621555,94.0,17.6,96.0,0.1,9.515006681732851,13.970513160516582,0.7,0.6,0.862,15.8,United States of America,1
2012,78.8,16.0,3.2188758248682006,8.82,0.0,9.0,4.02535169073515,68.0,3.367295829986474,93.0,17.2,94.0,0.1,9.515006681732851,13.970513160516582,0.7,0.6,0.862,15.8,United States of America,1
2013,78.9,16.0,3.1780538303479458,8.82,0.0,91.0,5.236441962829949,68.6,3.332204510175204,93.0,16.9,94.0,0.1,9.515006681732851,13.970513160516582,0.7,0.6,0.862,15.8,United States of America,1
2014,79.1,14.0,3.1780538303479458,8.82,0.0,92.0,6.504288173536645,69.1,3.332204510175204,93.0,17.14,95.0,0.1,9.515006681732851,13.970513160516582,0.8,0.6,0.862,15.8,United States of America,1
2015,79.3,13.0,3.1780538303479458,8.82,0.0,92.0,5.241747015059643,69.6,3.295836866004329,93.0,17.14,95.0,0.1,9.515006681732851,13.970513160516582,0.8,0.6,0.862,15.8,United States of America,1
2000,75.1,131.0,0.6931471805599453,6.65,6.4722819672387475,92.0,0.0,55.0,0.6931471805599453,92.0,7.82,9.0,0.1,8.835341083334368,15.01585057168961,1.8,1.7,0.738,14.0,Uruguay,0
2001,75.2,123.0,0.6931471805599453,6.48,6.046143121937266,94.0,0.0,55.7,0.6931471805599453,94.0,7.46,94.0,0.1,8.745503765845143,12.71503854107314,1.8,1.7,0.742,14.2,Uruguay,0
2002,75.4,124.0,0.6931471805599453,5.86,3.3488090897379488,95.0,0.0,56.3,0.6931471805599453,93.0,7.18,95.0,0.1,6.1939335553178765,15.017814169963493,1.7,1.7,0.746,14.7,Uruguay,0
2003,75.4,121.0,0.6931471805599453,5.11,5.0866082799825705,91.0,0.0,57.0,0.6931471805599453,91.0,6.52,91.0,0.1,8.195201991827387,15.017172093364785,1.7,1.6,0.747,15.0,Uruguay,0
2004,75.4,122.0,0.6931471805599453,5.66,6.783728700161016,94.0,0.0,57.7,0.6931471805599453,95.0,11.59,94.0,0.1,8.32321723233577,12.714386116480952,1.7,1.6,0.75,15.5,Uruguay,0
2005,75.7,123.0,0.6931471805599453,6.35,5.0339926448895325,96.0,0.0,58.3,0.6931471805599453,96.0,11.15,96.0,0.1,6.261398389892916,15.017164575981964,1.6,1.6,0.753,15.5,Uruguay,0
2006,76.2,117.0,0.6931471805599453,6.58,7.446133133559414,95.0,0.0,58.9,0.6931471805599453,95.0,11.17,95.0,0.1,8.679120998835778,12.716330107923055,1.6,1.6,0.756,15.2,Uruguay,0
2007,75.4,124.0,0.6931471805599453,6.67,2.739100365790642,94.0,0.0,59.5,0.6931471805599453,94.0,8.23,94.0,0.1,4.390707100183294,15.021404116460314,1.6,1.5,0.76,15.3,Uruguay,0
2008,76.4,119.0,0.6931471805599453,6.76,3.24771291469915,94.0,0.0,6.1,0.6931471805599453,94.0,8.17,94.0,0.1,6.870377517110407,12.724345469931214,1.6,1.5,0.77,15.7,Uruguay,0
2009,76.6,118.0,0.0,6.67,7.53515604279224,95.0,0.0,6.7,0.6931471805599453,95.0,8.78,95.0,0.1,9.150184113085707,15.028271433823194,1.5,1.5,0.774,15.5,Uruguay,0
2010,76.3,118.0,0.0,6.21,7.7547099965025605,95.0,0.0,61.2,0.6931471805599453,95.0,8.63,95.0,0.1,9.387583388118802,15.031732830279095,1.5,1.5,0.777,15.6,Uruguay,0
2011,77.0,111.0,0.0,5.97,6.037660263129348,95.0,0.0,61.8,0.6931471805599453,95.0,8.55,95.0,0.1,9.558705873926957,15.0350490853943,1.5,1.5,0.78,15.5,Uruguay,0
2012,76.5,118.0,0.0,5.77,5.831058235343397,95.0,0.0,62.3,0.0,95.0,8.74,95.0,0.1,7.373802278582044,15.038337893226217,1.5,1.5,0.784,15.5,Uruguay,0
2013,76.8,117.0,0.0,5.82,6.181679751305154,94.0,0.0,62.9,0.0,94.0,8.68,94.0,0.1,9.734018455895807,8.156510226079966,1.5,1.4,0.788,15.5,Uruguay,0
2014,76.8,117.0,0.0,6.03,6.141262443231046,95.0,0.0,63.4,0.0,95.0,8.58,95.0,0.1,9.725490527660172,15.045018644125348,1.5,1.4,0.791,15.5,Uruguay,0
2015,77.0,116.0,0.0,6.03,0.0,95.0,0.0,64.0,0.0,95.0,8.58,95.0,0.1,9.65026117070779,15.04852348635216,1.5,1.4,0.794,15.5,Uruguay,0
2000,67.1,189.0,3.4339872044851463,1.6,3.9021629021863444,62.0,4.394449154672439,34.8,3.6109179126442243,99.0,5.29,99.0,0.1,6.326545001363575,10.112734998658226,3.4,3.4,0.0,10.6,Uzbekistan,0
2001,67.4,185.0,3.367295829986474,1.53,3.799164576765153,62.0,3.1354942159291497,35.3,3.5553480614894135,99.0,5.28,99.0,0.2,6.1262901780945995,14.730378678406467,3.4,3.3,0.594,10.7,Uzbekistan,0
2002,67.1,186.0,3.332204510175204,1.47,3.2578806447182,62.0,3.258096538021482,35.9,3.4965075614664802,99.0,5.44,99.0,0.2,5.951552294116136,14.742616988726907,3.3,3.3,0.6,11.0,Uzbekistan,0
2003,67.2,183.0,3.258096538021482,1.54,3.385113993593237,99.0,4.454347296253507,36.4,3.4339872044851463,99.0,5.17,98.0,0.3,5.9842636049445135,14.754253736593334,3.3,3.3,0.607,11.3,Uzbekistan,0
2004,67.8,183.0,3.2188758248682006,1.59,3.567244774986716,99.0,4.330733340286331,37.0,3.4011973816621555,99.0,5.11,99.0,0.3,6.144442869063653,14.76579142425721,3.2,3.2,0.613,11.6,Uzbekistan,0
2005,67.3,192.0,3.2188758248682006,1.78,3.7168209526226277,99.0,6.6039438246004725,37.5,3.367295829986474,99.0,5.11,99.0,0.3,6.305867999638236,10.17229256921822,3.2,3.2,0.62,11.7,Uzbekistan,0
2006,67.6,185.0,3.1780538303479458,1.96,4.360176157135504,98.0,6.714170529909472,38.1,3.332204510175204,94.0,5.49,96.0,0.4,6.485068481160168,14.789627080932629,3.2,3.2,0.626,11.8,Uzbekistan,0
2007,67.8,184.0,3.1354942159291497,2.15,2.3312681375999467,99.0,6.761572768804055,38.7,3.295836866004329,98.0,5.81,96.0,0.3,4.436478621386124,10.19872848469072,3.1,3.1,0.631,11.8,Uzbekistan,0
2008,67.9,184.0,3.1354942159291497,2.36,2.7007041011275663,91.0,1.0986122886681098,39.3,3.258096538021482,98.0,5.92,98.0,0.3,5.211049138393152,10.215703688424663,3.1,3.1,0.644,11.9,Uzbekistan,0
2009,68.0,183.0,3.091042453358316,2.56,4.541322600392908,98.0,0.0,4.0,3.2188758248682006,99.0,6.31,98.0,0.2,7.10189450457628,12.53420664403532,3.1,3.1,0.651,11.8,Uzbekistan,0
2010,68.3,183.0,3.044522437723423,2.73,4.791293800790582,99.0,4.770684624465665,4.7,3.1780538303479458,99.0,5.34,99.0,0.2,7.22898435526494,12.562435040630605,3.0,3.1,0.657,11.9,Uzbekistan,0
2011,68.5,183.0,2.995732273553991,2.83,4.953645301837303,99.0,6.1675164908883415,41.4,3.1354942159291497,99.0,5.65,99.0,0.1,7.35625876840971,12.58927510296435,3.0,3.1,0.664,12.0,Uzbekistan,0
2012,68.8,184.0,2.9444389791664403,0.01,2.874358841067427,99.0,0.0,42.2,3.091042453358316,99.0,6.49,99.0,0.1,5.167458388412242,12.603996053038308,3.0,3.1,0.673,12.0,Uzbekistan,0
2013,69.1,185.0,2.8903717578961645,0.01,3.0038229357006556,99.0,0.0,43.0,2.995732273553991,99.0,6.32,99.0,0.1,5.2910471675806425,10.386931701960881,3.0,3.1,0.681,12.0,Uzbekistan,0
2014,69.2,184.0,2.833213344056216,0.01,0.3665873362504609,99.0,2.1972245773362196,43.9,2.9444389791664403,99.0,5.84,99.0,0.1,3.2751961943136876,10.534174051753467,3.0,3.1,0.69,12.1,Uzbekistan,0
2015,69.4,184.0,2.772588722239781,0.01,0.0,99.0,3.1354942159291497,44.7,2.8903717578961645,99.0,5.84,99.0,0.1,7.6678958643604895,12.653926520130124,3.0,3.1,0.697,12.1,Uzbekistan,0
2000,69.0,18.0,0.0,1.21,3.1311697624223123,7.0,2.302585092994046,41.1,0.0,67.0,3.28,71.0,0.1,7.2935951653768205,9.828979500361067,1.7,1.7,0.0,9.6,Vanuatu,0
2001,69.1,179.0,0.0,0.91,5.100508246204954,68.0,2.0794415416798357,41.9,0.0,67.0,3.37,7.0,0.1,7.2178962345216915,9.848503244203368,1.7,1.6,0.0,10.1,Vanuatu,0
2002,69.3,176.0,0.0,1.24,5.14829276913984,66.0,4.624972813284271,42.6,0.0,67.0,3.52,7.0,0.1,7.211508628097723,12.175391763993051,1.7,1.6,0.0,10.2,Vanuatu,0
2003,69.4,173.0,0.0,1.2,3.3428049383680247,64.0,5.111987788356544,43.3,0.0,67.0,4.2,69.0,0.1,5.072214691342083,12.20088420884105,1.6,1.6,0.0,10.4,Vanuatu,0
2004,69.6,169.0,0.0,0.85,5.814629921437672,63.0,0.0,44.1,0.0,67.0,4.12,69.0,0.1,7.48938258614802,10.09179118100763,1.6,1.5,0.0,10.7,Vanuatu,0
2005,69.9,165.0,0.0,0.88,5.823916181171588,61.0,1.3862943611198906,44.9,0.0,67.0,3.87,68.0,0.1,7.542973174009825,7.9854843567338225,1.6,1.5,0.0,10.6,Vanuatu,0
2006,71.0,161.0,0.0,1.0,3.7886751876272764,59.0,0.0,45.7,0.0,67.0,3.96,68.0,0.1,5.517365462923632,12.276694190008945,1.6,1.5,0.572,10.6,Vanuatu,0
2007,73.0,157.0,0.0,1.01,5.839160490056233,6.0,0.0,46.6,0.0,67.0,3.67,67.0,0.1,7.780874284961572,12.301173712562855,1.6,1.5,0.579,10.7,Vanuatu,0
2008,75.0,153.0,0.0,1.18,5.8474182258749705,61.0,0.0,47.4,0.0,66.0,3.66,67.0,0.1,7.90062230205973,10.02282493512475,1.5,1.5,0.582,10.7,Vanuatu,0
2009,78.0,149.0,0.0,0.83,5.891904118378628,62.0,0.0,48.2,0.0,66.0,3.9,66.0,0.1,7.8802151397596685,10.076852451287191,1.5,1.5,0.589,10.7,Vanuatu,0
2010,71.0,145.0,0.0,0.91,6.1588049710606025,62.0,0.0,49.1,0.0,66.0,4.71,65.0,0.1,7.995247413954407,12.372840535397362,1.5,1.4,0.59,10.8,Vanuatu,0
2011,71.2,141.0,0.0,0.85,6.128991764343913,63.0,0.0,49.9,0.0,65.0,3.85,65.0,0.1,8.094658271507729,12.396163939588488,1.5,1.4,0.591,10.8,Vanuatu,0
2012,71.4,138.0,0.0,0.01,6.061430163791547,64.0,0.0,5.8,0.0,65.0,3.7,64.0,0.1,8.058196563857285,12.419109293734419,1.5,1.4,0.592,10.8,Vanuatu,0
2013,71.6,135.0,0.0,0.01,6.106010448895624,64.0,0.0,51.7,0.0,65.0,3.92,64.0,0.1,8.060964194024066,12.441709825425777,1.5,1.4,0.591,10.8,Vanuatu,0
2014,71.7,134.0,0.0,0.01,6.338270181761461,64.0,2.3978952727983707,52.5,0.0,65.0,5.2,64.0,0.1,8.054956165474803,10.161457561002383,1.5,1.4,0.596,10.8,Vanuatu,0
2015,72.0,13.0,0.0,0.01,0.0,64.0,3.6888794541139363,53.3,0.0,65.0,5.2,64.0,0.1,5.65890413929795,10.183540597823418,1.5,1.4,0.598,10.8,Vanuatu,0
2000,72.5,168.0,2.4849066497880004,8.01,0.0,5.0,3.1354942159291497,53.4,2.6390573296152584,86.0,4.91,77.0,0.1,7.1137238128557545,14.149783234468618,1.8,1.7,0.67,10.6,Venezuela (Bolivarian Republic of),0
2001,72.5,169.0,2.3978952727983707,8.05,0.0,53.0,4.7535901911063645,54.1,2.5649493574615367,87.0,5.21,7.0,0.1,7.1137238128557545,14.149783234468618,1.8,1.7,0.672,10.4,Venezuela (Bolivarian Republic of),0
2002,73.1,167.0,2.3978952727983707,6.89,0.0,6.0,7.780303087908373,54.7,2.5649493574615367,81.0,4.93,65.0,0.1,7.1137238128557545,14.149783234468618,1.7,1.7,0.684,11.0,Venezuela (Bolivarian Republic of),0
2003,72.4,172.0,2.3978952727983707,6.3,0.0,72.0,0.0,55.3,2.5649493574615367,86.0,4.93,68.0,0.1,7.1137238128557545,14.149783234468618,1.7,1.6,0.688,11.6,Venezuela (Bolivarian Republic of),0
2004,73.3,161.0,2.3978952727983707,7.55,0.0,82.0,0.0,55.9,2.4849066497880004,83.0,4.78,86.0,0.1,7.1137238128557545,14.149783234468618,1.7,1.6,0.687,11.6,Venezuela (Bolivarian Republic of),0
2005,73.6,158.0,2.302585092994046,7.92,0.0,88.0,0.0,56.5,2.4849066497880004,8.0,4.69,87.0,0.1,7.1137238128557545,14.149783234468618,1.7,1.6,0.7,11.8,Venezuela (Bolivarian Republic of),0
2006,73.6,163.0,2.302585092994046,8.27,0.0,71.0,4.3694478524670215,57.1,2.4849066497880004,73.0,4.85,71.0,0.1,7.1137238128557545,14.149783234468618,1.6,1.6,0.714,12.4,Venezuela (Bolivarian Republic of),0
2007,73.4,165.0,2.302585092994046,8.7,0.0,62.0,3.4965075614664802,57.6,2.3978952727983707,67.0,5.25,62.0,0.1,7.1137238128557545,14.149783234468618,1.6,1.5,0.728,12.9,Venezuela (Bolivarian Republic of),0
2008,73.2,168.0,2.302585092994046,8.18,0.0,53.0,0.0,58.2,2.3978952727983707,76.0,3.98,5.0,0.1,7.1137238128557545,14.149783234468618,1.6,1.5,0.745,13.4,Venezuela (Bolivarian Republic of),0
2009,73.6,166.0,2.302585092994046,7.59,0.0,84.0,0.0,58.8,2.3978952727983707,75.0,5.81,84.0,0.1,7.1137238128557545,14.149783234468618,1.6,1.5,0.754,14.0,Venezuela (Bolivarian Republic of),0
2010,73.7,158.0,2.302585092994046,7.22,0.0,78.0,0.0,59.3,2.3978952727983707,74.0,5.4,78.0,0.1,7.1137238128557545,14.149783234468618,1.6,1.5,0.754,14.0,Venezuela (Bolivarian Republic of),0
2011,73.8,158.0,2.302585092994046,6.74,0.0,78.0,0.0,59.9,2.3978952727983707,78.0,5.24,78.0,0.1,7.1137238128557545,14.149783234468618,1.6,1.5,0.756,14.1,Venezuela (Bolivarian Republic of),0
2012,73.7,161.0,2.302585092994046,6.7,0.0,81.0,0.6931471805599453,6.4,2.3978952727983707,73.0,4.8,81.0,0.1,7.1137238128557545,14.149783234468618,1.6,1.5,0.767,14.1,Venezuela (Bolivarian Republic of),0
2013,73.8,159.0,2.302585092994046,6.71,0.0,82.0,0.0,61.0,2.3978952727983707,82.0,4.94,82.0,0.1,7.1137238128557545,14.149783234468618,1.6,1.5,0.77,14.2,Venezuela (Bolivarian Republic of),0
2014,73.9,158.0,2.302585092994046,6.47,0.0,78.0,0.0,61.5,2.3978952727983707,79.0,5.26,78.0,0.1,7.1137238128557545,14.149783234468618,1.6,1.5,0.771,14.2,Venezuela (Bolivarian Republic of),0
2015,74.1,157.0,2.302585092994046,6.47,0.0,87.0,0.0,62.1,2.3978952727983707,87.0,5.26,87.0,0.1,7.1137238128557545,14.149783234468618,1.6,1.5,0.769,14.3,Venezuela (Bolivarian Republic of),0
2000,73.4,139.0,3.5263605246161616,1.6,0.0,78.0,9.711903228462988,9.2,3.784189633918261,96.0,4.89,96.0,0.1,7.1137238128557545,14.149783234468618,15.8,16.4,0.569,10.4,Viet Nam,0
2001,73.6,138.0,3.4965075614664802,1.84,0.0,78.0,9.397566548103592,9.6,3.7376696182833684,96.0,5.17,96.0,0.1,7.1137238128557545,14.149783234468618,15.7,16.4,0.576,10.6,Viet Nam,0
2002,73.8,137.0,3.4339872044851463,2.03,0.0,78.0,8.81818627792769,1.0,3.6888794541139363,92.0,4.7,75.0,0.2,7.1137238128557545,14.149783234468618,15.6,16.3,0.584,10.7,Viet Nam,0
2003,74.0,137.0,3.4339872044851463,2.19,0.0,78.0,7.739794458408701,1.4,3.6375861597263857,96.0,4.84,99.0,0.2,7.1137238128557545,14.149783234468618,15.6,16.2,0.592,10.9,Viet Nam,0
2004,74.2,136.0,3.4011973816621555,2.86,0.0,94.0,5.384495062789089,1.9,3.6109179126442243,96.0,5.9,96.0,0.2,7.1137238128557545,14.149783234468618,15.4,16.1,0.601,11.0,Viet Nam,0
2005,74.4,136.0,3.4011973816621555,2.7,0.0,94.0,6.018593214496234,11.3,3.6109179126442243,94.0,5.38,95.0,0.2,7.1137238128557545,14.149783234468618,15.3,16.0,0.609,11.1,Viet Nam,0
2006,74.6,136.0,3.367295829986474,2.56,0.0,93.0,7.590346945602565,11.8,3.58351893845611,94.0,5.56,94.0,0.2,7.1137238128557545,14.149783234468618,15.1,15.9,0.618,11.3,Viet Nam,0
2007,74.7,136.0,3.367295829986474,3.01,0.0,67.0,2.8903717578961645,12.3,3.58351893845611,92.0,6.9,92.0,0.2,7.1137238128557545,14.149783234468618,14.9,15.8,0.625,11.4,Viet Nam,0
2008,74.9,135.0,3.367295829986474,3.58,0.0,87.0,5.8664680569332965,12.9,3.58351893845611,93.0,5.53,93.0,0.2,7.1137238128557545,14.149783234468618,14.7,15.7,0.633,11.6,Viet Nam,0
2009,75.0,134.0,3.4011973816621555,3.86,0.0,94.0,8.792245847467877,13.4,3.58351893845611,97.0,6.4,96.0,0.1,7.1137238128557545,14.149783234468618,14.6,15.5,0.641,11.7,Viet Nam,0
2010,75.2,133.0,3.4011973816621555,3.93,0.0,88.0,7.940939762327791,14.0,3.58351893845611,94.0,6.36,93.0,0.1,7.1137238128557545,14.149783234468618,14.5,15.4,0.647,11.9,Viet Nam,0
2011,75.4,131.0,3.4011973816621555,3.94,0.0,95.0,6.621405651764134,14.7,3.6109179126442243,96.0,6.2,95.0,0.1,7.1137238128557545,14.149783234468618,14.4,15.2,0.655,12.0,Viet Nam,0
2012,75.6,13.0,3.4011973816621555,4.12,0.0,97.0,6.361302477572996,15.3,3.6109179126442243,97.0,6.96,97.0,0.1,7.1137238128557545,14.149783234468618,14.4,15.0,0.662,12.2,Viet Nam,0
2013,75.7,129.0,3.367295829986474,4.0,0.0,59.0,7.024649030453636,16.0,3.58351893845611,93.0,7.17,59.0,0.1,7.1137238128557545,14.149783234468618,14.3,14.9,0.668,12.3,Viet Nam,0
2014,75.9,128.0,3.367295829986474,4.09,0.0,95.0,9.618069581737414,16.7,3.58351893845611,96.0,7.7,95.0,0.1,7.1137238128557545,14.149783234468618,14.3,14.7,0.675,12.5,Viet Nam,0
2015,76.0,127.0,3.367295829986474,4.09,0.0,97.0,5.54907608489522,17.5,3.58351893845611,97.0,7.7,97.0,0.1,7.1137238128557545,14.149783234468618,14.2,14.5,0.678,12.6,Viet Nam,0
2000,68.0,252.0,3.8918202981106265,0.07,0.0,14.0,0.0,31.2,4.204692619390966,74.0,4.14,74.0,0.1,7.1137238128557545,14.149783234468618,14.1,14.1,0.436,7.7,Yemen,0
2001,61.1,251.0,3.8501476017100584,0.08,0.0,19.0,6.186208623900494,31.7,4.1588830833596715,73.0,4.34,73.0,0.1,7.1137238128557545,14.149783234468618,14.0,14.0,0.444,7.9,Yemen,0
2002,61.5,25.0,3.828641396489095,0.07,0.0,31.0,6.792344427470809,32.2,4.127134385045092,64.0,4.22,65.0,0.1,7.1137238128557545,14.149783234468618,14.0,14.0,0.45,8.0,Yemen,0
2003,61.9,249.0,3.784189633918261,0.04,0.0,38.0,9.052164937010307,32.7,4.07753744390572,61.0,5.0,61.0,0.1,7.1137238128557545,14.149783234468618,14.0,13.9,0.457,8.2,Yemen,0
2004,62.2,247.0,3.7612001156935624,0.06,0.0,43.0,9.450065682882071,33.3,4.04305126783455,72.0,4.9,72.0,0.1,7.1137238128557545,14.149783234468618,13.9,13.9,0.464,8.4,Yemen,0
2005,62.6,245.0,3.713572066704308,0.04,0.0,8.0,8.746080217357513,33.9,3.9889840465642745,8.0,4.58,79.0,0.1,7.1137238128557545,14.149783234468618,13.9,13.8,0.47,8.6,Yemen,0
2006,63.0,242.0,3.6888794541139363,0.04,0.0,78.0,8.997147151515142,34.5,3.9512437185814275,78.0,4.82,78.0,0.1,7.1137238128557545,14.149783234468618,13.9,13.8,0.475,8.7,Yemen,0
2007,63.4,24.0,3.6635616461296463,0.05,0.0,79.0,2.6390573296152584,35.1,3.912023005428146,79.0,4.92,79.0,0.1,7.1137238128557545,14.149783234468618,13.8,13.8,0.477,8.6,Yemen,0
2008,63.8,238.0,3.6375861597263857,0.04,0.0,78.0,2.0794415416798357,35.7,3.871201010907891,78.0,5.12,78.0,0.1,7.1137238128557545,14.149783234468618,13.8,13.7,0.48,8.5,Yemen,0
2009,64.1,235.0,3.6109179126442243,0.03,0.0,76.0,4.875197323201151,36.4,3.8501476017100584,76.0,5.32,76.0,0.1,7.1137238128557545,14.149783234468618,13.8,13.7,0.483,8.4,Yemen,0
2010,64.4,233.0,3.58351893845611,0.06,0.0,76.0,6.236369590203704,37.2,3.828641396489095,77.0,5.17,76.0,0.1,7.1137238128557545,14.149783234468618,13.7,13.7,0.488,8.5,Yemen,0
2011,64.6,234.0,3.58351893845611,0.04,0.0,69.0,7.892452043520352,37.9,3.828641396489095,69.0,5.4,69.0,0.1,7.1137238128557545,14.149783234468618,13.7,13.6,0.493,8.6,Yemen,0
2012,64.7,236.0,3.6109179126442243,0.04,0.0,67.0,7.686162303492906,38.7,3.8501476017100584,68.0,5.73,67.0,0.1,7.1137238128557545,14.149783234468618,13.7,13.6,0.494,9.0,Yemen,0
2013,65.4,226.0,3.6109179126442243,0.04,0.0,73.0,5.993961427306569,39.6,3.8501476017100584,67.0,5.78,73.0,0.1,7.1137238128557545,14.149783234468618,13.7,13.5,0.498,9.0,Yemen,0
2014,65.4,228.0,3.6375861597263857,0.01,0.0,73.0,6.704414354964107,4.4,3.871201010907891,67.0,5.64,73.0,0.1,7.1137238128557545,14.149783234468618,13.7,13.5,0.5,9.0,Yemen,0
2015,65.7,224.0,3.6375861597263857,0.01,0.0,69.0,6.150602768446279,41.3,3.871201010907891,63.0,5.64,69.0,0.1,7.1137238128557545,14.149783234468618,13.6,13.4,0.499,9.0,Yemen,0
2000,43.8,614.0,3.8066624897703196,2.62,3.841962715452725,82.0,10.339514196226636,16.8,4.290459441148391,85.0,7.16,85.0,18.7,5.837601065618666,14.241576667393703,7.5,7.5,0.418,9.6,Zambia,0
2001,44.6,611.0,3.784189633918261,2.61,3.8676587994695746,82.0,9.740850969058572,17.1,4.2626798770413155,86.0,6.56,85.0,18.6,5.938257907125827,14.416611526177942,7.4,7.4,0.424,9.8,Zambia,0
2002,45.5,69.0,3.7376696182833684,2.44,4.008123426909252,82.0,10.128110009729737,17.3,4.204692619390966,85.0,6.93,84.0,18.4,5.935251919988384,11.619535200028487,7.4,7.3,0.433,10.0,Zambia,0
2003,46.4,64.0,3.6888794541139363,2.33,4.201552980056529,82.0,6.782192056006791,17.6,4.143134726391533,85.0,8.18,83.0,18.2,6.064153381368844,16.251050564950962,7.3,7.2,0.443,10.2,Zambia,0
2004,47.9,578.0,3.6109179126442243,2.46,2.2374972507672677,82.0,3.58351893845611,18.0,4.0943445622221,84.0,7.33,83.0,17.6,3.9941046490583134,16.277809143896388,7.2,7.1,0.456,10.5,Zambia,0
2005,49.3,554.0,3.5553480614894135,2.33,4.811202825048604,82.0,3.828641396489095,18.4,4.02535169073515,84.0,7.56,82.0,17.0,6.540045122438784,14.04037822214136,7.1,7.0,0.467,10.7,Zambia,0
2006,58.0,526.0,3.5263605246161616,2.25,1.050822932173564,81.0,6.131226489483141,18.8,3.970291913552122,83.0,6.11,81.0,15.9,2.6500113291845437,16.331871219421842,7.0,6.9,0.479,10.9,Zambia,0
2007,52.6,487.0,3.4965075614664802,2.08,2.4724529382404916,8.0,6.284134161070802,19.2,3.9512437185814275,77.0,4.37,8.0,13.6,4.750032014850399,16.35915573829078,6.9,6.8,0.492,11.1,Zambia,0
2008,55.7,45.0,3.4657359027997265,2.12,5.041347963710058,87.0,4.948759890378168,19.7,3.912023005428146,9.0,4.87,87.0,11.9,7.223064062660957,14.139417032185369,6.8,6.7,0.504,11.4,Zambia,0
2009,57.4,368.0,3.4339872044851463,2.3,4.975836010614416,94.0,3.295836866004329,2.2,3.871201010907891,93.0,4.73,94.0,9.1,7.038882071621997,16.41496672492166,6.7,6.6,0.518,11.6,Zambia,0
2010,58.0,363.0,3.4339872044851463,2.47,5.222326369846636,83.0,9.664913054191375,2.7,3.828641396489095,8.0,4.41,83.0,6.8,7.289073567078059,11.838871061847058,6.7,6.5,0.533,11.8,Zambia,0
2011,58.2,366.0,3.4011973816621555,2.57,5.21518664732918,81.0,9.490620114661201,21.2,3.8066624897703196,83.0,4.26,81.0,6.3,7.405872292569677,16.47330250778433,6.6,6.4,0.543,12.0,Zambia,0
2012,59.2,349.0,3.4011973816621555,2.59,5.28783890673932,78.0,6.799055862058796,21.7,3.784189633918261,7.0,4.91,78.0,5.6,7.459302097308238,16.503353834052994,6.5,6.3,0.554,12.3,Zambia,0
2013,63.0,328.0,3.4011973816621555,2.41,3.073760469614736,79.0,3.58351893845611,22.3,3.7612001156935624,74.0,4.99,79.0,4.8,5.2300029737709135,14.23113851559604,6.4,6.2,0.565,12.5,Zambia,0
2014,61.1,314.0,3.367295829986474,0.01,5.2865867147035015,86.0,2.302585092994046,22.8,3.7376696182833684,78.0,4.99,86.0,4.3,7.4615726887673235,14.262101614394057,6.3,6.2,0.57,12.5,Zambia,0
2015,61.8,33.0,3.332204510175204,0.01,0.0,9.0,2.302585092994046,23.4,3.713572066704308,9.0,4.99,9.0,4.1,7.181508021698801,11.992805164886171,6.3,6.1,0.576,12.5,Zambia,0
2000,46.0,665.0,3.2188758248682006,1.68,0.0,79.0,7.302496423727326,25.5,3.6888794541139363,78.0,7.1,78.0,43.5,6.3069299603763165,16.318768782781138,11.0,11.2,0.434,9.8,Zimbabwe,0
2001,45.3,686.0,3.258096538021482,1.72,0.0,76.0,6.272877006546167,25.9,3.6888794541139363,76.0,6.16,75.0,42.1,6.3091676547610165,16.330474752914807,1.6,1.7,0.427,9.8,Zimbabwe,0
2002,44.8,73.0,3.258096538021482,4.43,0.0,73.0,5.720311776607412,26.3,3.713572066704308,73.0,6.53,71.0,39.8,4.066430909313317,11.740268187411703,1.2,1.3,0.427,10.0,Zimbabwe,0
2003,44.5,715.0,3.295836866004329,4.06,0.0,7.0,6.906754778648554,26.7,3.7376696182833684,7.0,6.52,68.0,36.7,6.118870368671413,16.351894076955602,9.8,9.9,0.418,9.5,Zimbabwe,0
2004,44.3,723.0,3.332204510175204,4.36,0.0,68.0,3.4657359027997265,27.1,3.7612001156935624,67.0,7.13,65.0,33.6,6.12110292740892,16.363197308774982,9.4,9.4,0.407,9.2,Zimbabwe,0
2005,44.6,717.0,3.367295829986474,4.14,2.2739189882794713,65.0,6.042632833682381,27.5,3.784189633918261,69.0,6.44,68.0,30.3,6.099793589826264,11.77091865171998,9.0,9.0,0.406,9.3,Zimbabwe,0
2006,45.4,7.0,3.367295829986474,4.57,3.562810682735608,68.0,5.3612921657094255,27.9,3.828641396489095,71.0,5.12,7.0,26.8,6.03019531333379,16.389973593458105,8.6,8.6,0.408,9.5,Zimbabwe,0
2007,46.6,67.0,3.4011973816621555,3.88,3.427987502536703,72.0,5.493061443340548,28.2,3.8501476017100584,73.0,4.47,73.0,23.7,5.986447524369876,14.102942599160846,8.2,8.2,0.414,9.6,Zimbabwe,0
2008,48.2,632.0,3.4339872044851463,3.56,3.083900128939619,75.0,0.0,28.6,3.8501476017100584,75.0,4.96,75.0,20.5,5.7889767302914805,16.422522002252123,7.8,7.8,0.421,9.7,Zimbabwe,0
2009,50.0,587.0,3.4339872044851463,4.64,0.7129601568221822,73.0,6.74993119378857,29.0,3.828641396489095,69.0,6.26,73.0,18.1,4.202064108178651,14.138752805814606,7.5,7.4,0.419,9.9,Zimbabwe,0
2010,52.4,527.0,3.4011973816621555,5.21,3.9946822404219526,9.0,9.179571838304547,29.4,3.8066624897703196,89.0,5.37,89.0,15.7,6.571772790414766,14.211812478673894,7.1,7.0,0.436,10.0,Zimbabwe,0
2011,54.9,464.0,3.367295829986474,6.0,4.170541891125255,94.0,0.0,29.9,3.7612001156935624,93.0,6.31,93.0,13.3,6.73450596783537,16.481811251205354,6.8,6.7,0.452,10.1,Zimbabwe,0
2012,56.6,429.0,3.295836866004329,6.09,4.539055344283134,97.0,0.0,3.3,3.6888794541139363,95.0,6.69,95.0,8.8,6.86343599481747,14.202015044190187,6.5,6.4,0.464,9.8,Zimbabwe,0
2013,58.0,399.0,3.258096538021482,6.39,2.456739253958102,95.0,0.0,3.8,3.6109179126442243,95.0,6.88,95.0,6.8,4.720527134406674,11.954124445029503,6.2,6.0,0.488,10.4,Zimbabwe,0
2014,59.2,371.0,3.1780538303479458,6.5,2.470012551329202,91.0,0.0,31.3,3.5553480614894135,92.0,6.44,91.0,6.3,4.855731375100033,16.5506359619274,5.9,5.7,0.498,10.3,Zimbabwe,0
2015,67.0,336.0,3.1354942159291497,6.5,0.0,87.0,0.0,31.8,3.4965075614664802,88.0,6.44,87.0,6.2,4.784937065704918,16.574092390128822,5.6,5.5,0.507,10.3,Zimbabwe,0
